chrom;pos;ref;alt
11;108227550;A;G
11;108227551;T;C
11;108227551;TATATAC;T
11;108227552;A;C
11;108227552;A;G
11;108227553;T;A
11;108227556;A;G
11;108227557;C;T
11;108227558;A;G
11;108227560;A;G
11;108227561;T;C
11;108227562;A;G
11;108227563;CA;C
11;108227563;C;CAT
11;108227563;C;T
11;108227564;A;T
11;108227564;A;G
11;108227565;T;C
11;108227567;T;C
11;108227568;ATATACC;A
11;108227570;A;G
11;108227571;T;C
11;108227573;C;T
11;108227574;C;T
11;108227576;A;G
11;108227576;ATATG;A
11;108227576;A;C
11;108227577;T;A
11;108227577;T;C
11;108227578;A;G
11;108227580;G;A
11;108227582;AT;A
11;108227582;A;AT
11;108227590;T;A
11;108227590;TACAG;T
11;108227591;A;G
11;108227592;C;T
11;108227595;A;G
11;108227596;C;T
11;108227597;A;G
11;108227599;T;C
11;108227600;G;T
11;108227600;G;A
11;108227601;A;G
11;108227602;TG;T
11;108227603;G;A
11;108227606;T;C
11;108227607;G;A
11;108227607;G;C
11;108227610;C;T
11;108227611;T;C
11;108227613;A;G
11;108227617;T;G
11;108227618;G;T
11;108227618;G;A
11;108227622;A;G
11;108227623;C;T
11;108227625;A;T
11;108227625;A;G
11;108227626;T;C
11;108227627;G;A
11;108227628;A;G
11;108227629;G;A
11;108227630;T;G
11;108227631;C;T
11;108227631;CT;C
11;108227633;A;C
11;108227634;G;T
11;108227634;G;A
11;108227636;A;G
11;108227636;AC;A
11;108227637;C;CT
11;108227639;T;G
11;108227640;AATG;A
11;108227645;T;G
11;108227648;G;A
11;108227650;T;G
11;108227653;T;C
11;108227661;C;T
11;108227662;G;A
11;108227663;TCAACTAGAA;T
11;108227664;C;A
11;108227665;A;G
11;108227666;A;G
11;108227666;AC;A
11;108227672;A;G
11;108227673;C;A
11;108227673;CAT;C
11;108227674;A;G
11;108227675;T;C
11;108227682;G;C
11;108227685;A;G
11;108227686;C;T
11;108227687;A;G
11;108227688;G;C
11;108227689;A;T
11;108227690;A;G
11;108227691;C;T
11;108227692;GAA;G
11;108227692;G;A
11;108227693;A;G
11;108227694;A;T
11;108227697;G;A
11;108227697;G;T
11;108227698;TA;T
11;108227700;G;A
11;108227701;T;C
11;108227703;A;T
11;108227707;A;G
11;108227708;C;T
11;108227709;T;G
11;108227713;A;G
11;108227714;T;A
11;108227716;C;T
11;108227716;C;G
11;108227718;A;T
11;108227718;A;G
11;108227719;T;C
11;108227723;T;A
11;108227724;C;T
11;108227727;T;C
11;108227727;T;G
11;108227728;G;A
11;108227730;AAT;A
11;108227732;TAA;T
11;108227737;G;A
11;108227738;T;C
11;108227738;T;G
11;108227740;A;G
11;108227743;A;G
11;108227744;G;C
11;108227744;G;A
11;108227745;T;C
11;108227747;A;G
11;108227748;C;T
11;108227749;C;A
11;108227750;CATT;C
11;108227751;A;G
11;108227751;A;T
11;108227751;A;C
11;108227761;C;A
11;108227762;C;G
11;108227767;TATTTTC;T
11;108227770;T;A
11;108227772;T;G
11;108227773;C;T
11;108227773;C;G
11;108227777;A;G
11;108227779;G;C
11;108227781;A;T
11;108227782;G;A
11;108227787;G;T
11;108227789;A;C
11;108227789;A;G
11;108227792;T;C
11;108227792;T;G
11;108227794;A;G
11;108227795;A;C
11;108227796;G;C
11;108227797;C;A
11;108227797;C;T
11;108227798;G;T
11;108227798;G;A
11;108227799;C;T
11;108227800;C;T
11;108227806;C;A
11;108227806;C;T
11;108227807;G;A
11;108227810;A;G
11;108227818;A;G
11;108227819;C;A
11;108227821;A;G
11;108227824;A;G
11;108227827;C;CATCT
11;108227828;A;G
11;108227829;T;C
11;108227830;C;G
11;108227832;A;G
11;108227834;A;G
11;108227834;A;T
11;108227836;C;T
11;108227836;C;A
11;108227837;G;A
11;108227838;G;T
11;108227838;GCATT;G
11;108227838;G;C
11;108227841;T;C
11;108227843;C;G
11;108227846;A;T
11;108227847;T;C
11;108227849;C;T
11;108227849;C;G
11;108227850;C;T
11;108227852;A;G
11;108227854;C;T
11;108227856;A;G
11;108227859;A;C
11;108227859;A;G
11;108227860;A;G
11;108227865;T;C
11;108227868;G;C
11;108227870;A;C
11;108227871;T;G
11;108227873;G;A
11;108227875;G;T
11;108227876;A;G
11;108227878;G;T
11;108227879;C;T
11;108227882;T;C
11;108227883;T;G
11;108227885;T;C
11;108227887;A;G
11;108227889;G;A
11;108227891;A;G
11;108227892;T;A
11;108227893;T;C
11;108227895;T;C
11;108227896;A;G
11;108227898;T;C
11;108227901;A;G
11;108227904;T;C
11;108227906;A;G
11;108227911;A;G
11;108227912;C;G
11;108227913;T;C
11;108227913;T;A
11;108227916;C;A
11;108227916;C;G
11;108227917;T;C
11;108227918;T;C
11;108227919;T;C
11;108227920;AT;A
11;108227923;T;C
11;108227928;C;G
11;108227928;C;T
11;108227929;T;C
11;108227931;T;C
11;108227933;A;G
11;108227935;A;G
11;108227941;TTC;T
11;108227944;T;C
11;108227944;T;G
11;108227945;G;A
11;108227945;G;C
11;108227948;G;C
11;108227948;G;A
11;108227948;G;T
11;108227952;T;C
11;108227953;ATTAC;A
11;108227954;T;A
11;108227954;T;C
11;108227955;T;C
11;108227956;A;G
11;108227957;C;A
11;108227958;T;C
11;108227958;TTTTG;T
11;108227961;T;C
11;108229103;G;T
11;108229104;C;CA
11;108229105;A;G
11;108229108;A;C
11;108229108;A;G
11;108229111;A;G
11;108229112;G;C
11;108229114;T;G
11;108229115;T;A
11;108229117;T;G
11;108229120;AATT;A
11;108229121;A;G
11;108229122;T;C
11;108229123;T;C
11;108229125;T;C
11;108229126;T;C
11;108229127;A;C
11;108229127;A;G
11;108229128;T;A
11;108229128;T;C
11;108229129;A;T
11;108229129;A;G
11;108229130;ATT;A
11;108229132;T;A
11;108229132;TTAAG;T
11;108229135;A;G
11;108229136;G;A
11;108229136;G;T
11;108229137;T;G
11;108229138;A;G
11;108229141;C;T
11;108229141;C;A
11;108229143;A;G
11;108229144;C;T
11;108229145;G;A
11;108229146;A;G
11;108229147;G;A
11;108229153;G;T
11;108229159;G;A
11;108229161;A;G
11;108229166;G;C
11;108229166;G;T
11;108229168;T;C
11;108229170;T;C
11;108229171;C;T
11;108229172;T;C
11;108229177;G;A
11;108229178;A;G
11;108229181;T;C
11;108229184;A;G
11;108229185;C;G
11;108229186;A;G
11;108229190;A;G
11;108229192;A;G
11;108229193;T;C
11;108229194;A;G
11;108229198;A;G
11;108229201;A;G
11;108229202;A;G
11;108229202;A;T
11;108229203;GAAAC;G
11;108229205;A;G
11;108229207;CAG;C
11;108229208;A;G
11;108229209;G;C
11;108229210;A;C
11;108229210;A;G
11;108229211;A;G
11;108229212;T;C
11;108229213;G;A
11;108229214;T;C
11;108229215;C;T
11;108229216;T;G
11;108229217;G;A
11;108229219;G;C
11;108229220;A;C
11;108229221;A;G
11;108229223;A;G
11;108229224;G;A
11;108229225;CA;C
11;108229226;A;G
11;108229229;A;T
11;108229230;C;T
11;108229231;C;T
11;108229233;A;G
11;108229236;G;A
11;108229238;A;G
11;108229240;CAGCCTCA;C
11;108229242;G;T
11;108229242;G;C
11;108229243;C;T
11;108229244;C;G
11;108229249;C;T
11;108229250;A;G
11;108229253;A;G
11;108229254;G;A
11;108229259;C;T
11;108229260;A;G
11;108229261;G;A
11;108229262;G;A
11;108229262;G;T
11;108229263;C;A
11;108229263;CA;C
11;108229264;A;C
11;108229266;A;G
11;108229266;A;C
11;108229267;A;G
11;108229267;A;C
11;108229268;A;G
11;108229272;A;G
11;108229275;C;T
11;108229275;C;A
11;108229275;C;G
11;108229280;A;G
11;108229281;A;G
11;108229282;T;C
11;108229283;C;T
11;108229284;A;C
11;108229285;G;A
11;108229287;A;G
11;108229288;G;A
11;108229291;T;C
11;108229292;G;C
11;108229293;G;A
11;108229295;C;A
11;108229299;T;A
11;108229300;A;G
11;108229301;C;T
11;108229304;C;T
11;108229309;A;T
11;108229309;A;G
11;108229311;T;C
11;108229312;G;T
11;108229312;G;A
11;108229314;G;A
11;108229315;C;G
11;108229323;A;C
11;108229324;G;A
11;108229328;G;A
11;108229330;G;A
11;108229331;A;G
11;108229333;G;A
11;108229336;A;G
11;108229337;T;C
11;108229338;A;C
11;108229338;A;G
11;108229339;A;C
11;108229340;A;G
11;108229340;A;T
11;108229344;T;A
11;108229345;A;G
11;108229347;A;G
11;108229348;T;C
11;108229350;A;G
11;108229351;A;G
11;108229351;A;T
11;108229354;G;C
11;108229356;T;C
11;108229357;T;G
11;108229360;C;T
11;108229360;C;A
11;108229360;CAG;C
11;108229362;G;A
11;108229365;T;A
11;108229366;A;C
11;108229368;T;C
11;108229369;G;T
11;108229370;T;G
11;108229371;C;A
11;108229371;C;T
11;108229372;G;A
11;108229372;G;C
11;108229373;C;A
11;108229373;C;T
11;108229373;CGTGA;C
11;108229373;C;G
11;108229374;GT;G
11;108229374;G;T
11;108229374;G;A
11;108229374;G;C
11;108229375;T;G
11;108229375;TGA;T
11;108229375;T;A
11;108229375;TGAG;T
11;108229376;GA;G
11;108229376;G;T
11;108229376;G;A
11;108229377;AGTTTTTTTTTTTTTTCAGAT;A
11;108229377;A;ATTT
11;108229377;A;AT
11;108229377;A;AGT
11;108229377;AG;A
11;108229377;A;AG
11;108229377;A;ATT
11;108229377;A;ATTTT
11;108229377;A;T
11;108229378;GTT;G
11;108229378;G;GTT
11;108229378;G;GTTTT
11;108229378;G;GTTTTTT
11;108229378;G;GTTT
11;108229378;G;GT
11;108229378;GT;G
11;108229378;GTTTT;G
11;108229378;G;GTTTTT
11;108229378;G;GGTT
11;108229378;G;T
11;108229378;GTTT;G
11;108229379;T;A
11;108229380;T;TG
11;108229380;T;TA
11;108229381;T;G
11;108229389;T;TC
11;108229391;T;C
11;108229391;T;TTG
11;108229392;TCAGA;T
11;108229392;T;C
11;108229392;T;TTTC
11;108229392;TCAG;T
11;108229392;T;TTC
11;108229392;T;TC
11;108229394;A;G
11;108229396;A;G
11;108229396;A;T
11;108229397;T;A
11;108229397;TC;T
11;108229397;TCA;T
11;108229400;T;C
11;108235595;TTAAA;T
11;108235598;A;C
11;108235599;A;G
11;108235601;A;G
11;108235602;G;T
11;108235602;G;A
11;108235605;G;T
11;108235606;C;T
11;108235607;C;T
11;108235609;T;C
11;108235612;C;T
11;108235614;A;C
11;108235614;A;G
11;108235617;G;T
11;108235617;G;GTCT
11;108235619;C;T
11;108235619;C;CT
11;108235620;T;C
11;108235621;T;TA
11;108235623;T;G
11;108235628;G;A
11;108235628;G;C
11;108235628;G;T
11;108235630;T;A
11;108235631;C;A
11;108235631;C;G
11;108235632;A;C
11;108235636;TTA;T
11;108235640;G;T
11;108235641;TTTTTC;T
11;108235643;T;A
11;108235645;T;C
11;108235646;CT;C
11;108235646;CTTTA;C
11;108235646;C;G
11;108235648;T;C
11;108235650;ATTTG;A
11;108235652;T;A
11;108235656;T;G
11;108235659;T;C
11;108235662;T;C
11;108235667;T;C
11;108235667;TAGG;T
11;108235668;A;G
11;108235668;A;T
11;108235669;G;A
11;108235672;G;A
11;108235673;C;T
11;108235674;A;T
11;108235674;AC;A
11;108235674;A;G
11;108235675;C;T
11;108235676;C;T
11;108235680;G;C
11;108235680;G;T
11;108235687;T;C
11;108235699;T;A
11;108235699;T;C
11;108235700;T;A
11;108235701;A;C
11;108235702;A;G
11;108235703;A;G
11;108235704;T;C
11;108235705;TA;T
11;108235705;T;C
11;108235706;A;G
11;108235708;A;G
11;108235709;T;C
11;108235710;C;A
11;108235711;A;G
11;108235712;T;C
11;108235713;G;A
11;108235714;G;T
11;108235716;T;A
11;108235717;A;T
11;108235717;A;G
11;108235718;CA;C
11;108235719;A;G
11;108235720;G;C
11;108235722;GA;G
11;108235727;A;G
11;108235728;T;G
11;108235730;C;G
11;108235731;ATCTAATGGTGCTAT;A
11;108235732;T;C
11;108235733;C;T
11;108235733;C;G
11;108235736;A;T
11;108235736;A;G
11;108235738;G;A
11;108235739;G;C
11;108235739;G;T
11;108235739;G;A
11;108235741;G;A
11;108235743;T;G
11;108235744;A;G
11;108235745;T;C
11;108235746;T;G
11;108235748;A;T
11;108235749;C;T
11;108235750;G;C
11;108235750;G;A
11;108235754;C;T
11;108235756;G;T
11;108235756;G;C
11;108235757;A;G
11;108235759;T;C
11;108235760;G;A
11;108235761;T;C
11;108235763;G;A
11;108235764;C;G
11;108235765;A;G
11;108235767;C;T
11;108235770;A;G
11;108235771;C;T
11;108235772;T;G
11;108235773;A;G
11;108235774;C;T
11;108235777;A;G
11;108235781;A;G
11;108235782;C;T
11;108235783;ATTCT;A
11;108235784;T;A
11;108235788;T;A
11;108235790;C;T
11;108235792;G;C
11;108235794;G;T
11;108235795;A;G
11;108235800;A;G
11;108235801;T;A
11;108235801;T;C
11;108235805;G;A
11;108235806;G;A
11;108235807;T;G
11;108235813;A;G
11;108235814;TATCTC;T
11;108235816;T;C
11;108235817;C;T
11;108235820;A;G
11;108235821;G;C
11;108235821;G;A
11;108235822;C;T
11;108235824;A;G
11;108235825;CAG;C
11;108235826;A;G
11;108235827;G;T
11;108235827;G;A
11;108235828;T;G
11;108235829;G;T
11;108235829;G;A
11;108235830;G;A
11;108235830;G;T
11;108235831;T;C
11;108235832;T;A
11;108235833;A;G
11;108235835;G;C
11;108235837;A;G
11;108235838;T;C
11;108235838;T;G
11;108235839;G;A
11;108235843;T;C
11;108235847;GGTT;G
11;108235848;GT;G
11;108235848;G;C
11;108235850;T;G
11;108235851;GTTGT;G
11;108235852;T;A
11;108235852;T;C
11;108235854;G;A
11;108235854;G;T
11;108235854;G;C
11;108235855;T;C
11;108235856;TTG;T
11;108235859;T;C
11;108235860;G;T
11;108235862;A;C
11;108235863;T;C
11;108235867;T;C
11;108235868;C;T
11;108235870;T;C
11;108235871;C;T
11;108235873;T;G
11;108235876;A;C
11;108235877;A;G
11;108235882;A;C
11;108235887;A;G
11;108235888;C;T
11;108235889;CA;C
11;108235890;A;G
11;108235891;A;C
11;108235893;G;T
11;108235895;A;C
11;108235897;G;A
11;108235897;G;C
11;108235898;C;T
11;108235899;A;G
11;108235900;CTCTG;C
11;108235902;CTGTCTG;C
11;108235902;C;G
11;108235904;G;A
11;108235906;C;T
11;108235908;G;C
11;108235908;G;T
11;108235908;G;A
11;108235912;C;T
11;108235914;G;T
11;108235916;C;A
11;108235916;C;G
11;108235917;T;C
11;108243881;A;T
11;108243882;G;A
11;108243888;T;A
11;108243888;T;C
11;108243893;A;G
11;108243893;A;T
11;108243894;C;T
11;108243894;CATTT;C
11;108243895;A;G
11;108243900;A;C
11;108243900;A;T
11;108243902;A;G
11;108243903;C;T
11;108243904;A;G
11;108243905;T;G
11;108243906;T;A
11;108243907;T;C
11;108243908;T;C
11;108243910;A;G
11;108243913;T;A
11;108243915;T;C
11;108243915;T;A
11;108243915;T;TA
11;108243916;A;T
11;108243920;AATC;A
11;108243923;C;G
11;108243924;A;G
11;108243925;T;C
11;108243927;A;G
11;108243928;CTA;C
11;108243928;CTAA;C
11;108243928;C;G
11;108243928;C;T
11;108243929;T;C
11;108243929;T;G
11;108243930;AAT;A
11;108243931;A;C
11;108243931;A;G
11;108243931;AT;A
11;108243931;ATAATT;A
11;108243932;T;A
11;108243932;T;TG
11;108243933;AAT;A
11;108243933;A;AG
11;108243933;A;T
11;108243933;A;G
11;108243934;A;T
11;108243934;A;AT
11;108243934;ATTTTT;A
11;108243934;ATT;A
11;108243934;A;ATTTT
11;108243934;AT;A
11;108243934;ATTTT;A
11;108243934;ATTT;A
11;108243934;A;ATTT
11;108243934;A;G
11;108243934;ATTTTTT;A
11;108243934;A;ATT
11;108243937;T;C
11;108243939;T;TC
11;108243939;T;A
11;108243940;T;G
11;108243943;T;G
11;108243943;T;C
11;108243949;TAA;T
11;108243949;T;A
11;108243949;TA;T
11;108243949;T;C
11;108243951;A;T
11;108243951;A;G
11;108243952;G;A
11;108243954;ATTG;A
11;108243954;A;G
11;108243954;A;C
11;108243955;T;C
11;108243956;T;C
11;108243958;TTC;T
11;108243960;C;G
11;108243961;T;A
11;108243962;C;G
11;108243962;CTG;C
11;108243963;T;C
11;108243966;G;A
11;108243969;C;G
11;108243970;T;C
11;108243974;G;A
11;108243974;G;T
11;108243975;G;T
11;108243978;C;T
11;108243978;C;G
11;108243980;A;G
11;108243982;C;G
11;108243983;T;A
11;108243988;C;T
11;108243988;C;G
11;108243989;CTTCACA;C
11;108243990;T;C
11;108243990;T;G
11;108243992;C;G
11;108243993;A;G
11;108243994;C;T
11;108243994;CA;C
11;108243994;C;A
11;108243999;T;C
11;108244000;G;C
11;108244005;T;C
11;108244009;G;C
11;108244009;G;GT
11;108244010;T;C
11;108244018;G;T
11;108244021;A;G
11;108244022;G;C
11;108244025;T;TA
11;108244027;A;T
11;108244030;C;G
11;108244032;T;A
11;108244032;T;C
11;108244033;G;A
11;108244037;T;C
11;108244040;C;T
11;108244042;A;C
11;108244045;G;A
11;108244046;G;A
11;108244046;G;T
11;108244047;A;T
11;108244052;G;A
11;108244057;C;G
11;108244057;C;T
11;108244059;G;C
11;108244065;C;T
11;108244066;G;A
11;108244067;G;A
11;108244068;A;G
11;108244072;A;C
11;108244073;A;C
11;108244075;T;C
11;108244076;C;G
11;108244077;C;T
11;108244078;A;C
11;108244080;A;G
11;108244085;T;G
11;108244088;A;T
11;108244089;CT;C
11;108244091;T;C
11;108244094;T;C
11;108244095;T;C
11;108244096;T;C
11;108244100;A;G
11;108244100;A;T
11;108244101;G;A
11;108244102;G;C
11;108244102;G;T
11;108244103;C;CTAT
11;108244104;TATTC;T
11;108244104;T;C
11;108244104;T;G
11;108244104;T;A
11;108244105;A;G
11;108244108;C;A
11;108244111;T;C
11;108244113;T;C
11;108244114;G;A
11;108244115;C;T
11;108244116;G;A
11;108244117;A;G
11;108244118;G;C
11;108244119;GTAATC;G
11;108244124;C;G
11;108244127;ATC;A
11;108244127;A;G
11;108244130;T;A
11;108244131;C;T
11;108244131;C;A
11;108244131;CT;C
11;108244132;T;A
11;108244135;T;C
11;108244136;T;C
11;108244138;T;A
11;108244141;T;C
11;108244145;T;C
11;108244147;G;T
11;108244149;A;G
11;108244150;T;C
11;108244151;T;A
11;108244156;T;C
11;108244157;ACT;A
11;108244158;C;G
11;108244160;T;A
11;108244161;T;C
11;108244161;T;G
11;108244162;T;C
11;108244163;G;C
11;108244163;G;T
11;108244165;T;A
11;108244169;G;T
11;108244169;G;A
11;108244170;C;G
11;108244171;A;G
11;108244173;G;T
11;108244175;C;G
11;108244176;C;T
11;108244177;A;G
11;108244178;T;C
11;108244181;T;G
11;108244183;T;C
11;108244184;A;G
11;108244187;C;A
11;108244188;T;A
11;108244189;C;T
11;108244191;GTAAC;G
11;108244191;G;A
11;108244192;T;C
11;108244713;C;A
11;108244713;C;G
11;108244713;C;T
11;108244714;CACTTCATAA;C
11;108244714;C;A
11;108244717;T;C
11;108244719;C;A
11;108244720;A;G
11;108244721;T;A
11;108244722;A;T
11;108244724;C;G
11;108244724;C;T
11;108244724;CTG;C
11;108244726;G;C
11;108244726;G;A
11;108244727;T;C
11;108244729;C;A
11;108244729;C;G
11;108244730;A;G
11;108244731;G;C
11;108244731;G;A
11;108244732;T;C
11;108244733;T;G
11;108244733;T;C
11;108244735;G;C
11;108244735;G;A
11;108244736;T;C
11;108244741;T;G
11;108244743;TG;T
11;108244744;G;A
11;108244745;T;A
11;108244745;T;C
11;108244746;TC;T
11;108244747;C;T
11;108244747;C;A
11;108244748;C;T
11;108244748;CCCCTGTTATA;C
11;108244750;CCT;C
11;108244750;C;G
11;108244751;CT;C
11;108244751;C;G
11;108244751;C;T
11;108244752;T;C
11;108244752;T;G
11;108244753;G;C
11;108244754;T;A
11;108244756;A;T
11;108244756;A;G
11;108244757;T;C
11;108244757;T;A
11;108244758;AC;A
11;108244759;C;A
11;108244760;C;A
11;108244762;A;G
11;108244765;T;G
11;108244766;G;C
11;108244767;A;T
11;108244769;C;G
11;108244769;C;T
11;108244773;T;C
11;108244774;T;G
11;108244778;T;G
11;108244780;C;A
11;108244783;C;T
11;108244786;A;C
11;108244786;A;G
11;108244787;G;C
11;108244789;C;T
11;108244792;G;A
11;108244793;A;G
11;108244795;A;G
11;108244796;A;G
11;108244797;G;T
11;108244797;G;C
11;108244801;T;C
11;108244802;C;T
11;108244805;C;A
11;108244805;C;T
11;108244805;C;CA
11;108244806;A;G
11;108244808;G;A
11;108244808;G;T
11;108244809;T;C
11;108244809;T;G
11;108244811;TA;T
11;108244816;C;G
11;108244817;A;C
11;108244817;A;G
11;108244817;ATATCT;A
11;108244819;A;G
11;108244820;T;G
11;108244821;CT;C
11;108244822;T;G
11;108244827;A;G
11;108244828;G;A
11;108244828;G;C
11;108244830;T;C
11;108244833;T;TA
11;108244834;A;G
11;108244835;C;T
11;108244836;T;A
11;108244836;T;C
11;108244837;A;G
11;108244838;T;C
11;108244839;C;T
11;108244841;T;C
11;108244842;C;T
11;108244843;C;T
11;108244845;C;T
11;108244846;A;G
11;108244847;A;G
11;108244852;T;C
11;108244853;T;C
11;108244855;G;A
11;108244860;C;T
11;108244860;C;G
11;108244862;A;C
11;108244862;A;G
11;108244863;C;T
11;108244863;C;G
11;108244863;C;CT
11;108244866;T;C
11;108244866;T;A
11;108244867;C;G
11;108244867;C;T
11;108244868;G;T
11;108244868;G;A
11;108244870;A;G
11;108244873;C;T
11;108244873;C;A
11;108244874;G;T
11;108244874;G;A
11;108244874;GA;G
11;108244876;G;A
11;108244877;T;G
11;108244878;G;A
11;108244879;T;G
11;108244879;T;A
11;108244885;T;C
11;108244886;T;C
11;108244886;TAGG;T
11;108244887;A;G
11;108244888;G;C
11;108244888;G;A
11;108244892;A;G
11;108244893;T;G
11;108244900;C;G
11;108244900;C;T
11;108244902;T;A
11;108244904;C;T
11;108244906;A;T
11;108244910;T;A
11;108244910;T;C
11;108244912;CT;C
11;108244912;C;T
11;108244916;A;G
11;108244916;A;C
11;108244917;T;C
11;108244919;T;G
11;108244920;T;A
11;108244920;T;C
11;108244920;T;G
11;108244922;G;A
11;108244924;A;G
11;108244925;C;T
11;108244927;C;T
11;108244927;C;G
11;108244929;A;G
11;108244930;C;A
11;108244930;C;T
11;108244931;A;G
11;108244934;G;A
11;108244936;C;A
11;108244936;C;G
11;108244937;T;G
11;108244940;A;T
11;108244940;A;G
11;108244941;T;C
11;108244941;T;A
11;108244946;CT;C
11;108244946;C;A
11;108244949;T;C
11;108244951;A;G
11;108244952;A;C
11;108244954;G;T
11;108244956;A;G
11;108244957;G;T
11;108244958;T;A
11;108244959;C;T
11;108244963;A;G
11;108244964;T;C
11;108244966;G;A
11;108244966;G;C
11;108244968;AT;A
11;108244969;T;C
11;108244971;A;T
11;108244971;AT;A
11;108244975;C;T
11;108244976;A;T
11;108244977;A;G
11;108244983;A;C
11;108244983;A;G
11;108244984;A;G
11;108244986;T;C
11;108244987;T;C
11;108244988;AT;A
11;108244990;A;G
11;108244991;T;C
11;108244993;C;A
11;108244995;T;A
11;108244997;A;G
11;108245000;C;T
11;108245001;G;T
11;108245001;G;A
11;108245004;A;G
11;108245006;G;T
11;108245009;C;A
11;108245012;A;C
11;108245013;A;C
11;108245014;A;G
11;108245016;C;T
11;108245016;C;A
11;108245016;C;G
11;108245018;A;C
11;108245021;A;G
11;108245025;A;C
11;108245026;G;T
11;108245027;G;A
11;108245027;G;T
11;108245028;T;G
11;108245032;A;C
11;108245033;A;G
11;108245035;G;A
11;108245038;A;G
11;108245039;T;G
11;108245039;T;C
11;108245043;T;C
11;108245045;C;T
11;108245047;G;A
11;108245047;G;C
11;108245050;T;C
11;108245051;T;C
11;108245051;T;G
11;108245052;G;C
11;108245055;T;C
11;108245058;G;A
11;108245059;C;T
11;108245060;T;G
11;108245061;T;A
11;108245061;T;G
11;108245061;T;C
11;108245063;T;C
11;108245064;T;A
11;108245065;C;T
11;108245066;A;C
11;108245066;A;T
11;108245066;A;G
11;108245068;T;A
11;108245071;A;G
11;108245073;CAT;C
11;108245074;A;G
11;108245075;T;C
11;108245075;T;G
11;108245076;AG;A
11;108245077;G;C
11;108245077;G;A
11;108245078;A;C
11;108245079;A;G
11;108245079;A;C
11;108245082;C;T
11;108245082;C;G
11;108245082;C;CT
11;108245084;A;G
11;108245085;AG;A
11;108245091;A;C
11;108245094;T;C
11;108245097;G;A
11;108245098;T;C
11;108245099;G;A
11;108245100;T;C
11;108245101;T;C
11;108246891;A;G
11;108246895;T;G
11;108246897;T;C
11;108246897;T;G
11;108246899;G;A
11;108246901;G;A
11;108246902;G;T
11;108246904;A;G
11;108246905;G;A
11;108246906;C;A
11;108246908;A;G
11;108246909;G;T
11;108246909;G;A
11;108246909;G;C
11;108246910;C;T
11;108246912;G;T
11;108246912;G;A
11;108246912;G;C
11;108246915;TA;T
11;108246915;T;A
11;108246915;T;C
11;108246916;A;T
11;108246917;A;G
11;108246919;C;CA
11;108246919;CAG;C
11;108246923;G;A
11;108246924;T;G
11;108246925;A;C
11;108246926;C;G
11;108246926;C;A
11;108246927;A;C
11;108246927;A;G
11;108246928;T;C
11;108246929;A;G
11;108246930;C;G
11;108246930;C;T
11;108246931;A;G
11;108246932;T;TA
11;108246938;T;C
11;108246942;A;G
11;108246942;A;C
11;108246944;T;G
11;108246947;A;T
11;108246947;A;AT
11;108246949;T;C
11;108246952;T;C
11;108246956;G;T
11;108246958;T;G
11;108246958;T;A
11;108246960;A;G
11;108246960;A;C
11;108246961;C;G
11;108246963;G;T
11;108246964;G;A
11;108246964;G;T
11;108246965;T;G
11;108246967;C;T
11;108246969;T;C
11;108246971;T;C
11;108246972;G;T
11;108246973;A;T
11;108246974;A;G
11;108246978;A;G
11;108246979;CAA;C
11;108246982;A;G
11;108246983;A;G
11;108246986;G;A
11;108246990;A;G
11;108246990;AG;A
11;108246992;T;C
11;108246993;A;G
11;108246994;T;C
11;108246998;A;C
11;108246998;A;G
11;108247001;C;A
11;108247004;CT;C
11;108247004;CTT;C
11;108247004;C;G
11;108247005;TTA;T
11;108247006;T;TA
11;108247006;TATATG;T
11;108247007;A;G
11;108247008;T;C
11;108247009;A;G
11;108247011;G;A
11;108247015;T;G
11;108247016;G;C
11;108247018;T;C
11;108247019;A;G
11;108247020;G;A
11;108247024;A;G
11;108247026;G;T
11;108247028;GAT;G
11;108247028;G;A
11;108247029;A;G
11;108247031;AAGTCATAT;A
11;108247031;A;G
11;108247033;G;A
11;108247035;CAT;C
11;108247035;C;A
11;108247035;C;T
11;108247036;A;T
11;108247037;T;C
11;108247038;A;G
11;108247038;A;T
11;108247039;T;G
11;108247039;T;C
11;108247040;A;G
11;108247041;G;A
11;108247043;A;G
11;108247043;AAGT;A
11;108247048;G;A
11;108247051;GA;G
11;108247051;G;C
11;108247052;A;G
11;108247052;A;C
11;108247053;A;G
11;108247054;A;T
11;108247055;G;A
11;108247057;A;G
11;108247057;ATTC;A
11;108247058;T;C
11;108247060;C;T
11;108247061;T;C
11;108247066;G;C
11;108247068;T;A
11;108247069;T;G
11;108247071;C;A
11;108247071;C;T
11;108247072;G;A
11;108247074;A;G
11;108247077;AT;A
11;108247078;T;C
11;108247080;G;A
11;108247081;C;G
11;108247082;C;A
11;108247082;C;T
11;108247083;G;A
11;108247085;C;T
11;108247085;CAAAG;C
11;108247087;A;C
11;108247091;A;G
11;108247099;T;A
11;108247100;T;A
11;108247101;G;T
11;108247102;A;T
11;108247105;T;C
11;108247106;G;A
11;108247109;G;T
11;108247109;G;A
11;108247110;G;A
11;108247111;C;T
11;108247113;G;A
11;108247114;A;T
11;108247114;A;G
11;108247116;A;G
11;108247117;T;C
11;108247118;C;G
11;108247118;CTG;C
11;108247120;G;A
11;108247130;A;G
11;108247131;CAGTA;C
11;108247131;C;T
11;108247132;A;T
11;108247132;A;G
11;108247133;G;A
11;108247134;T;G
11;108247136;A;C
11;108247138;T;C
11;108247140;G;A
11;108247141;G;T
11;108247141;G;A
11;108247143;C;T
11;108247143;C;A
11;108247144;A;C
11;108247145;T;G
11;108247145;T;A
11;108247146;G;A
11;108247148;C;A
11;108247150;C;T
11;108247151;A;G
11;108247152;T;C
11;108247153;T;G
11;108247154;T;A
11;108247155;A;C
11;108247159;A;G
11;108247163;C;T
11;108247164;C;T
11;108247166;G;A
11;108247166;G;T
11;108247167;T;G
11;108247168;T;G
11;108247168;T;C
11;108247170;AT;A
11;108247170;ATT;A
11;108247170;A;T
11;108247170;A;AT
11;108247171;T;A
11;108247171;T;C
11;108247172;T;G
11;108247174;T;C
11;108247177;T;C
11;108247180;T;A
11;108247180;T;C
11;108247180;T;G
11;108247181;A;T
11;108247182;A;T
11;108247183;A;G
11;108247183;A;C
11;108247184;C;G
11;108247185;T;C
11;108247186;G;C
11;108247188;G;T
11;108247188;G;A
11;108247192;T;C
11;108247193;T;C
11;108247194;T;G
11;108247197;G;C
11;108247202;T;TA
11;108247202;TA;T
11;108247202;T;G
11;108247207;C;T
11;108247207;C;A
11;108248858;A;T
11;108248858;A;G
11;108248859;A;C
11;108248860;C;G
11;108248860;C;A
11;108248860;C;T
11;108248861;C;G
11;108248861;C;T
11;108248861;C;A
11;108248862;T;C
11;108248863;G;C
11;108248864;G;T
11;108248865;G;T
11;108248866;C;T
11;108248868;A;G
11;108248869;C;CA
11;108248870;A;G
11;108248871;A;G
11;108248872;C;G
11;108248872;C;T
11;108248875;C;T
11;108248875;C;G
11;108248875;C;A
11;108248876;G;A
11;108248878;A;G
11;108248879;A;G
11;108248880;CT;C
11;108248882;C;A
11;108248884;G;A
11;108248885;G;C
11;108248885;G;T
11;108248887;T;C
11;108248888;C;CAA
11;108248888;C;T
11;108248888;C;A
11;108248888;C;CAAAA
11;108248888;C;CA
11;108248888;CAAAAA;C
11;108248888;CAAAA;C
11;108248888;CAAAAAAAAA;C
11;108248888;CAAAAAAA;C
11;108248888;C;CAAA
11;108248888;CAA;C
11;108248888;CAAA;C
11;108248893;A;G
11;108248894;A;G
11;108248895;A;G
11;108248896;A;C
11;108248896;A;G
11;108248898;A;G
11;108248899;AAAAG;A
11;108248900;A;AG
11;108248901;A;G
11;108248901;AAG;A
11;108248902;A;G
11;108248902;A;AT
11;108248902;A;T
11;108248902;AG;A
11;108248903;GAAAA;G
11;108248903;G;T
11;108248903;G;GA
11;108248906;A;G
11;108248907;A;G
11;108248908;A;G
11;108248908;A;T
11;108248909;A;T
11;108248910;G;A
11;108248911;T;A
11;108248912;G;A
11;108248914;A;G
11;108248918;A;G
11;108248924;ATTTTACAGGT;A
11;108248927;T;G
11;108248927;T;C
11;108248930;C;T
11;108248935;T;C
11;108248940;A;G
11;108248942;G;T
11;108248942;G;GTGT
11;108248945;GATACCA;G
11;108248946;A;T
11;108248946;A;G
11;108248947;T;A
11;108248947;T;G
11;108248948;A;G
11;108248949;C;G
11;108248949;C;T
11;108248951;A;T
11;108248951;A;G
11;108248952;GATCCTTGGAGA;G
11;108248953;A;G
11;108248954;T;A
11;108248955;C;T
11;108248956;C;T
11;108248957;T;G
11;108248961;AG;A
11;108248962;G;C
11;108248963;ATTTCT;A
11;108248963;A;G
11;108248964;T;A
11;108248965;T;A
11;108248970;A;T
11;108248970;A;G
11;108248971;A;G
11;108248973;C;T
11;108248974;TTAC;T
11;108248975;T;TA
11;108248975;TAC;T
11;108248977;C;T
11;108248978;A;G
11;108248979;C;G
11;108248979;C;T
11;108248981;A;G
11;108248982;C;G
11;108248982;C;T
11;108248983;T;C
11;108248984;A;T
11;108248984;A;G
11;108248985;C;G
11;108248986;A;T
11;108248987;C;G
11;108248988;A;C
11;108248988;A;G
11;108248989;A;G
11;108248990;AG;A
11;108248994;A;C
11;108248995;A;G
11;108248997;C;G
11;108248999;A;G
11;108249000;G;C
11;108249001;T;G
11;108249002;G;A
11;108249004;T;TA
11;108249004;T;C
11;108249005;T;A
11;108249005;T;C
11;108249005;T;TACAG
11;108249005;T;G
11;108249006;A;G
11;108249009;G;A
11;108249009;G;T
11;108249010;T;A
11;108249013;C;T
11;108249018;G;C
11;108249018;G;A
11;108249019;C;G
11;108249020;A;G
11;108249022;A;G
11;108249023;AG;A
11;108249023;A;C
11;108249030;A;G
11;108249032;A;G
11;108249033;T;G
11;108249033;T;C
11;108249038;C;A
11;108249038;C;G
11;108249042;G;T
11;108249043;C;G
11;108249043;C;T
11;108249045;G;T
11;108249047;G;T
11;108249047;G;C
11;108249052;A;G
11;108249053;A;G
11;108249055;A;G
11;108249059;G;C
11;108249059;G;A
11;108249060;A;T
11;108249061;T;A
11;108249062;C;T
11;108249064;C;G
11;108249064;C;T
11;108249065;C;T
11;108249066;T;C
11;108249067;T;C
11;108249068;C;G
11;108249068;C;T
11;108249070;G;A
11;108249073;G;A
11;108249075;C;T
11;108249075;C;A
11;108249076;A;G
11;108249077;C;G
11;108249079;G;A
11;108249083;G;T
11;108249084;A;ATTT
11;108249085;T;C
11;108249089;G;A
11;108249090;A;G
11;108249092;C;T
11;108249092;C;G
11;108249093;T;C
11;108249095;G;A
11;108249096;T;C
11;108249097;G;A
11;108249099;C;G
11;108249101;T;C
11;108249102;G;A
11;108249104;TAA;T
11;108249105;A;G
11;108249107;A;T
11;108249108;G;A
11;108249109;T;G
11;108249110;G;A
11;108249112;T;TA
11;108249116;A;G
11;108249120;T;G
11;108249122;T;G
11;108249123;C;T
11;108249124;A;G
11;108249125;T;C
11;108249127;C;T
11;108249127;C;A
11;108249129;G;A
11;108249133;C;T
11;108249133;C;G
11;108249133;C;A
11;108249138;T;G
11;108249140;A;G
11;108249142;C;T
11;108249145;T;G
11;108249147;G;A
11;108249149;A;G
11;108249154;A;G
11;108249155;T;C
11;108249156;T;C
11;108249157;T;C
11;108249159;TC;T
11;108249162;G;T
11;108249163;A;C
11;108249164;A;T
11;108249165;A;T
11;108249166;A;G
11;108249166;ACTT;A
11;108249167;C;G
11;108249168;T;C
11;108249169;T;C
11;108249169;T;G
11;108249171;C;G
11;108249171;C;T
11;108249175;G;A
11;108249176;G;A
11;108249177;A;C
11;108249177;A;T
11;108250627;A;G
11;108250627;A;T
11;108250628;T;C
11;108250631;C;G
11;108250631;C;T
11;108250633;A;G
11;108250634;T;C
11;108250635;A;G
11;108250635;A;AT
11;108250636;T;C
11;108250636;T;G
11;108250641;C;G
11;108250641;C;A
11;108250645;TTA;T
11;108250647;A;C
11;108250648;GT;G
11;108250648;G;C
11;108250657;T;A
11;108250657;T;C
11;108250660;G;T
11;108250661;A;G
11;108250662;T;C
11;108250663;G;A
11;108250664;G;A
11;108250664;G;T
11;108250668;A;G
11;108250669;G;A
11;108250676;A;G
11;108250677;A;G
11;108250680;A;G
11;108250681;T;TC
11;108250682;C;A
11;108250682;C;CCT
11;108250683;C;CTTTTTTTT
11;108250683;CTTT;C
11;108250683;C;CTTTT
11;108250683;C;CTT
11;108250683;C;CTTTTTT
11;108250683;CTT;C
11;108250683;C;CTTT
11;108250683;CT;C
11;108250683;C;CTTTTTTTTTT
11;108250683;C;T
11;108250683;CTTTT;C
11;108250683;C;CT
11;108250683;CTTTTTTT;C
11;108250684;T;TG
11;108250688;T;TA
11;108250688;T;TC
11;108250691;T;C
11;108250692;T;TG
11;108250693;T;C
11;108250694;T;G
11;108250695;T;TC
11;108250698;TAGGCTAC;T
11;108250698;TA;T
11;108250698;T;TA
11;108250698;T;A
11;108250698;TAGG;T
11;108250698;TAGGCTACAGA;T
11;108250698;TAG;T
11;108250698;T;TC
11;108250700;G;A
11;108250702;C;G
11;108250704;A;G
11;108250705;C;T
11;108250706;A;T
11;108250707;G;A
11;108250710;T;G
11;108250712;CA;C
11;108250714;A;G
11;108250715;C;T
11;108250716;C;T
11;108250719;A;G
11;108250722;A;G
11;108250723;A;G
11;108250725;A;C
11;108250726;TCAAAGTATCCTG;T
11;108250726;T;C
11;108250727;C;T
11;108250728;A;G
11;108250736;C;T
11;108250736;C;A
11;108250737;T;C
11;108250738;G;A
11;108250738;G;T
11;108250739;C;G
11;108250739;C;A
11;108250742;G;A
11;108250752;C;A
11;108250752;CTG;C
11;108250753;T;G
11;108250757;A;C
11;108250757;A;T
11;108250760;T;A
11;108250761;G;A
11;108250762;T;G
11;108250765;C;G
11;108250767;A;G
11;108250768;T;C
11;108250769;TA;T
11;108250773;G;C
11;108250773;G;A
11;108250776;G;A
11;108250778;T;C
11;108250779;A;C
11;108250779;A;G
11;108250780;C;A
11;108250782;A;G
11;108250782;A;C
11;108250783;T;C
11;108250784;C;G
11;108250784;C;T
11;108250790;T;G
11;108250792;C;T
11;108250792;C;G
11;108250794;AC;A
11;108250794;A;G
11;108250794;A;C
11;108250797;C;A
11;108250799;A;G
11;108250800;A;G
11;108250801;C;A
11;108250803;G;A
11;108250804;C;A
11;108250804;C;T
11;108250805;G;T
11;108250805;G;A
11;108250807;C;G
11;108250808;A;G
11;108250809;TG;T
11;108250810;G;A
11;108250816;C;T
11;108250817;G;A
11;108250819;AC;A
11;108250819;A;G
11;108250823;C;T
11;108250824;A;T
11;108250824;A;G
11;108250825;T;C
11;108250826;A;G
11;108250827;T;C
11;108250828;G;A
11;108250830;G;C
11;108250830;GT;G
11;108250833;A;G
11;108250834;C;G
11;108250834;C;T
11;108250835;G;A
11;108250835;G;T
11;108250836;A;G
11;108250838;G;A
11;108250841;T;G
11;108250843;A;C
11;108250844;C;T
11;108250845;G;A
11;108250845;G;C
11;108250846;G;A
11;108250847;A;T
11;108250849;G;A
11;108250853;C;G
11;108250854;A;G
11;108250854;A;C
11;108250854;ATTGTG;A
11;108250855;T;C
11;108250856;T;C
11;108250857;G;A
11;108250857;G;T
11;108250858;TGTCAAGACAAGAG;T
11;108250860;T;G
11;108250861;C;T
11;108250862;A;G
11;108250866;C;T
11;108250866;CAA;C
11;108250868;A;G
11;108250868;A;C
11;108250872;G;A
11;108250875;A;G
11;108250875;A;T
11;108250877;A;G
11;108250881;A;G
11;108250883;A;C
11;108250886;G;T
11;108250886;G;A
11;108250889;C;T
11;108250889;C;G
11;108250890;A;G
11;108250892;A;G
11;108250892;A;C
11;108250893;A;G
11;108250896;G;C
11;108250896;G;A
11;108250901;A;G
11;108250905;A;G
11;108250905;A;C
11;108250906;T;C
11;108250906;T;G
11;108250907;T;G
11;108250908;A;C
11;108250909;A;C
11;108250911;ACT;A
11;108250912;C;T
11;108250915;T;C
11;108250920;T;C
11;108250923;A;T
11;108250928;G;A
11;108250929;G;T
11;108250929;G;A
11;108250931;G;T
11;108250931;G;A
11;108250933;A;G
11;108250934;T;C
11;108250935;T;G
11;108250936;A;G
11;108250938;C;G
11;108250939;T;C
11;108250940;T;C
11;108250942;C;T
11;108250946;G;A
11;108250947;T;G
11;108250948;A;G
11;108250949;T;G
11;108250949;T;A
11;108250952;G;A
11;108250957;G;C
11;108250958;A;G
11;108250959;G;A
11;108250960;C;T
11;108250962;A;C
11;108250964;T;C
11;108250965;A;G
11;108250966;C;T
11;108250966;C;A
11;108250968;A;C
11;108250970;C;G
11;108250976;A;G
11;108250977;C;T
11;108250980;T;C
11;108250981;G;T
11;108250982;G;T
11;108250982;G;A
11;108250986;A;G
11;108250987;C;CTTG
11;108250987;C;T
11;108250987;CT;C
11;108250989;T;C
11;108250990;G;A
11;108250991;G;C
11;108250998;A;G
11;108251001;T;A
11;108251003;A;C
11;108251003;A;G
11;108251006;G;A
11;108251007;T;C
11;108251009;G;C
11;108251012;T;G
11;108251015;T;C
11;108251015;T;G
11;108251018;A;T
11;108251020;G;A
11;108251020;G;T
11;108251021;T;C
11;108251021;T;A
11;108251023;G;A
11;108251025;CAG;C
11;108251029;G;T
11;108251031;A;G
11;108251033;T;C
11;108251034;C;T
11;108251037;G;A
11;108251040;G;A
11;108251041;T;C
11;108251041;T;G
11;108251044;T;C
11;108251046;T;C
11;108251049;T;C
11;108251050;G;C
11;108251052;G;A
11;108251057;C;T
11;108251060;G;A
11;108251060;G;T
11;108251061;C;T
11;108251063;G;T
11;108251066;C;T
11;108251066;C;G
11;108251068;T;C
11;108251070;A;G
11;108251072;G;T
11;108251073;G;T
11;108251075;A;G
11;108251076;A;G
11;108251078;T;G
11;108251079;T;C
11;108251080;C;A
11;108251083;C;T
11;108251083;C;G
11;108251084;A;G
11;108251085;T;C
11;108251088;A;G
11;108251089;T;G
11;108251091;A;T
11;108251092;T;G
11;108251093;G;A
11;108251095;C;T
11;108251095;CT;C
11;108251096;T;C
11;108251097;G;T
11;108251097;G;C
11;108251098;A;C
11;108251101;T;C
11;108251101;T;G
11;108251102;A;G
11;108251103;C;A
11;108251103;C;T
11;108251104;A;G
11;108251107;TAAAC;T
11;108251109;A;AAC
11;108251110;A;G
11;108251114;A;G
11;108251115;C;G
11;108251115;C;T
11;108251116;AC;A
11;108251116;A;G
11;108251116;A;C
11;108251117;C;G
11;108251119;GAC;G
11;108251119;G;GAC
11;108251119;G;C
11;108251120;A;G
11;108251121;C;T
11;108251122;A;G
11;108251123;C;G
11;108251125;C;G
11;108251125;C;A
11;108251125;C;T
11;108251128;A;G
11;108251128;A;C
11;108251129;C;A
11;108251129;C;T
11;108251130;A;G
11;108251130;A;C
11;108251131;C;T
11;108251132;TCA;T
11;108251133;C;G
11;108251133;C;T
11;108251135;C;T
11;108251135;C;CATATCCCTG
11;108251138;A;G
11;108251139;T;C
11;108251140;C;A
11;108251140;C;T
11;108251141;C;T
11;108251142;C;G
11;108251763;G;C
11;108251764;C;T
11;108251764;C;A
11;108251765;A;G
11;108251768;G;C
11;108251768;G;A
11;108251769;TC;T
11;108251770;C;T
11;108251772;TGATA;T
11;108251777;G;GATAAAGTCTTTGCCC
11;108251779;T;C
11;108251779;T;A
11;108251781;A;T
11;108251783;GTCTTTGCCCC;G
11;108251786;T;G
11;108251788;T;C
11;108251790;C;T
11;108251790;C;A
11;108251791;C;T
11;108251792;C;G
11;108251793;C;T
11;108251797;A;G
11;108251798;A;C
11;108251798;A;G
11;108251799;T;C
11;108251800;A;G
11;108251801;G;A
11;108251802;C;A
11;108251802;C;T
11;108251807;T;C
11;108251811;C;T
11;108251812;A;T
11;108251813;C;A
11;108251814;A;G
11;108251815;A;G
11;108251815;A;T
11;108251817;T;C
11;108251818;G;T
11;108251820;C;T
11;108251821;C;G
11;108251821;C;A
11;108251821;CTTTGT;C
11;108251823;T;C
11;108251825;G;A
11;108251825;G;C
11;108251829;T;C
11;108251833;A;G
11;108251834;T;C
11;108251838;C;T
11;108251839;C;A
11;108251839;C;T
11;108251840;T;G
11;108251842;C;T
11;108251842;C;A
11;108251843;A;G
11;108251845;T;C
11;108251846;A;G
11;108251847;T;G
11;108251849;C;T
11;108251850;T;C
11;108251851;GT;G
11;108251852;T;C
11;108251853;T;G
11;108251854;T;G
11;108251856;A;G
11;108251857;C;T
11;108251857;C;G
11;108251858;T;G
11;108251860;T;C
11;108251863;C;T
11;108251865;C;T
11;108251865;C;G
11;108251867;G;T
11;108251868;ACCACCAGTATAGTT;A
11;108251869;C;T
11;108251870;C;T
11;108251870;C;A
11;108251870;C;G
11;108251871;A;G
11;108251872;C;A
11;108251875;G;A
11;108251877;A;G
11;108251883;C;A
11;108251883;C;G
11;108251883;C;T
11;108251885;A;G
11;108251886;G;A
11;108251887;GA;G
11;108251887;G;A
11;108251889;AC;A
11;108251890;C;A
11;108251890;C;T
11;108251891;G;A
11;108251892;G;C
11;108251894;A;G
11;108251895;A;G
11;108251898;A;G
11;108251900;G;A
11;108251902;G;A
11;108251904;A;G
11;108251906;A;G
11;108251909;G;A
11;108251914;A;G
11;108251916;AT;A
11;108251917;T;G
11;108251918;G;C
11;108251919;T;C
11;108251919;T;G
11;108251920;G;T
11;108251924;A;G
11;108251928;A;C
11;108251929;A;G
11;108251930;T;C
11;108251931;A;G
11;108251932;G;A
11;108251932;G;T
11;108251933;A;C
11;108251935;G;A
11;108251936;C;T
11;108251938;T;C
11;108251943;T;G
11;108251945;A;G
11;108251949;G;C
11;108251951;A;G
11;108251955;A;G
11;108251956;T;A
11;108251956;T;C
11;108251957;A;T
11;108251958;A;G
11;108251959;T;C
11;108251960;G;T
11;108251962;A;G
11;108251966;G;A
11;108251967;C;T
11;108251969;C;T
11;108251969;CTT;C
11;108251969;C;G
11;108251970;T;G
11;108251972;A;G
11;108251973;T;C
11;108251974;T;A
11;108251975;C;T
11;108251977;A;G
11;108251977;A;C
11;108251977;A;T
11;108251978;T;C
11;108251981;G;A
11;108251984;A;G
11;108251986;A;T
11;108251987;G;A
11;108251989;G;T
11;108251989;G;A
11;108251992;A;G
11;108251993;C;T
11;108251994;T;C
11;108251995;T;A
11;108251996;A;G
11;108251997;G;C
11;108251999;A;C
11;108252002;T;C
11;108252003;A;C
11;108252004;G;A
11;108252004;G;T
11;108252008;A;G
11;108252009;GA;G
11;108252011;A;T
11;108252014;G;A
11;108252018;C;G
11;108252019;C;T
11;108252021;A;G
11;108252024;C;T
11;108252025;T;C
11;108252027;CACAGGTAAT;C
11;108252027;CA;C
11;108252028;A;T
11;108252028;A;G
11;108252029;C;T
11;108252030;A;G
11;108252031;G;C
11;108252032;GTAAT;G
11;108252032;G;A
11;108252035;A;G
11;108252037;T;G
11;108252038;T;G
11;108252039;A;G
11;108252041;G;A
11;108252043;T;G
11;108252044;C;A
11;108252044;C;T
11;108252045;A;G
11;108252045;AT;A
11;108252047;T;C
11;108252049;G;A
11;108252050;C;G
11;108252051;A;T
11;108252051;A;G
11;108252056;G;A
11;108252057;C;T
11;108252057;CTGTTTTTTTTGTT;C
11;108252058;T;C
11;108252059;GTT;G
11;108252059;G;T
11;108252059;GT;G
11;108252059;G;GTT
11;108252059;G;GT
11;108252062;T;G
11;108252062;T;C
11;108252064;T;A
11;108252064;TTTTG;T
11;108252067;T;G
11;108252068;G;C
11;108252068;G;T
11;108252068;GTTTGT;G
11;108252068;GT;G
11;108252070;T;C
11;108252070;T;G
11;108252071;T;C
11;108252072;GTTTT;G
11;108252077;A;G
11;108252081;G;C
11;108252082;GCTCT;G
11;108252082;G;T
11;108252082;GCT;G
11;108252084;T;C
11;108252085;C;G
11;108252087;C;T
11;108252088;T;G
11;108252090;C;T
11;108252091;A;G
11;108252095;A;G
11;108252096;T;C
11;108252099;G;C
11;108252101;T;C
11;108252102;G;A
11;108252103;C;G
11;108252106;G;C
11;108252106;G;T
11;108252742;A;G
11;108252743;T;G
11;108252744;G;T
11;108252744;G;A
11;108252746;A;G
11;108252748;G;A
11;108252749;TTA;T
11;108252751;A;T
11;108252754;G;A
11;108252757;T;C
11;108252758;A;G
11;108252758;A;C
11;108252758;A;T
11;108252766;C;G
11;108252766;C;A
11;108252768;T;G
11;108252769;T;C
11;108252772;A;G
11;108252775;G;A
11;108252776;CT;C
11;108252782;G;A
11;108252782;G;C
11;108252783;T;G
11;108252784;C;T
11;108252786;T;C
11;108252789;A;T
11;108252790;A;C
11;108252791;G;A
11;108252794;A;C
11;108252795;A;G
11;108252796;G;A
11;108252797;CT;C
11;108252800;T;C
11;108252808;T;C
11;108252810;T;C
11;108252813;G;T
11;108252819;A;G
11;108252824;C;T
11;108252825;C;G
11;108252827;C;T
11;108252828;A;G
11;108252830;C;G
11;108252833;G;C
11;108252833;G;T
11;108252835;A;G
11;108252839;G;C
11;108252846;T;A
11;108252848;C;A
11;108252848;C;T
11;108252850;T;A
11;108252850;T;C
11;108252851;G;T
11;108252851;G;A
11;108252852;T;G
11;108252855;G;C
11;108252855;G;A
11;108252857;C;T
11;108252858;T;C
11;108252859;C;T
11;108252860;A;T
11;108252860;A;G
11;108252861;C;G
11;108252862;T;C
11;108252863;A;G
11;108252866;A;G
11;108252869;A;C
11;108252871;CTG;C
11;108252871;CT;C
11;108252883;A;G
11;108252884;A;G
11;108252886;G;T
11;108252887;AATT;A
11;108252887;A;T
11;108252888;A;T
11;108252894;T;G
11;108252895;C;T
11;108252896;C;T
11;108252898;A;C
11;108252901;C;T
11;108252902;G;C
11;108252902;G;A
11;108252903;T;C
11;108252904;G;A
11;108252905;C;G
11;108252906;C;T
11;108252907;A;G
11;108252908;G;T
11;108252909;A;G
11;108252912;G;A
11;108252913;GTA;G
11;108252913;G;T
11;108252913;G;C
11;108252914;T;G
11;108252915;A;G
11;108252916;TG;T
11;108252917;G;A
11;108252918;T;A
11;108252920;A;C
11;108252921;T;C
11;108252922;C;G
11;108252924;A;G
11;108252925;A;G
11;108252925;A;C
11;108252928;A;G
11;108252932;T;G
11;108252932;T;C
11;108252935;T;G
11;108252937;A;C
11;108252937;A;G
11;108252940;A;G
11;108252944;T;A
11;108252945;A;G
11;108252947;G;A
11;108252951;T;A
11;108252952;A;G
11;108252953;G;C
11;108252954;C;A
11;108252954;C;T
11;108252956;T;G
11;108252964;A;G
11;108252965;A;C
11;108252968;A;G
11;108252968;A;T
11;108252971;A;G
11;108252972;T;C
11;108252978;T;C
11;108252985;G;GT
11;108253739;TA;T
11;108253740;A;C
11;108253740;A;G
11;108253741;A;G
11;108253743;A;G
11;108253744;T;C
11;108253747;T;G
11;108253749;C;G
11;108253752;A;G
11;108253755;C;T
11;108253756;A;G
11;108253757;T;C
11;108253759;T;A
11;108253759;T;C
11;108253759;T;G
11;108253761;A;C
11;108253762;G;T
11;108253762;G;A
11;108253763;G;A
11;108253764;C;A
11;108253768;G;A
11;108253769;C;A
11;108253770;A;AT
11;108253771;T;G
11;108253773;A;C
11;108253773;AGGTACTT;A
11;108253774;G;C
11;108253775;G;A
11;108253776;T;C
11;108253778;C;T
11;108253782;G;C
11;108253786;A;G
11;108253788;A;G
11;108253790;A;G
11;108253791;T;C
11;108253794;A;T
11;108253796;G;T
11;108253798;T;A
11;108253799;C;G
11;108253799;CTT;C
11;108253799;C;A
11;108253800;T;C
11;108253803;C;T
11;108253803;C;G
11;108253804;T;G
11;108253805;T;G
11;108253806;T;A
11;108253806;T;C
11;108253807;C;A
11;108253807;C;T
11;108253809;T;A
11;108253814;T;G
11;108253815;G;T
11;108253816;A;T
11;108253816;A;C
11;108253817;A;C
11;108253817;A;G
11;108253817;ACACCAC;A
11;108253818;C;T
11;108253820;C;T
11;108253822;A;G
11;108253823;C;G
11;108253824;CA;C
11;108253825;A;G
11;108253826;A;G
11;108253829;A;C
11;108253829;A;T
11;108253830;G;C
11;108253831;A;G
11;108253832;TAAA;T
11;108253833;A;G
11;108253833;A;T
11;108253833;AAAG;A
11;108253841;A;G
11;108253844;T;G
11;108253844;T;A
11;108253845;T;A
11;108253847;A;G
11;108253849;T;A
11;108253852;CAGAAGT;C
11;108253854;G;T
11;108253854;G;A
11;108253855;A;G
11;108253856;A;C
11;108253858;T;C
11;108253858;TAGA;T
11;108253859;A;G
11;108253862;A;G
11;108253863;G;A
11;108253866;C;T
11;108253866;C;A
11;108253867;T;C
11;108253868;A;G
11;108253870;T;C
11;108253871;T;C
11;108253872;C;T
11;108253875;C;A
11;108253876;A;C
11;108253877;G;T
11;108253878;A;T
11;108253879;CA;C
11;108253881;A;G
11;108253882;C;T
11;108253883;T;G
11;108253883;T;C
11;108253886;T;G
11;108253887;G;T
11;108253887;G;A
11;108253888;A;T
11;108253890;A;G
11;108253891;A;G
11;108253892;G;A
11;108253892;G;T
11;108253894;T;C
11;108253897;A;G
11;108253898;C;T
11;108253901;T;C
11;108253903;T;C
11;108253904;A;G
11;108253906;C;T
11;108253906;C;A
11;108253908;A;C
11;108253908;A;G
11;108253911;G;C
11;108253913;G;A
11;108253915;G;A
11;108253918;A;C
11;108253920;T;C
11;108253924;G;A
11;108253924;G;GTA
11;108253924;G;T
11;108253926;A;G
11;108253927;T;A
11;108253927;T;G
11;108253928;A;G
11;108253934;G;A
11;108253935;C;T
11;108253936;A;G
11;108253937;C;T
11;108253938;C;T
11;108253942;C;A
11;108253944;A;G
11;108253945;G;A
11;108253946;T;C
11;108253948;T;C
11;108253949;T;C
11;108253949;T;A
11;108253951;G;C
11;108253951;G;T
11;108253952;C;T
11;108253955;C;T
11;108253957;C;G
11;108253957;C;T
11;108253958;T;A
11;108253958;T;C
11;108253959;G;T
11;108253959;G;C
11;108253960;T;G
11;108253963;A;G
11;108253964;C;G
11;108253964;C;A
11;108253964;C;T
11;108253965;C;G
11;108253966;A;G
11;108253967;G;A
11;108253969;A;T
11;108253969;A;C
11;108253971;C;A
11;108253973;C;T
11;108253973;C;G
11;108253977;G;A
11;108253977;G;C
11;108253979;A;G
11;108253981;C;T
11;108253986;G;C
11;108253989;C;T
11;108253989;C;A
11;108253990;G;A
11;108253995;C;T
11;108253995;C;A
11;108253997;T;C
11;108254000;G;A
11;108254002;G;A
11;108254003;A;G
11;108254008;C;T
11;108254010;G;C
11;108254011;A;G
11;108254012;A;G
11;108254013;C;T
11;108254014;A;G
11;108254016;C;T
11;108254019;C;G
11;108254023;A;G
11;108254026;A;C
11;108254027;T;C
11;108254028;T;TA
11;108254028;T;C
11;108254028;T;A
11;108254030;C;T
11;108254031;T;C
11;108254032;C;G
11;108254032;C;T
11;108254034;T;C
11;108254037;G;A
11;108254039;G;A
11;108254039;G;C
11;108254042;G;A
11;108254044;G;T
11;108254044;G;A
11;108254045;A;AT
11;108254045;A;T
11;108254045;A;G
11;108254045;AT;A
11;108254046;T;A
11;108254046;T;C
11;108254046;T;G
11;108254047;T;A
11;108254048;T;A
11;108254049;T;A
11;108254051;T;A
11;108254051;T;C
11;108254051;TA;T
11;108254051;T;TA
11;108254051;TAAAA;T
11;108254052;A;T
11;108254053;A;G
11;108254055;A;G
11;108254056;AAAG;A
11;108254058;A;T
11;108254059;GAACT;G
11;108254059;G;A
11;108254059;G;T
11;108254060;A;G
11;108254062;C;G
11;108254063;T;C
11;108254067;C;T
11;108254070;A;G
11;108254071;T;C
11;108254072;A;G
11;108254074;A;G
11;108254078;T;A
11;108254080;C;A
11;108254082;A;G
11;108254086;T;C
11;108254087;G;A
11;108254088;G;A
11;108254091;A;C
11;108254093;CTG;C
11;108254094;T;G
11;108254095;GT;G
11;108254096;T;C
11;108254097;TAGGA;T
11;108254099;G;A
11;108254100;G;A
11;108254103;G;A
11;108254106;G;A
11;108254107;A;C
11;108254109;A;G
11;108254110;TA;T
11;108254110;T;C
11;108254111;A;G
11;108254112;G;A
11;108254113;G;T
11;108256143;G;A
11;108256143;G;T
11;108256146;C;G
11;108256146;C;A
11;108256147;T;C
11;108256150;C;A
11;108256150;C;G
11;108256154;A;ATAT
11;108256155;G;T
11;108256155;G;A
11;108256156;A;G
11;108256157;T;G
11;108256160;A;G
11;108256160;A;T
11;108256161;G;A
11;108256163;A;G
11;108256166;C;A
11;108256167;TA;T
11;108256167;T;C
11;108256172;T;C
11;108256174;T;C
11;108256176;T;C
11;108256177;A;T
11;108256177;A;G
11;108256179;G;T
11;108256180;A;C
11;108256181;A;AAT
11;108256181;A;T
11;108256183;TA;T
11;108256184;A;G
11;108256186;A;G
11;108256187;T;C
11;108256188;A;G
11;108256188;A;T
11;108256189;T;C
11;108256190;A;AT
11;108256190;A;G
11;108256190;A;T
11;108256191;T;C
11;108256194;T;G
11;108256196;A;G
11;108256197;T;C
11;108256198;TTGTGGTTTA;T
11;108256200;G;T
11;108256201;TG;T
11;108256202;G;C
11;108256203;GTTTAC;G
11;108256204;T;A
11;108256205;T;G
11;108256207;A;G
11;108256208;C;CT
11;108256208;C;CAAA
11;108256211;T;G
11;108256211;T;C
11;108256211;TA;T
11;108256211;T;A
11;108256214;G;T
11;108256214;G;A
11;108256214;GA;G
11;108256215;A;G
11;108256216;T;A
11;108256217;TA;T
11;108256217;T;G
11;108256217;T;C
11;108256218;A;G
11;108256218;A;AC
11;108256221;A;G
11;108256225;C;G
11;108256230;A;G
11;108256231;C;T
11;108256235;T;G
11;108256236;G;C
11;108256237;TC;T
11;108256238;C;T
11;108256238;C;G
11;108256239;C;A
11;108256239;C;T
11;108256240;G;C
11;108256240;G;A
11;108256241;G;C
11;108256245;T;C
11;108256248;C;T
11;108256248;C;A
11;108256249;G;A
11;108256249;G;C
11;108256251;CT;C
11;108256251;C;CT
11;108256252;T;G
11;108256255;T;C
11;108256256;G;C
11;108256257;G;T
11;108256258;T;C
11;108256259;G;T
11;108256259;G;C
11;108256260;G;A
11;108256262;T;C
11;108256263;G;A
11;108256264;TC;T
11;108256265;C;T
11;108256268;T;C
11;108256269;G;A
11;108256270;G;T
11;108256271;C;T
11;108256273;G;A
11;108256274;C;T
11;108256275;T;C
11;108256276;A;C
11;108256277;C;T
11;108256277;C;G
11;108256278;T;C
11;108256279;G;C
11;108256279;G;A
11;108256281;T;TA
11;108256282;A;T
11;108256283;C;T
11;108256284;A;T
11;108256284;A;G
11;108256287;G;A
11;108256290;G;A
11;108256290;G;T
11;108256291;T;TC
11;108256293;A;G
11;108256294;T;C
11;108256297;C;T
11;108256298;T;C
11;108256300;A;G
11;108256304;G;A
11;108256308;G;A
11;108256308;G;C
11;108256309;C;T
11;108256310;A;G
11;108256312;A;G
11;108256319;A;G
11;108256322;A;G
11;108256323;T;C
11;108256324;TATTCCAGAAAGCCAAGGTAGGA;T
11;108256326;T;C
11;108256328;C;T
11;108256329;C;G
11;108256330;A;G
11;108256336;C;G
11;108256338;A;G
11;108256339;A;C
11;108256340;G;A
11;108256342;TAGGAGA;T
11;108256347;G;T
11;108256347;G;C
11;108256349;A;AT
11;108256349;A;ACTTT
11;108256349;A;G
11;108256350;T;A
11;108256352;T;G
11;108256355;A;G
11;108256356;C;A
11;108256358;A;G
11;108256360;T;C
11;108256360;T;A
11;108256362;A;C
11;108256363;A;G
11;108256364;G;A
11;108256367;T;G
11;108256368;C;T
11;108256368;C;A
11;108256369;G;A
11;108256369;G;C
11;108256371;A;C
11;108256372;T;A
11;108256374;A;G
11;108256374;A;C
11;108256377;T;C
11;108256379;G;T
11;108256379;G;C
11;108256380;A;T
11;108256385;A;C
11;108256386;A;C
11;108256387;T;C
11;108256390;A;T
11;108256390;A;C
11;108256393;C;G
11;108256393;C;A
11;108256394;C;T
11;108256396;G;A
11;108256400;A;G
11;108256405;A;T
11;108256406;T;C
11;108256408;A;G
11;108256408;A;C
11;108256409;C;T
11;108256410;A;T
11;108256412;T;C
11;108256415;T;C
11;108257406;C;G
11;108257407;A;G
11;108257414;A;G
11;108257414;A;C
11;108257415;C;T
11;108257416;T;C
11;108257417;G;A
11;108257417;G;C
11;108257420;A;G
11;108257422;A;C
11;108257423;A;T
11;108257424;G;C
11;108257424;G;A
11;108257425;C;T
11;108257429;A;G
11;108257429;A;T
11;108257430;C;G
11;108257431;T;C
11;108257432;A;G
11;108257434;A;G
11;108257435;C;G
11;108257435;C;T
11;108257436;T;A
11;108257437;A;G
11;108257438;T;G
11;108257439;A;C
11;108257441;T;C
11;108257443;T;G
11;108257448;T;A
11;108257449;G;A
11;108257451;A;T
11;108257452;A;G
11;108257453;T;C
11;108257457;C;A
11;108257458;AT;A
11;108257458;A;AT
11;108257458;A;G
11;108257462;T;C
11;108257462;TTC;T
11;108257464;C;T
11;108257467;T;A
11;108257468;C;A
11;108257469;T;C
11;108257470;A;G
11;108257471;T;G
11;108257474;A;G
11;108257475;C;G
11;108257477;A;G
11;108257478;T;C
11;108257480;G;C
11;108257482;C;G
11;108257484;C;G
11;108257484;C;T
11;108257485;T;C
11;108257488;T;C
11;108257490;C;A
11;108257492;A;G
11;108257493;T;C
11;108257494;G;A
11;108257496;G;A
11;108257497;C;T
11;108257498;A;G
11;108257498;A;T
11;108257499;G;A
11;108257500;G;T
11;108257500;G;A
11;108257502;G;GA
11;108257504;A;C
11;108257504;A;G
11;108257505;A;G
11;108257506;G;A
11;108257511;A;T
11;108257511;ACT;A
11;108257511;A;G
11;108257512;C;A
11;108257512;C;G
11;108257514;C;G
11;108257516;G;GTT
11;108257516;G;A
11;108257519;T;A
11;108257520;A;C
11;108257523;AAT;A
11;108257524;AT;A
11;108257526;A;G
11;108257532;A;C
11;108257537;G;A
11;108257537;G;C
11;108257543;C;T
11;108257546;A;C
11;108257549;T;C
11;108257551;G;A
11;108257551;G;T
11;108257552;T;C
11;108257554;C;G
11;108257554;C;A
11;108257556;T;C
11;108257561;A;G
11;108257563;A;G
11;108257566;T;C
11;108257567;G;C
11;108257568;A;T
11;108257568;A;G
11;108257569;T;C
11;108257570;G;A
11;108257571;C;T
11;108257573;G;A
11;108257576;A;G
11;108257582;A;T
11;108257583;C;T
11;108257584;G;A
11;108257587;GCT;G
11;108257592;A;G
11;108257592;A;C
11;108257593;G;A
11;108257596;A;G
11;108257599;G;C
11;108257602;C;T
11;108257603;C;T
11;108257603;C;G
11;108257604;A;C
11;108257604;A;G
11;108257605;A;G
11;108257606;G;C
11;108257607;G;A
11;108257607;G;C
11;108257609;A;G
11;108257609;A;T
11;108257610;A;G
11;108257612;A;C
11;108257612;A;G
11;108257613;T;C
11;108257613;T;G
11;108257614;T;TTTC
11;108257614;T;G
11;108257614;TTTC;T
11;108257620;CT;C
11;108257620;C;G
11;108257622;T;C
11;108257623;CTTG;C
11;108257623;C;CTTGTT
11;108257623;C;G
11;108257626;G;C
11;108257626;G;A
11;108257626;GT;G
11;108257631;G;GT
11;108257632;T;C
11;108257633;T;G
11;108257636;T;C
11;108257638;G;T
11;108257642;T;C
11;108257644;G;C
11;108257646;A;G
11;108257647;TC;T
11;108257649;T;G
11;108257650;T;C
11;108257650;T;G
11;108257651;T;A
11;108257651;T;C
11;108257651;T;G
11;108257653;T;C
11;108257654;CT;C
11;108257655;T;A
11;108257655;T;C
11;108257660;C;A
11;108257660;C;T
11;108257665;G;A
11;108257666;C;A
11;108257668;G;A
11;108257672;T;G
11;108257672;T;C
11;108257673;G;A
11;108257673;GC;G
11;108257675;A;G
11;108257676;G;A
11;108257678;G;C
11;108257681;A;G
11;108258911;A;G
11;108258911;A;T
11;108258912;G;C
11;108258913;A;G
11;108258918;A;C
11;108258919;C;T
11;108258920;A;C
11;108258920;A;G
11;108258920;ACTGT;A
11;108258923;G;A
11;108258923;G;C
11;108258925;C;A
11;108258926;T;A
11;108258928;C;A
11;108258929;C;A
11;108258929;C;T
11;108258930;A;G
11;108258932;GAAT;G
11;108258932;G;T
11;108258934;A;G
11;108258936;A;C
11;108258937;A;T
11;108258937;A;G
11;108258940;G;T
11;108258940;G;GT
11;108258946;A;AT
11;108258947;TTTCTTTGTTGCTTGG;T
11;108258948;T;G
11;108258950;C;G
11;108258950;C;T
11;108258952;T;C
11;108258953;T;A
11;108258956;T;C
11;108258957;G;C
11;108258959;T;G
11;108258965;CTTTG;C
11;108258965;C;A
11;108258967;T;G
11;108258968;T;C
11;108258969;GT;G
11;108258969;G;T
11;108258969;G;C
11;108258970;T;A
11;108258971;T;C
11;108258973;G;T
11;108258973;G;C
11;108258977;T;A
11;108258979;A;G
11;108258980;T;A
11;108258981;T;C
11;108258983;C;T
11;108258984;A;G
11;108258986;A;C
11;108258986;A;G
11;108258988;G;A
11;108258992;C;A
11;108258993;C;G
11;108258995;A;T
11;108258995;A;C
11;108258996;A;G
11;108258998;A;C
11;108259000;G;A
11;108259003;T;C
11;108259004;G;T
11;108259005;C;T
11;108259006;A;G
11;108259006;A;T
11;108259008;C;T
11;108259011;G;A
11;108259012;C;T
11;108259013;T;G
11;108259015;T;C
11;108259017;T;C
11;108259018;C;T
11;108259018;C;A
11;108259020;T;G
11;108259021;G;T
11;108259022;C;G
11;108259022;C;T
11;108259023;G;A
11;108259023;G;T
11;108259025;T;C
11;108259026;T;C
11;108259027;G;A
11;108259027;G;T
11;108259028;T;C
11;108259031;A;C
11;108259033;A;G
11;108259033;A;T
11;108259034;T;G
11;108259035;C;T
11;108259035;C;A
11;108259037;A;C
11;108259037;A;G
11;108259040;C;G
11;108259042;A;T
11;108259043;A;G
11;108259046;A;G
11;108259047;A;G
11;108259049;G;T
11;108259051;C;T
11;108259051;C;A
11;108259052;A;G
11;108259055;G;C
11;108259056;C;T
11;108259057;A;C
11;108259058;G;A
11;108259058;G;C
11;108259059;A;T
11;108259059;A;G
11;108259060;T;C
11;108259063;T;C
11;108259064;T;C
11;108259068;A;G
11;108259070;A;C
11;108259071;G;A
11;108259071;G;C
11;108259074;T;G
11;108259075;A;G
11;108259076;G;A
11;108259077;T;C
11;108259079;A;C
11;108259079;A;G
11;108259082;A;G
11;108259083;T;A
11;108259083;T;C
11;108259085;C;T
11;108259092;T;C
11;108259094;T;G
11;108259095;T;G
11;108259096;G;T
11;108259099;A;G
11;108259101;CAT;C
11;108259102;A;G
11;108259102;A;C
11;108259104;A;G
11;108259105;T;G
11;108259109;G;T
11;108259113;C;G
11;108259118;A;T
11;108259119;G;A
11;108259120;G;A
11;108259121;C;T
11;108259121;CA;C
11;108259122;A;G
11;108259123;T;C
11;108259125;A;G
11;108259125;AT;A
11;108259126;T;C
11;108259126;T;G
11;108259127;T;G
11;108259132;T;C
11;108259133;G;A
11;108259133;G;T
11;108259133;G;C
11;108259136;G;A
11;108259138;A;C
11;108259141;A;C
11;108259142;T;C
11;108259143;C;T
11;108259146;T;C
11;108259147;G;A
11;108259148;T;A
11;108259150;A;G
11;108267096;T;C
11;108267097;GA;G
11;108267098;A;T
11;108267100;T;G
11;108267100;T;A
11;108267101;A;G
11;108267101;A;C
11;108267102;G;C
11;108267104;T;C
11;108267104;T;A
11;108267105;A;G
11;108267106;A;T
11;108267109;T;G
11;108267114;C;T
11;108267114;C;G
11;108267116;A;G
11;108267117;C;T
11;108267118;A;G
11;108267119;G;C
11;108267120;C;T
11;108267121;A;T
11;108267121;A;G
11;108267123;G;A
11;108267126;C;T
11;108267127;C;T
11;108267129;G;A
11;108267130;C;T
11;108267131;A;G
11;108267131;AAG;A
11;108267132;A;G
11;108267133;G;A
11;108267135;A;C
11;108267136;G;C
11;108267136;G;T
11;108267136;G;A
11;108267139;A;G
11;108267140;T;C
11;108267141;C;G
11;108267142;T;G
11;108267142;T;C
11;108267144;G;T
11;108267147;C;T
11;108267147;C;G
11;108267148;A;T
11;108267148;AT;A
11;108267148;A;G
11;108267150;CTTTG;C
11;108267150;C;G
11;108267150;C;A
11;108267151;T;G
11;108267159;T;G
11;108267160;C;G
11;108267162;T;A
11;108267163;C;T
11;108267164;C;T
11;108267165;TTGAAGGC;T
11;108267167;G;T
11;108267169;A;C
11;108267169;A;T
11;108267170;G;A
11;108267171;G;C
11;108267176;C;T
11;108267177;T;G
11;108267178;T;G
11;108267179;C;T
11;108267180;A;C
11;108267182;CA;C
11;108267182;C;G
11;108267184;A;G
11;108267185;A;G
11;108267189;C;G
11;108267189;C;A
11;108267190;C;T
11;108267191;A;G
11;108267193;T;C
11;108267195;G;A
11;108267196;A;G
11;108267198;C;A
11;108267198;C;T
11;108267199;G;T
11;108267199;G;A
11;108267200;TGGA;T
11;108267200;T;C
11;108267202;G;A
11;108267202;G;C
11;108267203;A;C
11;108267204;G;GA
11;108267205;A;T
11;108267205;A;G
11;108267206;A;G
11;108267206;A;C
11;108267207;G;T
11;108267208;T;C
11;108267210;G;GA
11;108267210;G;A
11;108267214;C;T
11;108267215;A;G
11;108267216;A;G
11;108267219;G;C
11;108267221;A;T
11;108267223;A;T
11;108267224;TG;T
11;108267225;G;A
11;108267226;A;C
11;108267226;A;G
11;108267227;T;C
11;108267229;C;A
11;108267230;TAATGGA;T
11;108267231;A;G
11;108267232;A;G
11;108267233;TG;T
11;108267235;G;C
11;108267235;G;A
11;108267236;A;G
11;108267237;A;C
11;108267238;A;G
11;108267240;C;G
11;108267240;C;A
11;108267241;T;G
11;108267242;A;G
11;108267243;A;G
11;108267244;T;A
11;108267245;G;A
11;108267245;G;T
11;108267247;A;G
11;108267249;G;A
11;108267249;G;T
11;108267253;A;T
11;108267253;AG;A
11;108267254;G;T
11;108267254;G;A
11;108267255;G;C
11;108267256;A;G
11;108267257;T;TC
11;108267257;T;G
11;108267258;C;T
11;108267259;A;G
11;108267260;G;A
11;108267261;T;C
11;108267262;C;T
11;108267264;T;C
11;108267265;C;A
11;108267267;A;C
11;108267267;A;T
11;108267267;A;G
11;108267268;T;C
11;108267270;A;G
11;108267271;A;G
11;108267272;T;C
11;108267273;C;G
11;108267273;CTATT;C
11;108267274;TA;T
11;108267275;A;G
11;108267275;A;AT
11;108267275;A;T
11;108267276;T;C
11;108267277;T;C
11;108267281;C;G
11;108267281;C;T
11;108267282;G;A
11;108267283;A;G
11;108267283;A;T
11;108267284;T;G
11;108267287;C;T
11;108267287;C;A
11;108267288;C;T
11;108267289;C;G
11;108267293;T;C
11;108267294;A;G
11;108267295;G;A
11;108267302;T;G
11;108267303;A;AGT
11;108267307;A;G
11;108267310;C;G
11;108267310;C;T
11;108267310;C;A
11;108267312;A;G
11;108267314;C;G
11;108267314;C;T
11;108267318;C;A
11;108267318;C;T
11;108267319;C;T
11;108267323;A;G
11;108267329;C;A
11;108267329;C;T
11;108267333;A;G
11;108267333;A;T
11;108267333;A;C
11;108267334;G;C
11;108267335;T;C
11;108267336;A;G
11;108267338;C;G
11;108267339;A;G
11;108267340;T;C
11;108267341;A;G
11;108267342;G;C
11;108267343;G;A
11;108267344;T;C
11;108267345;A;G
11;108267346;AATAC;A
11;108267347;A;AT
11;108267348;T;C
11;108267349;A;G
11;108267350;C;A
11;108267350;C;T
11;108267351;A;T
11;108267351;A;C
11;108267351;A;G
11;108267353;A;G
11;108267353;A;ATTTAC
11;108267354;T;C
11;108267358;C;T
11;108267358;C;G
11;108267359;T;C
11;108267360;A;T
11;108267360;A;G
11;108267361;C;A
11;108267363;T;A
11;108267365;G;C
11;108267366;G;A
11;108267367;A;C
11;108267367;AT;A
11;108267368;T;C
11;108267369;T;C
11;108267371;C;G
11;108267371;C;CT
11;108267371;CT;C
11;108267373;T;G
11;108267375;T;C
11;108267375;T;A
11;108267376;A;C
11;108267377;C;G
11;108267377;C;A
11;108267380;C;G
11;108267381;T;G
11;108267382;T;C
11;108267383;TA;T
11;108267383;T;A
11;108267386;A;G
11;108267389;G;T
11;108267392;T;G
11;108267394;G;T
11;108267395;G;T
11;108267396;C;G
11;108267397;A;T
11;108267397;A;G
11;108267398;G;A
11;108267399;T;C
11;108267400;A;G
11;108267401;T;A
11;108267402;A;C
11;108267407;G;A
11;108267409;C;G
11;108267411;C;T
11;108267413;T;G
11;108267413;T;C
11;108267416;A;G
11;108267417;T;A
11;108267417;T;TA
11;108268336;A;C
11;108268339;T;C
11;108268342;G;A
11;108268344;G;A
11;108268347;A;G
11;108268350;A;G
11;108268352;G;C
11;108268353;A;C
11;108268353;A;T
11;108268354;C;A
11;108268354;C;G
11;108268355;T;C
11;108268356;A;G
11;108268357;T;C
11;108268358;A;G
11;108268360;A;G
11;108268360;A;T
11;108268361;T;C
11;108268364;C;A
11;108268366;G;C
11;108268367;T;G
11;108268369;G;T
11;108268370;T;C
11;108268372;C;G
11;108268372;C;T
11;108268372;CCCTT;C
11;108268373;C;T
11;108268373;C;G
11;108268374;C;G
11;108268374;C;T
11;108268376;T;A
11;108268378;T;TC
11;108268379;C;G
11;108268379;C;T
11;108268379;CTTAGTG;C
11;108268379;CTT;C
11;108268380;T;A
11;108268380;T;C
11;108268384;T;C
11;108268386;TTAA;T
11;108268388;A;G
11;108268390;T;C
11;108268390;T;G
11;108268391;G;T
11;108268392;A;G
11;108268393;G;T
11;108268393;G;A
11;108268395;G;T
11;108268401;T;A
11;108268401;T;G
11;108268402;A;T
11;108268403;T;C
11;108268407;T;C
11;108268411;T;C
11;108268415;A;G
11;108268418;A;G
11;108268419;A;T
11;108268420;T;G
11;108268421;C;G
11;108268421;C;T
11;108268426;A;T
11;108268430;G;A
11;108268434;A;G
11;108268437;A;T
11;108268439;C;G
11;108268439;C;T
11;108268440;T;G
11;108268443;C;G
11;108268446;A;G
11;108268448;C;T
11;108268449;A;G
11;108268450;A;G
11;108268450;A;T
11;108268451;G;C
11;108268452;A;T
11;108268452;A;G
11;108268453;T;C
11;108268454;C;G
11;108268456;A;T
11;108268456;A;G
11;108268457;CT;C
11;108268457;C;G
11;108268459;TTTC;T
11;108268459;T;C
11;108268460;T;A
11;108268460;T;C
11;108268460;T;G
11;108268461;T;C
11;108268462;C;G
11;108268463;T;G
11;108268464;T;G
11;108268464;T;C
11;108268465;A;C
11;108268468;C;T
11;108268468;C;G
11;108268469;A;G
11;108268470;T;C
11;108268474;C;T
11;108268475;A;G
11;108268479;T;A
11;108268480;C;A
11;108268481;T;C
11;108268483;G;A
11;108268487;TTGTG;T
11;108268487;T;C
11;108268487;T;A
11;108268489;G;T
11;108268489;G;A
11;108268491;G;A
11;108268491;G;T
11;108268493;G;A
11;108268494;T;C
11;108268496;A;G
11;108268497;C;T
11;108268499;A;G
11;108268500;C;G
11;108268501;T;TAG
11;108268502;G;A
11;108268503;C;T
11;108268504;T;C
11;108268505;C;T
11;108268506;A;G
11;108268507;G;A
11;108268509;C;A
11;108268511;A;T
11;108268512;A;G
11;108268513;T;C
11;108268514;A;G
11;108268515;C;G
11;108268517;G;A
11;108268519;G;T
11;108268520;T;C
11;108268521;C;T
11;108268521;C;G
11;108268522;C;T
11;108268522;C;G
11;108268525;T;C
11;108268526;A;C
11;108268533;C;G
11;108268535;G;C
11;108268537;T;C
11;108268539;T;A
11;108268539;T;C
11;108268541;C;A
11;108268541;C;T
11;108268542;G;A
11;108268542;G;C
11;108268543;G;A
11;108268548;AAT;A
11;108268549;A;G
11;108268552;G;T
11;108268556;A;T
11;108268557;T;C
11;108268557;T;A
11;108268560;T;G
11;108268562;A;G
11;108268565;G;T
11;108268567;T;C
11;108268568;TCTAGCA;T
11;108268569;C;G
11;108268571;A;G
11;108268572;G;T
11;108268574;A;T
11;108268574;A;G
11;108268574;A;C
11;108268575;C;A
11;108268575;C;T
11;108268575;C;CGCTA
11;108268575;C;G
11;108268576;G;A
11;108268576;G;T
11;108268576;G;C
11;108268579;A;G
11;108268583;C;T
11;108268584;C;T
11;108268586;AC;A
11;108268586;A;G
11;108268589;A;G
11;108268590;A;T
11;108268590;A;G
11;108268591;A;C
11;108268593;C;T
11;108268594;C;G
11;108268594;C;A
11;108268595;C;G
11;108268595;C;T
11;108268597;C;T
11;108268600;C;T
11;108268600;C;A
11;108268602;T;G
11;108268603;G;C
11;108268604;C;T
11;108268605;A;T
11;108268606;T;C
11;108268607;A;G
11;108268609;G;A
11;108268611;TGA;T
11;108268612;G;C
11;108268613;A;G
11;108268615;T;A
11;108268615;T;C
11;108268616;T;TA
11;108268616;T;C
11;108268617;A;G
11;108268618;C;A
11;108268618;C;G
11;108268618;C;T
11;108268619;G;A
11;108268621;T;G
11;108268622;A;G
11;108268623;A;G
11;108268625;TGAA;T
11;108268626;G;C
11;108268629;G;A
11;108268630;A;C
11;108268632;G;A
11;108268633;C;G
11;108268634;T;G
11;108268637;T;TA
11;108268639;G;A
11;108268640;A;AT
11;108268641;T;G
11;108268647;C;G
11;108268647;C;A
11;108268649;G;T
11;108268649;G;C
11;108268649;G;A
11;108268650;A;T
11;108268651;T;C
11;108268655;G;T
11;108268655;G;A
11;108268658;G;T
11;108268660;C;A
11;108268662;A;G
11;108268664;A;G
11;108268664;A;T
11;108268665;T;A
11;108268666;G;A
11;108268667;T;C
11;108268669;A;AGTTGC
11;108268669;A;G
11;108268670;T;A
11;108268672;A;ACTAAAT
11;108268674;T;TAAGATGTTGC
11;108268676;G;T
11;108268677;A;G
11;108268677;A;ACAC
11;108268678;C;T
11;108268678;C;CA
11;108268679;A;G
11;108268680;T;C
11;108268682;T;G
11;108268682;TA;T
11;108268683;A;G
11;108270989;C;A
11;108270989;C;T
11;108270990;G;A
11;108270991;G;C
11;108270992;C;G
11;108270993;C;T
11;108270995;A;C
11;108270995;A;G
11;108270997;G;A
11;108271000;T;C
11;108271001;A;G
11;108271003;A;G
11;108271004;T;C
11;108271004;T;A
11;108271006;CTT;C
11;108271006;C;CT
11;108271006;C;A
11;108271008;T;C
11;108271009;T;G
11;108271009;T;C
11;108271010;T;C
11;108271011;T;G
11;108271012;A;T
11;108271012;A;G
11;108271015;G;A
11;108271016;T;A
11;108271017;A;T
11;108271017;A;G
11;108271021;G;A
11;108271026;G;A
11;108271027;T;G
11;108271028;G;A
11;108271029;G;C
11;108271029;G;A
11;108271030;A;G
11;108271030;A;T
11;108271035;C;T
11;108271035;C;A
11;108271035;C;G
11;108271036;C;G
11;108271037;T;A
11;108271038;G;T
11;108271039;A;AT
11;108271039;A;G
11;108271039;AT;A
11;108271039;A;T
11;108271041;T;G
11;108271043;T;A
11;108271046;T;C
11;108271048;C;T
11;108271049;C;T
11;108271053;T;A
11;108271053;T;C
11;108271054;A;G
11;108271055;C;T
11;108271056;C;T
11;108271057;A;G
11;108271058;T;C
11;108271060;T;C
11;108271060;T;TGA
11;108271061;T;A
11;108271063;G;A
11;108271063;G;C
11;108271065;A;G
11;108271066;T;C
11;108271070;A;T
11;108271070;A;G
11;108271072;G;A
11;108271073;C;T
11;108271074;T;G
11;108271076;T;G
11;108271077;T;G
11;108271077;T;C
11;108271079;A;C
11;108271084;G;A
11;108271086;T;G
11;108271087;T;C
11;108271087;T;G
11;108271088;C;T
11;108271090;T;G
11;108271092;G;A
11;108271094;G;A
11;108271096;A;G
11;108271097;G;C
11;108271098;A;G
11;108271098;A;T
11;108271103;C;A
11;108271104;C;A
11;108271104;C;T
11;108271105;C;G
11;108271106;T;G
11;108271108;G;C
11;108271109;C;A
11;108271110;C;G
11;108271112;A;G
11;108271114;G;A
11;108271114;G;T
11;108271116;A;T
11;108271119;A;T
11;108271120;T;C
11;108271125;T;G
11;108271126;T;C
11;108271126;T;G
11;108271129;A;G
11;108271130;C;CTTCT
11;108271133;C;T
11;108271139;C;T
11;108271140;C;T
11;108271141;A;T
11;108271142;C;A
11;108271142;C;G
11;108271142;C;T
11;108271144;A;G
11;108271146;C;G
11;108271146;C;T
11;108271147;G;C
11;108271147;G;A
11;108271147;G;T
11;108271148;T;G
11;108271149;A;T
11;108271155;T;G
11;108271156;T;G
11;108271161;C;A
11;108271162;CTTATG;C
11;108271162;C;A
11;108271162;C;T
11;108271163;T;C
11;108271164;T;C
11;108271164;T;TA
11;108271166;T;G
11;108271167;GT;G
11;108271167;G;GT
11;108271170;A;G
11;108271171;T;C
11;108271171;T;G
11;108271172;G;T
11;108271172;G;A
11;108271173;T;A
11;108271175;C;T
11;108271175;C;A
11;108271176;A;T
11;108271177;C;G
11;108271177;C;T
11;108271180;T;C
11;108271181;A;T
11;108271182;A;T
11;108271184;G;C
11;108271187;A;G
11;108271188;T;C
11;108271189;A;G
11;108271191;A;G
11;108271192;A;G
11;108271193;TAACTG;T
11;108271197;TG;T
11;108271197;T;G
11;108271199;A;G
11;108271203;G;A
11;108271210;T;A
11;108271211;A;G
11;108271212;A;T
11;108271214;C;A
11;108271215;T;G
11;108271216;T;G
11;108271217;A;G
11;108271219;A;G
11;108271222;G;A
11;108271222;G;C
11;108271227;ACTT;A
11;108271227;AC;A
11;108271228;CTTT;C
11;108271228;C;CT
11;108271228;C;A
11;108271228;CTT;C
11;108271228;C;CTTT
11;108271228;CTTTT;C
11;108271228;C;CTT
11;108271228;CTTTTT;C
11;108271228;CT;C
11;108271229;T;TG
11;108271229;T;A
11;108271230;T;G
11;108271231;T;G
11;108271233;T;C
11;108271236;T;C
11;108271237;T;C
11;108271238;T;C
11;108271242;T;C
11;108271243;T;A
11;108271243;T;C
11;108271243;T;TA
11;108271244;A;G
11;108271246;C;T
11;108271247;A;G
11;108271251;C;T
11;108271253;A;G
11;108271254;T;C
11;108271255;G;T
11;108271255;G;C
11;108271256;T;C
11;108271259;G;A
11;108271261;T;C
11;108271262;C;A
11;108271263;T;G
11;108271266;GT;G
11;108271268;A;G
11;108271268;A;T
11;108271269;T;C
11;108271270;C;T
11;108271271;G;A
11;108271272;T;C
11;108271273;C;T
11;108271274;G;A
11;108271274;G;T
11;108271275;T;C
11;108271276;G;T
11;108271276;G;A
11;108271279;C;T
11;108271281;A;G
11;108271282;G;C
11;108271283;A;G
11;108271283;ATGTT;A
11;108271283;A;T
11;108271284;T;C
11;108271285;G;A
11;108271286;T;C
11;108271287;T;G
11;108271288;T;C
11;108271289;G;A
11;108271291;A;G
11;108271296;T;C
11;108271297;A;G
11;108271298;T;C
11;108271299;T;C
11;108271301;T;C
11;108271305;C;A
11;108271307;A;G
11;108271308;T;C
11;108271309;G;A
11;108271311;C;T
11;108271312;C;A
11;108271312;C;T
11;108271312;C;G
11;108271316;A;C
11;108271317;T;G
11;108271317;T;C
11;108271318;G;A
11;108271319;T;C
11;108271320;A;G
11;108271321;G;A
11;108271323;GA;G
11;108271323;G;A
11;108271326;A;C
11;108271330;C;G
11;108271332;A;G
11;108271332;A;C
11;108271336;C;A
11;108271341;C;T
11;108271343;A;G
11;108271344;T;C
11;108271345;A;G
11;108271346;T;C
11;108271349;ACT;A
11;108271349;A;G
11;108271351;T;C
11;108271353;T;G
11;108271354;G;C
11;108271356;G;A
11;108271359;C;T
11;108271361;C;G
11;108271361;C;A
11;108271363;A;T
11;108271365;G;A
11;108271367;A;C
11;108271369;G;A
11;108271369;G;C
11;108271374;A;C
11;108271376;G;T
11;108271378;C;T
11;108271379;A;T
11;108271380;G;A
11;108271384;C;G
11;108271386;T;TA
11;108271386;T;C
11;108271387;A;T
11;108271387;A;G
11;108271388;C;A
11;108271388;C;T
11;108271390;G;C
11;108271394;T;C
11;108271395;T;C
11;108271395;T;A
11;108271398;A;G
11;108271400;C;T
11;108271401;A;G
11;108271406;G;A
11;108271407;G;T
11;108271407;G;A
11;108271409;A;C
11;108271410;G;A
11;108271411;G;A
11;108271413;A;C
11;108271414;C;G
11;108271414;C;A
11;108271414;CA;C
11;108271416;G;A
11;108271418;C;CT
11;108271420;A;G
11;108271421;T;C
11;108271423;T;C
11;108271424;TGTG;T
11;108271425;G;T
11;108271426;T;C
11;108271427;G;A
11;108271427;G;T
11;108271430;C;T
11;108271431;C;T
11;108271431;C;G
11;108271432;T;A
11;108271433;A;G
11;108271439;C;G
11;108271441;T;G
11;108271447;A;C
11;108271447;A;G
11;108271449;CTG;C
11;108271451;G;T
11;108271452;T;C
11;108271452;TG;T
11;108271453;G;A
11;108271454;G;C
11;108271456;T;C
11;108271458;C;T
11;108271458;C;G
11;108271459;G;A
11;108271461;A;G
11;108271464;C;T
11;108271466;A;C
11;108271466;A;G
11;108271467;G;A
11;108271471;T;C
11;108271472;G;A
11;108271474;A;G
11;108271476;C;T
11;108271476;C;A
11;108271478;A;T
11;108271479;C;T
11;108271481;T;A
11;108272457;A;G
11;108272463;T;A
11;108272464;T;C
11;108272467;A;G
11;108272467;A;AGT
11;108272469;T;G
11;108272481;G;A
11;108272482;T;C
11;108272483;G;T
11;108272484;C;A
11;108272485;T;C
11;108272488;T;C
11;108272489;A;G
11;108272491;C;T
11;108272492;A;G
11;108272494;A;G
11;108272495;A;G
11;108272497;G;T
11;108272498;ATTAT;A
11;108272498;A;G
11;108272500;T;C
11;108272501;A;G
11;108272509;T;C
11;108272510;T;G
11;108272510;T;C
11;108272511;G;A
11;108272511;G;C
11;108272511;G;T
11;108272512;GA;G
11;108272515;A;G
11;108272517;C;A
11;108272518;T;G
11;108272520;A;T
11;108272521;C;T
11;108272524;G;T
11;108272525;A;G
11;108272531;G;A
11;108272532;G;A
11;108272532;G;T
11;108272534;A;G
11;108272535;T;C
11;108272536;C;T
11;108272536;C;G
11;108272537;T;TA
11;108272539;A;T
11;108272542;A;G
11;108272544;G;A
11;108272546;A;G
11;108272547;G;T
11;108272549;G;A
11;108272550;G;T
11;108272553;A;G
11;108272556;T;C
11;108272560;T;C
11;108272562;C;T
11;108272564;C;A
11;108272564;C;G
11;108272564;C;T
11;108272566;G;GT
11;108272566;G;A
11;108272568;A;T
11;108272572;A;G
11;108272575;G;T
11;108272578;C;T
11;108272578;C;A
11;108272580;A;G
11;108272585;A;G
11;108272586;T;C
11;108272588;G;A
11;108272589;C;T
11;108272590;C;T
11;108272591;T;C
11;108272592;T;G
11;108272592;T;C
11;108272597;C;CT
11;108272600;T;A
11;108272600;T;G
11;108272601;G;T
11;108272603;T;G
11;108272604;T;C
11;108272605;G;C
11;108272606;A;G
11;108272606;A;C
11;108272608;G;A
11;108272616;T;C
11;108272618;G;A
11;108272618;G;C
11;108272620;A;AT
11;108272620;A;G
11;108272620;AT;A
11;108272621;T;A
11;108272623;T;G
11;108272625;T;C
11;108272627;T;C
11;108272627;T;A
11;108272631;A;G
11;108272634;A;G
11;108272635;T;C
11;108272639;C;A
11;108272640;A;G
11;108272641;T;C
11;108272643;G;T
11;108272644;A;C
11;108272649;T;G
11;108272653;A;G
11;108272653;A;T
11;108272655;G;A
11;108272656;C;T
11;108272658;G;A
11;108272660;C;G
11;108272660;C;CT
11;108272660;CTTTG;C
11;108272661;T;A
11;108272663;TG;T
11;108272664;G;A
11;108272664;G;T
11;108272665;T;A
11;108272667;T;C
11;108272667;TGTTA;T
11;108272668;G;T
11;108272668;G;A
11;108272670;TA;T
11;108272671;A;G
11;108272676;G;A
11;108272678;A;C
11;108272678;A;G
11;108272678;A;T
11;108272682;T;C
11;108272682;T;G
11;108272684;T;C
11;108272684;TC;T
11;108272686;T;C
11;108272687;C;G
11;108272687;C;T
11;108272689;A;G
11;108272689;AT;A
11;108272694;A;G
11;108272695;T;C
11;108272696;A;G
11;108272702;C;T
11;108272705;C;T
11;108272706;A;G
11;108272706;A;C
11;108272708;T;C
11;108272710;C;A
11;108272710;C;T
11;108272711;T;C
11;108272712;TTTC;T
11;108272714;T;C
11;108272715;C;A
11;108272717;C;G
11;108272717;C;T
11;108272718;G;T
11;108272718;G;A
11;108272720;A;G
11;108272722;G;T
11;108272723;C;T
11;108272728;C;T
11;108272729;C;G
11;108272729;C;T
11;108272729;C;A
11;108272733;T;C
11;108272735;C;T
11;108272736;A;G
11;108272737;A;G
11;108272740;T;A
11;108272741;G;T
11;108272741;G;A
11;108272743;G;T
11;108272743;G;A
11;108272744;C;T
11;108272746;ATTC;A
11;108272754;T;C
11;108272754;T;G
11;108272755;G;GT
11;108272757;A;G
11;108272758;A;G
11;108272759;T;C
11;108272760;G;A
11;108272762;G;A
11;108272764;A;C
11;108272765;A;G
11;108272767;G;C
11;108272767;G;T
11;108272769;CT;C
11;108272772;TC;T
11;108272773;C;T
11;108272775;T;G
11;108272775;T;C
11;108272776;G;A
11;108272780;A;G
11;108272781;T;A
11;108272781;T;C
11;108272782;G;T
11;108272783;A;G
11;108272784;A;G
11;108272787;A;G
11;108272788;T;C
11;108272792;C;T
11;108272796;A;G
11;108272799;T;A
11;108272803;G;T
11;108272804;C;T
11;108272804;C;G
11;108272805;T;C
11;108272808;C;T
11;108272808;C;A
11;108272810;A;G
11;108272812;C;CTG
11;108272812;C;T
11;108272812;C;G
11;108272814;TC;T
11;108272815;C;T
11;108272816;A;G
11;108272816;A;T
11;108272817;C;G
11;108272817;CCAAGTTCG;C
11;108272818;C;G
11;108272819;A;G
11;108272822;T;A
11;108272824;C;G
11;108272824;C;T
11;108272825;G;A
11;108272825;G;T
11;108272826;C;T
11;108272827;A;C
11;108272827;A;G
11;108272828;T;C
11;108272833;G;T
11;108272833;G;A
11;108272835;T;C
11;108272837;C;T
11;108272841;G;A
11;108272843;C;T
11;108272844;A;G
11;108272845;A;G
11;108272847;CAA;C
11;108272847;CA;C
11;108272848;A;G
11;108272849;A;G
11;108272850;T;C
11;108272851;A;C
11;108272852;G;A
11;108272854;TA;T
11;108272858;G;A
11;108272858;G;C
11;108272859;G;A
11;108272859;G;C
11;108272868;T;G
11;108272870;C;G
11;108272870;C;A
11;108272873;G;C
11;108272874;A;C
11;108272875;A;G
11;108272877;TATTTGG;T
11;108272881;T;G
11;108272883;G;T
11;108272884;A;G
11;108272886;T;C
11;108272888;C;T
11;108272889;T;C
11;108272889;T;A
11;108272890;G;A
11;108272891;C;G
11;108272892;A;G
11;108272893;G;T
11;108272894;A;T
11;108272895;T;A
11;108272897;G;T
11;108272900;G;A
11;108272900;G;C
11;108272901;T;C
11;108272904;AATGTCTTACATAGT;A
11;108272905;A;G
11;108272907;G;A
11;108272909;C;G
11;108272911;T;C
11;108272914;A;G
11;108272915;T;C
11;108272918;T;C
11;108272919;A;G
11;108272921;C;T
11;108272922;A;C
11;108272925;T;G
11;108272926;C;A
11;108272926;C;T
11;108272927;A;C
11;108279419;CTTT;C
11;108279423;G;T
11;108279427;A;G
11;108279431;G;A
11;108279432;G;C
11;108279436;T;C
11;108279439;A;G
11;108279440;A;G
11;108279441;T;C
11;108279444;G;C
11;108279444;GA;G
11;108279449;T;C
11;108279450;T;C
11;108279451;A;G
11;108279452;T;C
11;108279454;T;C
11;108279457;C;T
11;108279457;C;G
11;108279459;TTTTG;T
11;108279459;T;TTTTG
11;108279461;T;A
11;108279461;T;C
11;108279463;G;A
11;108279465;T;G
11;108279466;T;G
11;108279467;G;C
11;108279467;G;T
11;108279469;T;G
11;108279472;T;C
11;108279472;T;TTTGC
11;108279476;CT;C
11;108279476;C;T
11;108279480;C;T
11;108279480;CTTGTT;C
11;108279480;CT;C
11;108279483;G;A
11;108279484;T;C
11;108279488;AAGATTGTTCCAGGACACGAAGGG;A
11;108279489;A;G
11;108279492;T;G
11;108279497;C;G
11;108279498;C;G
11;108279499;A;G
11;108279501;G;A
11;108279501;G;T
11;108279504;A;C
11;108279505;C;G
11;108279505;C;T
11;108279506;G;A
11;108279509;G;A
11;108279510;G;T
11;108279510;G;A
11;108279513;G;C
11;108279513;G;A
11;108279514;A;C
11;108279515;T;G
11;108279516;TC;T
11;108279517;C;G
11;108279517;C;A
11;108279518;T;C
11;108279519;T;TC
11;108279519;T;C
11;108279520;C;T
11;108279520;C;G
11;108279522;A;G
11;108279523;G;C
11;108279523;G;A
11;108279524;G;T
11;108279526;T;A
11;108279528;C;T
11;108279530;G;A
11;108279530;G;C
11;108279534;G;A
11;108279535;C;T
11;108279536;A;G
11;108279536;A;C
11;108279537;C;T
11;108279537;C;G
11;108279538;T;C
11;108279539;T;G
11;108279540;C;G
11;108279540;C;T
11;108279541;C;T
11;108279542;T;A
11;108279547;A;G
11;108279547;A;T
11;108279548;G;A
11;108279549;C;T
11;108279552;C;T
11;108279553;A;G
11;108279554;GCAAA;G
11;108279555;C;T
11;108279555;CA;C
11;108279557;A;G
11;108279558;A;G
11;108279559;CAGCTTTTGAAAATGCATACTTGAA;C
11;108279559;C;T
11;108279560;A;G
11;108279561;G;T
11;108279562;C;T
11;108279566;T;G
11;108279571;A;G
11;108279573;G;A
11;108279575;A;G
11;108279576;T;A
11;108279577;A;T
11;108279577;A;G
11;108279578;C;G
11;108279579;T;A
11;108279579;T;C
11;108279580;T;G
11;108279581;G;A
11;108279584;A;G
11;108279587;T;C
11;108279587;T;A
11;108279588;C;G
11;108279589;A;G
11;108279594;G;A
11;108279596;A;T
11;108279600;A;T
11;108279602;A;AG
11;108279602;A;T
11;108279604;A;C
11;108279611;A;G
11;108279612;A;G
11;108279612;A;C
11;108279613;T;C
11;108279617;A;G
11;108279618;A;C
11;108279619;G;GTAACA
11;108279619;G;A
11;108279621;A;G
11;108279621;A;C
11;108279622;A;C
11;108279623;C;T
11;108279624;A;G
11;108279625;T;C
11;108279625;T;A
11;108279626;G;C
11;108279626;G;A
11;108279628;A;T
11;108279630;T;C
11;108279632;G;T
11;108279635;G;A
11;108279635;G;C
11;108279637;TATC;T
11;108279639;T;C
11;108279639;T;TCATAGCAAG
11;108279640;C;T
11;108279641;A;G
11;108279644;T;A
11;108279644;T;G
11;108279645;G;A
11;108279647;T;A
11;108279647;T;C
11;108279649;G;T
11;108279650;C;T
11;108279650;C;G
11;108279652;A;C
11;108279653;T;C
11;108279654;G;T
11;108279660;C;A
11;108279660;C;T
11;108279661;C;A
11;108279668;T;G
11;108279670;A;G
11;108279671;C;A
11;108279672;T;C
11;108279673;T;G
11;108279674;C;A
11;108279674;C;T
11;108279676;C;T
11;108279677;C;A
11;108279678;A;G
11;108279679;A;G
11;108280922;C;G
11;108280922;C;T
11;108280923;A;G
11;108280923;A;C
11;108280927;G;C
11;108280933;T;G
11;108280934;T;C
11;108280935;A;G
11;108280937;A;T
11;108280940;T;C
11;108280940;T;G
11;108280940;T;A
11;108280941;G;T
11;108280943;T;A
11;108280946;T;A
11;108280947;T;TA
11;108280950;A;C
11;108280950;A;G
11;108280951;C;T
11;108280952;A;T
11;108280952;ATTTACAT;A
11;108280952;A;G
11;108280953;TTTACATTTTACATTAC;T
11;108280954;T;C
11;108280957;C;T
11;108280958;A;G
11;108280958;A;T
11;108280959;T;C
11;108280959;T;A
11;108280960;T;G
11;108280960;TTTACA;T
11;108280961;T;A
11;108280962;T;A
11;108280962;T;C
11;108280963;A;G
11;108280965;A;G
11;108280966;TTACA;T
11;108280966;T;A
11;108280968;A;T
11;108280968;A;C
11;108280970;A;ATT
11;108280970;A;AT
11;108280970;A;T
11;108280970;AT;A
11;108280970;A;ATTTTTTTTTTT
11;108280972;T;A
11;108280972;T;TA
11;108280973;T;TC
11;108280975;T;TC
11;108280975;T;A
11;108280979;T;TA
11;108280980;T;A
11;108280980;TAA;T
11;108280980;T;TTTA
11;108280980;T;TA
11;108280980;T;TTA
11;108280981;A;G
11;108280981;A;AT
11;108280982;A;AG
11;108280992;A;C
11;108280994;G;A
11;108280996;C;A
11;108280997;C;G
11;108280997;C;T
11;108280998;C;T
11;108280998;C;G
11;108280999;A;G
11;108281003;T;C
11;108281006;T;C
11;108281007;G;C
11;108281007;G;A
11;108281008;A;T
11;108281012;C;A
11;108281012;C;T
11;108281016;G;A
11;108281019;A;T
11;108281020;C;T
11;108281023;T;C
11;108281024;G;A
11;108281025;G;A
11;108281026;A;G
11;108281027;T;A
11;108281029;A;G
11;108281031;A;G
11;108281035;A;G
11;108281038;A;G
11;108281038;A;C
11;108281038;A;T
11;108281041;GAAAAT;G
11;108281041;G;C
11;108281042;A;G
11;108281045;A;G
11;108281046;T;C
11;108281047;C;A
11;108281049;G;A
11;108281051;T;C
11;108281051;T;G
11;108281052;T;C
11;108281059;C;T
11;108281060;G;A
11;108281063;G;A
11;108281065;T;C
11;108281066;AG;A
11;108281070;G;A
11;108281070;G;C
11;108281072;G;A
11;108281073;G;A
11;108281080;C;A
11;108281081;C;A
11;108281082;T;A
11;108281083;G;A
11;108281085;A;G
11;108281086;G;A
11;108281087;C;T
11;108281087;C;A
11;108281090;T;TA
11;108281091;A;G
11;108281092;T;A
11;108281094;T;TG
11;108281096;C;T
11;108281097;G;GA
11;108281097;G;A
11;108281099;A;G
11;108281103;C;G
11;108281104;A;G
11;108281106;G;T
11;108281106;G;C
11;108281107;C;T
11;108281109;T;C
11;108281109;T;G
11;108281111;G;C
11;108281112;T;G
11;108281113;T;C
11;108281116;C;A
11;108281117;C;T
11;108281118;C;G
11;108281119;T;A
11;108281120;G;A
11;108281120;G;T
11;108281121;T;C
11;108281122;G;A
11;108281122;G;C
11;108281124;A;G
11;108281124;A;C
11;108281126;A;G
11;108281132;GAA;G
11;108281133;A;T
11;108281134;AAG;A
11;108281136;G;C
11;108281139;A;G
11;108281141;T;C
11;108281146;TAGAA;T
11;108281150;A;C
11;108281150;A;T
11;108281150;A;G
11;108281151;C;T
11;108281152;C;G
11;108281154;C;T
11;108281155;A;C
11;108281156;C;T
11;108281157;C;T
11;108281157;C;G
11;108281162;G;A
11;108281163;A;C
11;108281164;A;G
11;108281168;G;A
11;108281168;G;C
11;108281171;A;G
11;108281173;A;G
11;108281175;A;G
11;108281176;T;C
11;108281178;G;A
11;108281179;A;G
11;108281182;A;C
11;108281183;G;A
11;108281188;T;A
11;108281190;A;G
11;108281194;G;C
11;108281196;A;C
11;108281200;T;A
11;108281207;G;A
11;108281208;T;A
11;108281208;T;G
11;108281210;A;G
11;108281211;CTG;C
11;108281215;G;A
11;108281218;A;G
11;108281221;A;C
11;108281225;A;G
11;108281228;A;G
11;108281229;A;T
11;108281229;A;G
11;108281230;G;C
11;108281231;T;G
11;108281232;T;C
11;108281235;A;G
11;108281236;G;T
11;108282635;A;G
11;108282637;A;G
11;108282646;A;G
11;108282647;C;T
11;108282648;A;G
11;108282651;C;G
11;108282651;C;A
11;108282656;A;C
11;108282658;A;G
11;108282660;G;T
11;108282662;T;C
11;108282663;T;A
11;108282663;T;G
11;108282664;T;C
11;108282665;A;T
11;108282665;A;AT
11;108282665;AT;A
11;108282665;A;G
11;108282666;T;C
11;108282673;C;T
11;108282675;T;A
11;108282679;T;C
11;108282679;TC;T
11;108282680;C;G
11;108282680;C;A
11;108282681;T;G
11;108282682;T;G
11;108282687;C;T
11;108282687;C;G
11;108282688;A;G
11;108282693;C;T
11;108282693;CTT;C
11;108282693;CT;C
11;108282696;T;C
11;108282697;T;C
11;108282698;T;C
11;108282699;GGTTCGTGCAGGTTTTA;G
11;108282700;G;A
11;108282700;G;T
11;108282700;G;C
11;108282701;T;C
11;108282702;T;C
11;108282702;T;A
11;108282703;C;T
11;108282704;G;A
11;108282704;G;T
11;108282705;T;C
11;108282706;G;T
11;108282706;G;A
11;108282707;C;T
11;108282708;A;G
11;108282710;G;A
11;108282721;A;T
11;108282721;A;G
11;108282722;G;C
11;108282723;T;C
11;108282725;T;C
11;108282727;T;C
11;108282729;A;G
11;108282731;A;G
11;108282732;CT;C
11;108282732;CTT;C
11;108282734;T;G
11;108282734;T;C
11;108282734;T;A
11;108282735;T;C
11;108282737;G;A
11;108282738;G;T
11;108282739;A;G
11;108282741;A;G
11;108282742;T;C
11;108282746;C;T
11;108282747;G;A
11;108282751;A;G
11;108282752;G;C
11;108282754;AGAC;A
11;108282755;G;A
11;108282757;C;G
11;108282757;CTT;C
11;108282757;C;T
11;108282758;T;A
11;108282759;T;G
11;108282760;T;C
11;108282761;A;G
11;108282762;T;C
11;108282762;TG;T
11;108282763;G;A
11;108282763;G;T
11;108282764;G;T
11;108282771;A;G
11;108282772;T;C
11;108282776;G;C
11;108282776;G;A
11;108282778;T;A
11;108282780;A;T
11;108282784;G;T
11;108282786;T;C
11;108282791;G;T
11;108282791;G;C
11;108282796;G;A
11;108282798;T;C
11;108282801;A;G
11;108282805;T;TC
11;108282808;A;C
11;108282809;G;C
11;108282810;A;G
11;108282810;A;T
11;108282812;A;G
11;108282813;C;T
11;108282814;T;A
11;108282815;G;A
11;108282817;A;T
11;108282820;C;T
11;108282821;A;G
11;108282822;A;G
11;108282822;ACTTAT;A
11;108282825;TATC;T
11;108282827;T;C
11;108282827;T;A
11;108282828;C;G
11;108282828;C;T
11;108282831;C;G
11;108282832;TTTTCC;T
11;108282835;T;A
11;108282835;T;C
11;108282835;T;G
11;108282836;C;T
11;108282837;CTTTTA;C
11;108282837;CT;C
11;108282838;T;A
11;108282842;A;T
11;108282842;A;G
11;108282843;T;C
11;108282843;T;G
11;108282847;A;G
11;108282852;A;G
11;108282853;C;T
11;108282853;CTA;C
11;108282856;C;T
11;108282857;A;G
11;108282858;C;A
11;108282858;C;G
11;108282861;A;G
11;108282864;T;C
11;108282864;T;G
11;108282866;G;A
11;108282869;G;T
11;108282870;A;G
11;108282874;C;T
11;108282875;T;G
11;108282876;A;G
11;108282876;A;T
11;108282879;G;C
11;108282881;T;C
11;108282883;A;C
11;108282890;A;G
11;108282891;C;A
11;108282891;C;T
11;108282892;A;G
11;108282893;T;A
11;108282894;G;T
11;108282895;A;T
11;108282896;C;T
11;108282896;CAT;C
11;108282897;A;G
11;108282899;A;G
11;108282900;T;C
11;108282901;G;A
11;108282903;G;A
11;108282903;G;GA
11;108282904;A;T
11;108282910;GT;G
11;108282914;A;C
11;108282925;A;G
11;108282931;C;A
11;108282933;A;G
11;108282934;T;C
11;108282935;A;T
11;108282935;A;G
11;108282940;G;A
11;108282943;A;G
11;108282946;C;A
11;108282948;C;T
11;108282949;C;A
11;108282951;C;T
11;108282953;C;G
11;108282954;C;T
11;108282954;C;A
11;108284154;T;C
11;108284155;T;A
11;108284157;A;G
11;108284158;GA;G
11;108284159;A;T
11;108284161;CTA;C
11;108284161;C;A
11;108284163;A;ATT
11;108284163;A;G
11;108284164;T;C
11;108284168;A;G
11;108284172;A;C
11;108284175;T;C
11;108284178;A;T
11;108284179;C;T
11;108284180;T;C
11;108284181;T;G
11;108284183;G;A
11;108284183;G;C
11;108284184;A;T
11;108284187;AG;A
11;108284188;GTT;G
11;108284188;G;A
11;108284193;A;G
11;108284197;A;T
11;108284197;A;C
11;108284199;C;A
11;108284199;C;T
11;108284202;G;A
11;108284203;T;C
11;108284205;T;A
11;108284206;T;C
11;108284208;T;A
11;108284211;A;G
11;108284212;T;C
11;108284213;T;G
11;108284214;T;G
11;108284217;C;T
11;108284218;T;C
11;108284219;AT;A
11;108284219;A;G
11;108284221;T;C
11;108284223;T;C
11;108284224;T;C
11;108284226;G;A
11;108284227;A;G
11;108284227;A;C
11;108284228;T;C
11;108284228;T;A
11;108284231;T;C
11;108284232;G;A
11;108284232;G;C
11;108284233;T;TTA
11;108284234;T;C
11;108284235;AT;A
11;108284236;T;A
11;108284236;T;C
11;108284238;A;G
11;108284240;G;A
11;108284240;G;GT
11;108284245;G;T
11;108284247;T;G
11;108284248;T;G
11;108284249;C;T
11;108284250;C;T
11;108284251;A;C
11;108284252;C;A
11;108284254;T;C
11;108284255;C;A
11;108284257;G;C
11;108284257;G;A
11;108284258;G;A
11;108284263;T;C
11;108284264;A;G
11;108284264;A;T
11;108284265;G;C
11;108284265;G;T
11;108284267;A;G
11;108284269;T;C
11;108284270;C;CATTTTGATGACTTCTA
11;108284270;C;A
11;108284273;T;C
11;108284273;T;G
11;108284275;T;G
11;108284276;G;A
11;108284280;AG;A
11;108284282;G;A
11;108284283;T;G
11;108284285;A;C
11;108284286;A;G
11;108284286;A;T
11;108284286;A;C
11;108284287;G;A
11;108284289;C;A
11;108284291;A;AG
11;108284292;T;TC
11;108284293;T;C
11;108284297;A;G
11;108284300;C;T
11;108284303;A;T
11;108284306;C;G
11;108284307;A;C
11;108284308;A;G
11;108284311;G;C
11;108284311;G;A
11;108284312;G;A
11;108284314;C;A
11;108284314;C;T
11;108284315;TG;T
11;108284316;G;A
11;108284318;A;G
11;108284321;A;C
11;108284321;A;T
11;108284322;G;A
11;108284322;GTCT;G
11;108284323;T;G
11;108284324;C;G
11;108284324;C;A
11;108284327;C;CT
11;108284327;C;T
11;108284328;TA;T
11;108284328;T;C
11;108284331;C;G
11;108284332;A;G
11;108284337;G;T
11;108284340;T;C
11;108284348;A;G
11;108284351;C;A
11;108284354;G;C
11;108284359;T;TA
11;108284360;A;C
11;108284362;T;C
11;108284363;C;A
11;108284363;C;T
11;108284368;T;C
11;108284369;T;C
11;108284370;A;C
11;108284370;A;AT
11;108284370;A;T
11;108284376;C;T
11;108284377;C;A
11;108284377;C;T
11;108284377;C;G
11;108284379;A;G
11;108284384;G;A
11;108284385;G;A
11;108284385;G;T
11;108284386;T;C
11;108284387;A;G
11;108284390;A;C
11;108284390;A;G
11;108284391;G;C
11;108284395;C;A
11;108284395;C;T
11;108284396;A;G
11;108284398;T;C
11;108284399;G;A
11;108284400;G;A
11;108284401;G;A
11;108284402;A;T
11;108284405;G;A
11;108284406;C;G
11;108284409;A;G
11;108284411;C;T
11;108284414;A;AG
11;108284414;A;G
11;108284417;G;C
11;108284418;A;G
11;108284419;G;T
11;108284431;G;A
11;108284432;G;T
11;108284433;T;G
11;108284436;A;G
11;108284437;T;C
11;108284441;A;G
11;108284442;T;C
11;108284443;G;A
11;108284444;C;A
11;108284444;C;G
11;108284445;T;C
11;108284456;A;G
11;108284458;C;A
11;108284458;C;T
11;108284460;T;A
11;108284461;A;T
11;108284462;T;C
11;108284469;A;C
11;108284469;A;G
11;108284472;A;G
11;108284473;G;C
11;108284474;G;A
11;108284475;T;C
11;108284476;A;G
11;108284478;G;T
11;108284479;G;T
11;108284480;C;T
11;108284484;A;C
11;108284485;AT;A
11;108284485;A;G
11;108284488;T;C
11;108284489;T;G
11;108284491;A;G
11;108284495;A;G
11;108284496;C;G
11;108284496;CT;C
11;108284497;T;G
11;108284498;T;C
11;108284499;T;C
11;108284501;C;A
11;108284506;C;T
11;108284507;C;G
11;108284510;A;T
11;108284510;AATG;A
11;108284511;A;G
11;108284512;T;C
11;108284513;G;A
11;108284513;G;T
11;108284515;T;A
11;108284515;T;TA
11;108284516;A;G
11;108284517;T;C
11;108284519;A;C
11;108284520;G;A
11;108284521;A;G
11;108284521;A;T
11;108284522;T;C
11;108284523;A;G
11;108284524;T;C
11;108284530;T;TC
11;108284532;A;G
11;108284532;A;C
11;108284534;G;A
11;108284536;T;G
11;108284537;T;G
11;108284542;G;A
11;108284542;G;T
11;108284543;C;A
11;108284544;TATTTATTCG;T
11;108284545;A;G
11;108284546;T;C
11;108284548;T;C
11;108287525;ATATATGC;A
11;108287525;A;G
11;108287526;T;A
11;108287526;T;C
11;108287527;A;G
11;108287528;T;C
11;108287529;A;G
11;108287530;T;C
11;108287531;G;A
11;108287532;C;A
11;108287533;C;T
11;108287534;T;C
11;108287537;T;G
11;108287539;A;C
11;108287540;G;A
11;108287541;C;A
11;108287541;C;T
11;108287542;T;C
11;108287545;C;T
11;108287546;T;G
11;108287546;T;C
11;108287550;C;G
11;108287550;C;T
11;108287551;G;A
11;108287551;G;T
11;108287554;CA;C
11;108287556;C;T
11;108287558;G;T
11;108287559;A;T
11;108287559;A;G
11;108287560;T;A
11;108287561;A;G
11;108287562;T;C
11;108287562;T;A
11;108287567;T;C
11;108287568;A;G
11;108287569;T;G
11;108287574;T;TATATTTA
11;108287575;A;T
11;108287575;A;G
11;108287576;T;C
11;108287585;TTTGTGCCC;T
11;108287585;T;C
11;108287586;T;G
11;108287588;G;T
11;108287588;G;A
11;108287590;G;A
11;108287592;C;G
11;108287593;C;G
11;108287593;C;T
11;108287598;A;T
11;108287598;A;G
11;108287599;G;T
11;108287601;T;C
11;108287601;T;G
11;108287602;T;C
11;108287602;T;G
11;108287604;A;T
11;108287604;A;G
11;108287607;A;G
11;108287608;CTT;C
11;108287612;T;C
11;108287614;C;T
11;108287615;A;G
11;108287616;T;A
11;108287618;A;G
11;108287619;G;A
11;108287621;AATTTACCAGAG;A
11;108287623;T;G
11;108287624;T;C
11;108287626;A;G
11;108287628;C;T
11;108287629;A;T
11;108287630;G;C
11;108287634;T;C
11;108287636;G;T
11;108287638;G;C
11;108287639;G;C
11;108287639;G;A
11;108287640;T;C
11;108287641;GGA;G
11;108287642;G;A
11;108287646;T;C
11;108287647;ATTG;A
11;108287648;T;C
11;108287651;A;G
11;108287651;ATGACGTTACATGAGCCAGC;A
11;108287652;TGAC;T
11;108287655;C;T
11;108287656;G;A
11;108287656;G;T
11;108287657;T;A
11;108287659;ACATGAGCCAG;A
11;108287661;A;G
11;108287662;T;C
11;108287664;A;G
11;108287666;C;A
11;108287668;A;T
11;108287670;C;T
11;108287672;A;G
11;108287673;A;T
11;108287675;T;A
11;108287675;T;G
11;108287676;CT;C
11;108287676;C;A
11;108287676;C;G
11;108287677;T;C
11;108287678;A;G
11;108287681;G;A
11;108287682;CCAGT;C
11;108287685;G;A
11;108287685;G;T
11;108287688;A;G
11;108287691;G;A
11;108287692;C;T
11;108287693;A;G
11;108287696;G;A
11;108287697;A;G
11;108287698;C;T
11;108287701;CTG;C
11;108287707;C;G
11;108287707;C;T
11;108287710;T;C
11;108287712;C;T
11;108287712;C;A
11;108287715;G;C
11;108287716;G;T
11;108287718;A;G
11;108287719;T;C
11;108287719;T;A
11;108287720;G;A
11;108287721;T;G
11;108287721;T;C
11;108287723;C;T
11;108287724;AT;A
11;108287724;A;C
11;108287725;T;C
11;108287726;T;C
11;108287735;A;G
11;108287736;G;C
11;108287738;G;T
11;108287738;G;C
11;108287741;C;G
11;108287741;C;A
11;108287744;G;A
11;108287745;C;T
11;108287746;T;C
11;108287747;C;T
11;108287748;T;G
11;108287749;A;G
11;108287751;C;T
11;108287751;C;A
11;108287752;T;C
11;108287754;C;A
11;108287754;C;G
11;108287755;A;G
11;108287756;C;A
11;108287756;C;T
11;108287758;A;C
11;108287765;AAAG;A
11;108287768;G;T
11;108287769;A;C
11;108287769;A;T
11;108287771;G;A
11;108287771;G;T
11;108287774;T;C
11;108287775;A;G
11;108287776;TTGG;T
11;108287776;T;G
11;108287779;G;A
11;108287779;G;C
11;108287782;G;T
11;108287784;C;A
11;108287784;C;T
11;108287785;ACCTTCAATGTCT;A
11;108287787;C;T
11;108287788;T;C
11;108287789;T;G
11;108287790;C;T
11;108288902;C;T
11;108288903;A;G
11;108288907;T;G
11;108288909;G;C
11;108288909;G;A
11;108288912;G;C
11;108288913;T;G
11;108288921;T;C
11;108288924;A;G
11;108288925;T;C
11;108288926;G;C
11;108288928;A;C
11;108288928;A;G
11;108288930;A;G
11;108288931;A;T
11;108288933;A;G
11;108288934;C;G
11;108288935;T;G
11;108288936;T;G
11;108288937;T;G
11;108288939;TA;T
11;108288940;A;T
11;108288944;CGAT;C
11;108288944;C;T
11;108288945;G;A
11;108288946;A;T
11;108288946;A;G
11;108288948;G;T
11;108288952;G;A
11;108288952;G;C
11;108288954;A;AT
11;108288954;ATT;A
11;108288954;A;G
11;108288955;T;C
11;108288965;T;C
11;108288966;A;G
11;108288968;C;A
11;108288968;C;G
11;108288970;CTG;C
11;108288972;G;C
11;108288973;T;C
11;108288975;A;C
11;108288976;G;A
11;108288981;T;C
11;108288984;G;T
11;108288987;C;T
11;108288987;C;A
11;108288990;G;T
11;108288992;T;C
11;108288992;T;A
11;108288996;A;C
11;108289000;C;T
11;108289002;C;T
11;108289005;C;T
11;108289006;A;AT
11;108289006;A;G
11;108289011;C;T
11;108289012;C;T
11;108289013;A;G
11;108289015;C;T
11;108289016;G;A
11;108289016;G;C
11;108289018;A;G
11;108289018;A;C
11;108289020;G;T
11;108289023;A;G
11;108289025;T;A
11;108289026;A;T
11;108289029;G;C
11;108289031;A;G
11;108289034;A;G
11;108289039;C;T
11;108289040;C;G
11;108289042;A;G
11;108289043;T;A
11;108289046;C;A
11;108289046;C;G
11;108289047;A;G
11;108289048;GC;G
11;108289048;G;A
11;108289051;A;G
11;108289052;T;C
11;108289057;A;G
11;108289061;A;T
11;108289063;C;G
11;108289063;C;A
11;108289065;A;T
11;108289068;T;A
11;108289069;T;A
11;108289073;A;T
11;108289074;A;T
11;108289077;A;G
11;108289078;T;C
11;108289080;T;C
11;108289091;T;A
11;108289094;C;A
11;108289101;C;T
11;108289102;C;T
11;108289103;T;C
11;108289104;G;A
11;108289106;A;T
11;108289107;A;G
11;108289111;T;C
11;108289113;CATG;C
11;108289113;C;T
11;108289114;A;G
11;108289115;T;C
11;108289117;A;C
11;108289120;A;T
11;108289121;G;C
11;108289122;T;G
11;108289124;T;C
11;108289125;A;G
11;108289127;T;C
11;108289127;T;A
11;108289130;T;C
11;108289131;A;G
11;108289132;G;C
11;108289136;A;G
11;108289138;T;C
11;108289139;C;A
11;108289141;T;C
11;108289143;C;A
11;108289143;CT;C
11;108289144;T;G
11;108289145;T;C
11;108289151;G;A
11;108289152;C;G
11;108289153;T;C
11;108289153;T;TA
11;108289153;TAAAA;T
11;108289153;TA;T
11;108289153;T;G
11;108289154;A;G
11;108289156;A;G
11;108289158;A;G
11;108289159;A;C
11;108289160;A;T
11;108289160;AC;A
11;108289161;CT;C
11;108289161;C;T
11;108289164;T;C
11;108289164;T;G
11;108289165;G;A
11;108289169;A;G
11;108289170;T;G
11;108289171;A;C
11;108289172;C;T
11;108289173;A;C
11;108289175;C;G
11;108289175;C;T
11;108289177;T;C
11;108289178;A;T
11;108289529;A;G
11;108289531;A;G
11;108289531;A;T
11;108289534;A;G
11;108289535;T;C
11;108289536;A;G
11;108289538;AGT;A
11;108289539;G;C
11;108289542;T;C
11;108289543;A;G
11;108289547;A;T
11;108289547;A;G
11;108289548;T;C
11;108289550;G;A
11;108289550;G;T
11;108289553;G;T
11;108289554;C;T
11;108289555;C;T
11;108289556;G;A
11;108289559;T;G
11;108289560;A;G
11;108289561;T;C
11;108289562;CTAAT;C
11;108289563;T;TA
11;108289564;A;T
11;108289571;C;T
11;108289575;T;G
11;108289576;T;G
11;108289583;A;G
11;108289583;A;C
11;108289584;A;G
11;108289586;T;A
11;108289587;CTG;C
11;108289588;T;G
11;108289589;G;A
11;108289590;TTTA;T
11;108289594;T;C
11;108289594;T;G
11;108289595;T;C
11;108289597;T;G
11;108289599;T;C
11;108289599;TAG;T
11;108289600;A;G
11;108289602;G;T
11;108289603;ATTCCT;A
11;108289604;T;A
11;108289606;C;A
11;108289609;A;G
11;108289612;A;G
11;108289613;G;T
11;108289616;A;AATTCTTCT
11;108289617;ATTC;A
11;108289619;T;C
11;108289620;C;A
11;108289621;T;C
11;108289623;C;T
11;108289627;C;T
11;108289627;C;A
11;108289629;A;G
11;108289630;T;C
11;108289631;A;G
11;108289632;T;C
11;108289638;C;T
11;108289641;GC;G
11;108289641;G;A
11;108289644;G;A
11;108289647;G;A
11;108289649;A;G
11;108289655;T;C
11;108289656;A;C
11;108289656;A;T
11;108289657;A;G
11;108289657;A;C
11;108289661;T;C
11;108289667;G;C
11;108289668;A;C
11;108289669;A;G
11;108289669;A;C
11;108289670;G;A
11;108289671;C;T
11;108289672;A;G
11;108289675;G;A
11;108289676;A;T
11;108289678;T;A
11;108289678;T;C
11;108289683;A;G
11;108289683;A;T
11;108289686;A;C
11;108289688;A;T
11;108289688;A;G
11;108289689;T;C
11;108289690;A;G
11;108289692;C;T
11;108289694;C;A
11;108289695;C;G
11;108289697;G;C
11;108289697;G;A
11;108289698;T;C
11;108289699;T;G
11;108289700;T;G
11;108289701;G;T
11;108289708;T;C
11;108289711;T;C
11;108289712;A;C
11;108289714;T;C
11;108289719;GAT;G
11;108289720;A;T
11;108289721;T;C
11;108289722;A;G
11;108289723;T;C
11;108289723;T;A
11;108289723;T;G
11;108289724;A;T
11;108289724;A;G
11;108289726;A;G
11;108289727;A;C
11;108289730;T;A
11;108289732;G;A
11;108289733;C;A
11;108289736;A;C
11;108289736;A;G
11;108289736;AG;A
11;108289738;G;T
11;108289739;A;C
11;108289740;G;A
11;108289740;G;C
11;108289743;G;T
11;108289744;C;G
11;108289744;C;T
11;108289746;T;A
11;108289746;T;C
11;108289749;G;C
11;108289751;C;A
11;108289752;T;C
11;108289752;T;A
11;108289753;T;G
11;108289753;T;C
11;108289759;T;C
11;108289761;C;G
11;108289761;C;T
11;108289762;G;A
11;108289762;G;T
11;108289762;G;C
11;108289763;A;G
11;108289765;A;G
11;108289766;C;T
11;108289767;G;A
11;108289768;T;A
11;108289769;T;C
11;108289770;A;G
11;108289776;A;AC
11;108289776;A;T
11;108289776;A;G
11;108289779;T;G
11;108289780;T;C
11;108289781;G;A
11;108289782;A;G
11;108289783;TTCACTA;T
11;108289783;T;G
11;108289785;C;G
11;108289788;T;C
11;108289789;A;G
11;108289791;A;G
11;108289793;C;G
11;108289795;A;G
11;108289796;C;A
11;108289796;C;G
11;108289799;A;C
11;108289803;T;C
11;108289803;T;G
11;108289804;A;G
11;108289805;A;G
11;108289808;A;C
11;108289810;CAT;C
11;108289810;C;T
11;108289811;A;G
11;108289814;T;C
11;108289815;T;G
11;108289819;A;T
11;108289820;C;G
11;108289820;C;T
11;108289823;A;C
11;108289824;T;C
11;108289824;T;G
11;108289825;A;G
11;108289826;T;C
11;108289831;G;A
11;108289831;GC;G
11;108289832;C;T
11;108289832;C;A
11;108289835;T;A
11;108289836;C;T
11;108289836;C;G
11;108289837;T;C
11;108289838;TTCTA;T
11;108289838;T;G
11;108289839;T;C
11;108289840;C;A
11;108289842;A;T
11;108289842;A;G
11;108289844;C;G
11;108289845;C;G
11;108289846;T;C
11;108289847;G;T
11;108289847;G;A
11;108289849;T;G
11;108289849;T;C
11;108289850;C;T
11;108289850;C;A
11;108289854;CT;C
11;108289856;G;GT
11;108289856;GT;G
11;108289859;T;G
11;108289863;T;G
11;108289864;G;C
11;108289865;C;G
11;108289865;CTTTGT;C
11;108289865;C;T
11;108289865;C;CTTTGT
11;108289865;CTTTGTTTTGT;C
11;108289866;T;C
11;108289867;T;G
11;108289868;T;C
11;108289869;GT;G
11;108289869;G;C
11;108289871;T;A
11;108289874;GTT;G
11;108289875;T;C
11;108292547;T;G
11;108292548;GAAT;G
11;108292554;A;G
11;108292554;ATTTATTTCAGAGT;A
11;108292555;T;C
11;108292557;T;C
11;108292565;A;G
11;108292566;G;A
11;108292566;G;C
11;108292571;T;TAC
11;108292572;TTC;T
11;108292575;C;G
11;108292576;A;T
11;108292576;A;C
11;108292577;G;T
11;108292577;G;A
11;108292579;A;G
11;108292580;C;T
11;108292582;T;C
11;108292584;C;T
11;108292586;G;GGTT
11;108292586;GGTT;G
11;108292586;G;C
11;108292587;G;A
11;108292589;T;G
11;108292590;G;A
11;108292590;GTTGT;G
11;108292594;T;C
11;108292596;G;GT
11;108292596;G;T
11;108292596;G;GA
11;108292596;G;GTTTTTT
11;108292596;GT;G
11;108292596;G;GTT
11;108292597;T;C
11;108292597;T;G
11;108292599;T;G
11;108292605;T;TC
11;108292605;T;C
11;108292605;TCTCCC;T
11;108292607;T;C
11;108292610;C;T
11;108292612;A;G
11;108292614;A;G
11;108292616;T;C
11;108292618;G;C
11;108292619;G;T
11;108292620;CCTT;C
11;108292621;C;T
11;108292622;T;G
11;108292623;T;C
11;108292624;C;T
11;108292626;T;C
11;108292627;G;A
11;108292629;A;G
11;108292629;A;T
11;108292631;C;A
11;108292631;C;T
11;108292632;A;G
11;108292633;T;C
11;108292635;G;C
11;108292635;G;A
11;108292636;A;T
11;108292637;T;C
11;108292638;G;C
11;108292638;G;A
11;108292647;C;T
11;108292648;G;T
11;108292648;G;A
11;108292649;T;C
11;108292650;A;G
11;108292653;T;C
11;108292655;C;T
11;108292657;C;T
11;108292658;C;T
11;108292659;C;T
11;108292662;T;C
11;108292663;G;C
11;108292664;T;C
11;108292668;G;C
11;108292670;C;T
11;108292670;C;G
11;108292672;T;C
11;108292673;A;G
11;108292673;ATTAAG;A
11;108292674;T;C
11;108292676;A;C
11;108292680;C;T
11;108292682;G;A
11;108292683;G;T
11;108292683;G;A
11;108292687;G;T
11;108292688;C;T
11;108292689;C;T
11;108292692;A;G
11;108292693;C;T
11;108292697;C;T
11;108292697;C;G
11;108292698;G;T
11;108292698;G;A
11;108292700;G;A
11;108292702;C;T
11;108292704;T;TA
11;108292704;T;C
11;108292706;C;A
11;108292707;T;TAGTA
11;108292709;T;G
11;108292710;A;G
11;108292711;A;G
11;108292712;G;C
11;108292716;G;A
11;108292717;C;T
11;108292719;C;T
11;108292719;C;A
11;108292720;T;A
11;108292726;A;G
11;108292727;C;T
11;108292728;C;T
11;108292729;A;G
11;108292731;C;T
11;108292733;T;A
11;108292735;A;G
11;108292735;A;C
11;108292736;T;C
11;108292740;A;T
11;108292740;A;C
11;108292741;T;C
11;108292743;G;T
11;108292743;G;C
11;108292746;G;A
11;108292748;T;G
11;108292749;A;G
11;108292750;C;T
11;108292751;A;G
11;108292751;A;C
11;108292752;C;A
11;108292752;C;T
11;108292756;T;G
11;108292756;T;C
11;108292757;A;G
11;108292757;A;T
11;108292758;C;A
11;108292758;C;T
11;108292759;C;T
11;108292759;C;G
11;108292759;C;A
11;108292760;C;T
11;108292760;C;A
11;108292761;C;T
11;108292764;G;A
11;108292771;A;C
11;108292773;C;T
11;108292775;G;A
11;108292779;GAGGTTC;G
11;108292782;G;T
11;108292782;G;A
11;108292785;C;T
11;108292785;C;G
11;108292788;A;G
11;108292791;C;T
11;108292792;A;T
11;108292796;A;G
11;108292797;A;G
11;108292801;T;G
11;108292802;C;G
11;108292807;T;G
11;108292808;C;T
11;108292810;T;C
11;108292811;C;G
11;108292812;T;C
11;108292814;C;T
11;108292815;A;G
11;108292816;A;G
11;108292821;G;A
11;108292822;T;C
11;108292823;A;T
11;108292823;A;G
11;108292823;A;C
11;108292828;A;G
11;108292829;A;T
11;108292831;T;C
11;108292831;T;G
11;108292831;T;A
11;108292833;T;C
11;108292834;A;C
11;108292834;A;G
11;108292834;ATAAAG;A
11;108292836;A;G
11;108292843;T;C
11;108292846;T;C
11;108292847;A;G
11;108292848;GA;G
11;108292848;G;C
11;108292849;A;C
11;108292854;T;C
11;108292854;T;G
11;108292855;T;A
11;108292857;G;C
11;108292858;A;G
11;108292859;G;T
11;108292859;G;A
11;108292860;T;C
11;108292861;GT;G
11;108292864;T;C
11;108292865;T;C
11;108293238;A;G
11;108293240;T;G
11;108293241;A;T
11;108293242;C;T
11;108293243;A;C
11;108293243;A;G
11;108293244;G;C
11;108293247;A;AG
11;108293250;TTTG;T
11;108293253;G;T
11;108293257;G;T
11;108293257;GCTTA;G
11;108293261;A;T
11;108293262;C;G
11;108293266;A;G
11;108293267;A;G
11;108293267;A;C
11;108293269;ATTAT;A
11;108293269;A;G
11;108293272;A;G
11;108293276;C;T
11;108293276;C;A
11;108293278;C;T
11;108293279;T;C
11;108293280;CCTT;C
11;108293280;C;G
11;108293281;C;A
11;108293282;T;G
11;108293284;A;G
11;108293285;T;C
11;108293289;T;G
11;108293294;C;T
11;108293294;CT;C
11;108293296;T;C
11;108293299;T;C
11;108293303;T;C
11;108293305;ATATTTAGG;A
11;108293308;T;C
11;108293309;T;A
11;108293309;T;G
11;108293311;A;C
11;108293313;G;C
11;108293316;T;G
11;108293316;T;C
11;108293318;G;A
11;108293319;G;T
11;108293321;C;T
11;108293324;G;T
11;108293324;G;GT
11;108293326;T;G
11;108293327;G;A
11;108293330;A;G
11;108293331;T;C
11;108293332;A;G
11;108293337;G;C
11;108293337;G;A
11;108293340;A;G
11;108293340;A;T
11;108293341;T;C
11;108293343;G;T
11;108293346;A;G
11;108293350;A;G
11;108293351;G;A
11;108293353;A;G
11;108293354;T;A
11;108293356;A;T
11;108293357;T;C
11;108293358;G;A
11;108293359;A;C
11;108293361;A;C
11;108293363;C;T
11;108293363;C;A
11;108293365;T;A
11;108293366;C;T
11;108293366;C;G
11;108293367;T;C
11;108293368;A;G
11;108293368;A;C
11;108293371;T;A
11;108293372;C;A
11;108293374;C;T
11;108293374;C;A
11;108293375;G;A
11;108293377;T;C
11;108293378;T;C
11;108293378;T;A
11;108293379;A;C
11;108293379;A;G
11;108293382;CTTTTAGA;C
11;108293386;T;C
11;108293388;G;A
11;108293390;TC;T
11;108293392;CT;C
11;108293392;C;T
11;108293402;C;T
11;108293403;C;T
11;108293404;A;G
11;108293407;T;C
11;108293410;T;C
11;108293414;T;C
11;108293416;A;G
11;108293417;G;C
11;108293424;C;T
11;108293425;G;A
11;108293429;T;C
11;108293432;T;A
11;108293432;T;C
11;108293435;G;A
11;108293436;C;T
11;108293436;C;CA
11;108293437;A;G
11;108293444;C;A
11;108293446;A;C
11;108293447;A;G
11;108293451;A;C
11;108293454;A;G
11;108293460;C;G
11;108293460;C;A
11;108293462;C;G
11;108293462;C;T
11;108293467;C;T
11;108293468;A;G
11;108293469;C;G
11;108293469;C;T
11;108293471;C;T
11;108293471;C;A
11;108293473;T;G
11;108293474;G;C
11;108293477;G;C
11;108293478;GTAATAAAAATTT;G
11;108293478;G;T
11;108293478;G;A
11;108293479;T;C
11;108293479;T;A
11;108293481;A;G
11;108293483;A;G
11;108293484;A;C
11;108293491;C;T
11;108293492;A;C
11;108293494;C;T
11;108293494;C;G
11;108293495;A;C
11;108293496;TCTA;T
11;108293497;C;T
11;108293499;A;G
11;108293500;C;CG
11;108293501;TA;T
11;108293501;T;C
11;108293502;A;G
11;108293502;A;T
11;108293502;A;AT
11;108293502;AT;A
11;108293503;T;C
11;108293506;TTTA;T
11;108293509;A;G
11;108293509;A;T
11;108293510;T;C
11;108293513;G;T
11;108293514;A;C
11;108293514;A;G
11;108293516;A;G
11;108293517;A;C
11;108293518;C;T
11;108293518;CAT;C
11;108293519;ATAG;A
11;108293519;A;G
11;108293520;T;C
11;108293525;G;A
11;108293526;T;C
11;108293528;C;G
11;108293530;T;G
11;108293531;T;C
11;108293532;T;C
11;108293532;T;A
11;108293533;C;A
11;108293534;A;G
11;108293540;C;T
11;108293541;T;C
11;108293542;G;A
11;108293547;G;A
11;108293549;T;C
11;108293550;C;G
11;108293550;C;A
11;108293552;A;G
11;108294858;C;T
11;108294858;C;A
11;108294858;CT;C
11;108294858;C;G
11;108294858;CTTTTA;C
11;108294860;TTTA;T
11;108294861;T;C
11;108294862;T;G
11;108294862;T;C
11;108294863;A;G
11;108294863;AT;A
11;108294864;T;C
11;108294865;T;C
11;108294867;A;T
11;108294868;G;A
11;108294872;T;C
11;108294872;T;G
11;108294878;A;G
11;108294878;A;T
11;108294881;G;A
11;108294882;G;A
11;108294882;G;C
11;108294883;C;T
11;108294885;T;A
11;108294886;A;G
11;108294892;T;TA
11;108294894;C;A
11;108294894;C;T
11;108294894;C;G
11;108294895;G;A
11;108294895;G;T
11;108294897;G;A
11;108294899;T;G
11;108294900;A;G
11;108294901;A;G
11;108294901;A;T
11;108294904;G;T
11;108294904;G;A
11;108294906;A;G
11;108294907;A;G
11;108294912;C;T
11;108294912;C;A
11;108294913;A;AT
11;108294913;A;ATTTT
11;108294913;A;G
11;108294914;T;A
11;108294916;TTC;T
11;108294918;C;T
11;108294920;C;G
11;108294920;CTT;C
11;108294923;T;C
11;108294924;T;C
11;108294929;A;G
11;108294931;T;C
11;108294931;T;TA
11;108294933;A;C
11;108294934;A;G
11;108294934;A;C
11;108294936;C;T
11;108294939;T;C
11;108294942;C;A
11;108294944;C;G
11;108294944;C;T
11;108294950;A;G
11;108294951;AGT;A
11;108294951;A;G
11;108294952;G;A
11;108294952;G;C
11;108294952;G;T
11;108294953;T;A
11;108294953;T;C
11;108294956;T;G
11;108294957;T;C
11;108294960;G;T
11;108294961;A;G
11;108294964;C;T
11;108294965;A;G
11;108294966;C;G
11;108294968;T;C
11;108294969;C;G
11;108294971;A;G
11;108294972;T;C
11;108294974;G;C
11;108294975;A;G
11;108294976;C;G
11;108294977;A;C
11;108294979;G;C
11;108294979;G;T
11;108294982;T;C
11;108294983;T;A
11;108294983;T;C
11;108294984;G;A
11;108294986;A;G
11;108294990;C;T
11;108294993;AAGGAT;A
11;108294994;A;T
11;108294999;C;G
11;108295000;T;C
11;108295002;C;T
11;108295003;G;A
11;108295003;G;T
11;108295006;G;A
11;108295010;A;G
11;108295011;C;T
11;108295011;C;G
11;108295013;G;A
11;108295015;A;G
11;108295019;A;G
11;108295021;A;T
11;108295021;A;G
11;108295022;T;C
11;108295025;A;C
11;108295026;G;T
11;108295028;T;C
11;108295029;C;G
11;108295029;C;A
11;108295030;A;G
11;108295030;A;T
11;108295031;G;T
11;108295035;G;A
11;108295038;G;A
11;108295041;A;G
11;108295041;A;C
11;108295043;T;A
11;108295043;T;TA
11;108295043;T;G
11;108295047;A;G
11;108295047;A;C
11;108295053;T;G
11;108295059;G;T
11;108295059;G;A
11;108295059;G;C
11;108295060;G;A
11;108295062;G;A
11;108295063;C;A
11;108295063;C;T
11;108295065;A;G
11;108295067;T;G
11;108295067;T;C
11;108295073;A;G
11;108295076;A;G
11;108295078;A;G
11;108295079;T;C
11;108295081;G;A
11;108295081;G;T
11;108295082;G;C
11;108295083;C;T
11;108295084;T;C
11;108295084;T;A
11;108295090;T;TA
11;108295093;C;T
11;108295093;CTG;C
11;108295093;C;G
11;108295094;T;C
11;108295095;G;A
11;108295098;T;G
11;108295098;T;A
11;108295099;CT;C
11;108295099;C;A
11;108295099;C;T
11;108295102;T;C
11;108295108;A;G
11;108295109;G;T
11;108295111;A;G
11;108295112;T;C
11;108295112;T;G
11;108295114;T;C
11;108295118;G;A
11;108295118;G;T
11;108295119;CAA;C
11;108295119;CA;C
11;108295120;A;G
11;108295121;A;G
11;108295126;T;G
11;108295128;G;A
11;108295131;C;T
11;108297212;T;A
11;108297216;A;G
11;108297217;T;C
11;108297220;A;T
11;108297221;T;A
11;108297223;C;A
11;108297225;A;G
11;108297225;ATTAT;A
11;108297230;A;G
11;108297230;A;T
11;108297232;A;G
11;108297233;C;T
11;108297234;A;G
11;108297235;A;G
11;108297238;G;C
11;108297239;TG;T
11;108297239;T;G
11;108297241;T;G
11;108297247;TC;T
11;108297247;T;C
11;108297248;C;T
11;108297249;A;C
11;108297249;A;G
11;108297250;T;C
11;108297252;C;G
11;108297254;A;G
11;108297256;T;A
11;108297257;TTAAAC;T
11;108297259;A;C
11;108297262;C;G
11;108297263;T;C
11;108297264;A;G
11;108297265;A;T
11;108297266;T;G
11;108297267;T;G
11;108297269;T;G
11;108297269;T;C
11;108297270;T;A
11;108297270;T;G
11;108297271;A;T
11;108297276;A;G
11;108297277;T;C
11;108297282;T;C
11;108297283;C;T
11;108297285;A;T
11;108297287;A;T
11;108297287;A;G
11;108297288;T;C
11;108297289;A;G
11;108297293;C;G
11;108297293;C;T
11;108297294;G;T
11;108297294;G;A
11;108297296;A;C
11;108297298;G;C
11;108297301;G;A
11;108297308;T;C
11;108297309;G;T
11;108297309;G;C
11;108297309;G;A
11;108297311;T;G
11;108297315;A;G
11;108297318;A;G
11;108297324;C;T
11;108297326;A;G
11;108297326;A;C
11;108297328;T;G
11;108297329;T;G
11;108297338;T;C
11;108297339;A;G
11;108297340;T;C
11;108297340;T;G
11;108297341;C;A
11;108297344;A;G
11;108297347;TG;T
11;108297347;T;A
11;108297349;G;C
11;108297349;G;A
11;108297351;A;G
11;108297352;A;G
11;108297353;T;C
11;108297354;A;T
11;108297357;C;T
11;108297357;C;A
11;108297358;C;A
11;108297360;C;G
11;108297360;C;T
11;108297362;C;T
11;108297364;G;A
11;108297366;T;C
11;108297367;G;A
11;108297368;A;G
11;108297370;AAAG;A
11;108297374;A;C
11;108297376;G;C
11;108297379;C;T
11;108297379;C;A
11;108297380;T;C
11;108297383;G;A
11;108297383;G;T
11;108297388;CTA;C
11;108297388;C;T
11;108297389;T;C
11;108297390;A;G
11;108297391;C;A
11;108297391;C;T
11;108297393;G;C
11;108297395;C;G
11;108297395;C;T
11;108297396;A;T
11;108297397;T;C
11;108297397;T;A
11;108297397;T;G
11;108297399;C;G
11;108297399;C;T
11;108297399;C;A
11;108297400;G;A
11;108297401;C;T
11;108297401;C;G
11;108297403;G;GGC
11;108297403;G;A
11;108297404;C;A
11;108297404;C;G
11;108297404;C;T
11;108297405;G;A
11;108297407;G;T
11;108297410;A;G
11;108297411;T;G
11;108297411;T;C
11;108297415;A;G
11;108297420;A;G
11;108297421;C;T
11;108297424;C;T
11;108297424;C;G
11;108297425;G;A
11;108297427;A;G
11;108297431;C;T
11;108297432;A;G
11;108297433;T;C
11;108297434;A;G
11;108297435;T;C
11;108297436;A;G
11;108297438;G;T
11;108297439;A;G
11;108297442;G;A
11;108297443;A;G
11;108297445;T;G
11;108297445;TATAATACTGTA;T
11;108297446;A;T
11;108297447;T;A
11;108297449;A;G
11;108297450;T;C
11;108297452;C;CAG
11;108297453;T;A
11;108297453;T;TAAAAATACA
11;108297456;AT;A
11;108297456;ATTTT;A
11;108297456;A;G
11;108297457;T;TACAG
11;108299639;T;A
11;108299639;T;C
11;108299643;A;C
11;108299646;T;C
11;108299646;T;G
11;108299647;A;G
11;108299648;G;A
11;108299651;A;T
11;108299656;C;G
11;108299658;G;T
11;108299658;G;A
11;108299660;T;G
11;108299661;T;G
11;108299662;T;C
11;108299663;A;G
11;108299664;T;G
11;108299664;T;C
11;108299665;GT;G
11;108299665;G;GT
11;108299665;G;A
11;108299672;C;T
11;108299672;C;G
11;108299673;T;C
11;108299674;C;A
11;108299674;C;T
11;108299678;C;G
11;108299679;C;T
11;108299681;A;G
11;108299682;T;C
11;108299683;G;T
11;108299684;A;G
11;108299684;A;T
11;108299685;C;T
11;108299688;T;C
11;108299689;A;C
11;108299690;C;T
11;108299696;T;C
11;108299696;T;A
11;108299698;G;T
11;108299699;A;C
11;108299700;A;C
11;108299701;T;C
11;108299701;T;G
11;108299702;T;G
11;108299706;A;G
11;108299707;T;C
11;108299708;A;G
11;108299711;T;A
11;108299711;T;C
11;108299712;A;T
11;108299712;A;G
11;108299717;C;T
11;108299719;G;T
11;108299722;G;A
11;108299726;G;A
11;108299727;C;A
11;108299729;G;C
11;108299731;T;C
11;108299731;T;A
11;108299735;G;C
11;108299740;G;A
11;108299741;T;A
11;108299742;G;A
11;108299742;G;C
11;108299744;G;T
11;108299744;G;C
11;108299744;G;A
11;108299747;C;G
11;108299747;C;T
11;108299749;A;G
11;108299750;T;G
11;108299750;T;C
11;108299753;A;T
11;108299757;C;A
11;108299758;T;C
11;108299761;A;T
11;108299761;A;G
11;108299762;C;T
11;108299763;C;T
11;108299764;A;G
11;108299765;T;C
11;108299767;G;A
11;108299767;G;T
11;108299768;C;T
11;108299770;A;G
11;108299771;T;C
11;108299772;A;G
11;108299775;A;G
11;108299776;C;T
11;108299777;A;G
11;108299777;AT;A
11;108299779;A;T
11;108299779;A;G
11;108299779;A;C
11;108299780;G;A
11;108299784;A;C
11;108299787;T;C
11;108299788;G;A
11;108299789;C;G
11;108299790;A;G
11;108299791;T;C
11;108299797;A;C
11;108299797;A;G
11;108299799;C;T
11;108299800;A;G
11;108299802;G;A
11;108299803;G;T
11;108299804;C;T
11;108299809;A;G
11;108299811;G;A
11;108299811;G;C
11;108299814;A;G
11;108299815;T;C
11;108299817;T;G
11;108299818;G;A
11;108299821;G;A
11;108299824;A;G
11;108299826;A;G
11;108299830;C;A
11;108299830;C;T
11;108299831;T;C
11;108299832;T;G
11;108299833;C;T
11;108299833;C;A
11;108299834;A;C
11;108299836;T;C
11;108299837;G;A
11;108299838;G;T
11;108299839;A;G
11;108299840;C;G
11;108299841;C;T
11;108299844;C;T
11;108299846;T;C
11;108299847;A;C
11;108299848;A;G
11;108299852;T;C
11;108299853;G;A
11;108299854;A;C
11;108299855;C;A
11;108299855;C;G
11;108299862;GA;G
11;108299864;A;C
11;108299864;A;G
11;108299865;T;C
11;108299865;T;A
11;108299866;A;C
11;108299872;C;T
11;108299875;G;A
11;108299883;T;C
11;108299884;T;G
11;108299885;GGTGA;G
11;108299886;G;C
11;108299887;T;C
11;108299888;G;A
11;108299889;A;C
11;108299890;GTATT;G
11;108299891;T;A
11;108299894;T;C
11;108299895;T;C
11;108299903;C;A
11;108299904;C;T
11;108299907;A;G
11;108299908;T;C
11;108299909;A;T
11;108299909;A;G
11;108299910;T;C
11;108299912;T;A
11;108299912;T;C
11;108299919;AATAT;A
11;108299919;A;C
11;108299920;A;G
11;108299921;T;C
11;108299922;A;T
11;108299922;A;G
11;108299924;G;C
11;108299927;A;G
11;108299930;C;T
11;108299931;A;AT
11;108299936;G;A
11;108299937;A;T
11;108299939;T;C
11;108299943;A;G
11;108299945;T;C
11;108299947;C;T
11;108299947;C;A
11;108299948;A;T
11;108299949;C;A
11;108299949;C;T
11;108299951;CAAAT;C
11;108299953;A;G
11;108299953;A;C
11;108299954;A;T
11;108299954;A;G
11;108299955;T;C
11;108299957;G;T
11;108299957;GA;G
11;108299959;T;C
11;108299960;A;G
11;108301573;T;G
11;108301575;T;C
11;108301577;T;C
11;108301578;C;T
11;108301579;A;G
11;108301580;G;T
11;108301581;T;C
11;108301583;G;A
11;108301583;G;C
11;108301584;A;C
11;108301585;G;C
11;108301586;G;A
11;108301586;G;T
11;108301592;A;C
11;108301596;A;G
11;108301598;C;T
11;108301600;A;G
11;108301601;G;A
11;108301602;A;G
11;108301602;A;T
11;108301606;A;G
11;108301610;C;T
11;108301611;T;G
11;108301611;T;A
11;108301612;G;A
11;108301612;G;T
11;108301613;G;T
11;108301614;T;C
11;108301615;G;A
11;108301619;T;C
11;108301619;T;G
11;108301619;T;A
11;108301620;T;C
11;108301622;A;G
11;108301622;A;T
11;108301626;G;A
11;108301628;A;C
11;108301630;T;C
11;108301634;A;G
11;108301637;G;T
11;108301637;G;GT
11;108301637;GT;G
11;108301637;G;A
11;108301638;T;A
11;108301639;T;C
11;108301641;T;C
11;108301643;T;A
11;108301644;TC;T
11;108301646;A;G
11;108301648;T;G
11;108301649;G;A
11;108301653;A;C
11;108301653;A;G
11;108301655;G;C
11;108301656;T;C
11;108301658;C;A
11;108301658;C;T
11;108301659;G;T
11;108301659;G;A
11;108301660;A;G
11;108301661;T;C
11;108301662;C;G
11;108301662;C;T
11;108301663;A;G
11;108301665;C;G
11;108301667;G;A
11;108301669;T;A
11;108301669;T;C
11;108301672;T;TA
11;108301673;A;G
11;108301675;C;G
11;108301677;G;A
11;108301679;T;G
11;108301680;T;G
11;108301682;A;T
11;108301686;A;G
11;108301687;C;T
11;108301688;A;G
11;108301689;T;G
11;108301690;T;A
11;108301692;T;C
11;108301695;C;A
11;108301696;C;T
11;108301697;A;G
11;108301697;A;C
11;108301698;C;T
11;108301700;A;G
11;108301703;A;C
11;108301705;TG;T
11;108301706;G;A
11;108301708;A;G
11;108301709;C;T
11;108301710;A;G
11;108301712;A;G
11;108301713;G;T
11;108301716;T;C
11;108301720;G;T
11;108301721;G;C
11;108301722;A;C
11;108301723;G;C
11;108301723;G;T
11;108301725;T;C
11;108301726;T;C
11;108301726;T;G
11;108301726;T;A
11;108301728;A;G
11;108301732;G;T
11;108301733;A;G
11;108301734;T;C
11;108301737;C;G
11;108301738;A;T
11;108301741;A;G
11;108301744;T;A
11;108301748;A;G
11;108301749;T;C
11;108301754;G;A
11;108301755;C;T
11;108301759;TC;T
11;108301762;A;G
11;108301763;C;T
11;108301764;A;G
11;108301765;G;A
11;108301766;C;T
11;108301770;T;G
11;108301771;T;C
11;108301776;C;T
11;108301776;C;CTGT
11;108301777;A;G
11;108301777;A;AAGACCT
11;108301779;C;T
11;108301780;A;G
11;108301782;GA;G
11;108301789;G;T
11;108301791;T;C
11;108301791;TCTC;T
11;108301792;C;A
11;108301793;T;G
11;108301794;CTT;C
11;108301794;C;T
11;108301796;T;A
11;108301796;TAAG;T
11;108301797;A;G
11;108301799;G;A
11;108301799;GTAA;G
11;108301800;T;TTATTC
11;108301800;T;C
11;108301803;T;C
11;108301806;A;G
11;108301807;T;C
11;108301807;T;G
11;108301809;T;C
11;108301811;T;C
11;108301812;A;G
11;108301813;T;C
11;108301818;T;C
11;108301818;T;A
11;108301819;AC;A
11;108301819;A;C
11;108301820;C;T
11;108301821;C;G
11;108301821;C;T
11;108301823;A;G
11;108301824;G;C
11;108301826;A;G
11;108301827;T;C
11;108301828;A;G
11;108301829;T;C
11;108301830;C;G
11;108301832;A;G
11;108301832;A;T
11;108301833;A;C
11;108301833;A;G
11;108301837;A;T
11;108301839;T;A
11;108301839;T;C
11;108301841;C;G
11;108301843;G;C
11;108301847;G;T
11;108301850;G;A
11;108301852;G;A
11;108301852;G;T
11;108301853;G;A
11;108301855;T;C
11;108301857;A;T
11;108301857;A;G
11;108301857;AT;A
11;108301858;T;G
11;108301859;G;C
11;108301861;CTG;C
11;108301861;C;CT
11;108301862;T;C
11;108301862;T;G
11;108302778;A;G
11;108302779;T;C
11;108302779;T;A
11;108302780;A;T
11;108302783;C;T
11;108302789;G;T
11;108302789;G;C
11;108302791;G;T
11;108302797;A;G
11;108302798;A;C
11;108302799;G;T
11;108302799;G;A
11;108302800;G;T
11;108302801;T;A
11;108302801;T;C
11;108302802;A;G
11;108302803;C;T
11;108302804;A;G
11;108302805;A;G
11;108302806;T;A
11;108302810;TTCCACTTC;T
11;108302810;T;C
11;108302812;C;T
11;108302816;T;C
11;108302816;TTC;T
11;108302817;T;A
11;108302817;T;G
11;108302818;C;A
11;108302818;C;T
11;108302820;C;T
11;108302821;T;G
11;108302822;T;C
11;108302823;A;G
11;108302824;T;C
11;108302828;C;A
11;108302830;T;A
11;108302839;C;A
11;108302840;CCTTT;C
11;108302842;T;C
11;108302843;T;C
11;108302846;T;C
11;108302847;T;C
11;108302847;TTCTA;T
11;108302848;T;C
11;108302849;C;G
11;108302850;T;C
11;108302851;A;C
11;108302852;G;C
11;108302856;T;G
11;108302857;T;C
11;108302859;G;A
11;108302865;C;T
11;108302868;A;G
11;108302870;A;T
11;108302874;G;A
11;108302876;CAAAG;C
11;108302876;CA;C
11;108302878;A;G
11;108302883;A;G
11;108302884;ACCCT;A
11;108302885;C;T
11;108302886;C;G
11;108302888;T;G
11;108302890;T;C
11;108302891;T;A
11;108302894;AG;A
11;108302895;G;A
11;108302897;C;T
11;108302902;A;G
11;108302905;A;T
11;108302908;T;C
11;108302913;CTG;C
11;108302915;G;A
11;108302922;C;A
11;108302922;C;G
11;108302925;C;G
11;108302928;AG;A
11;108302928;A;G
11;108302929;G;A
11;108302932;A;G
11;108302934;A;T
11;108302935;A;G
11;108302942;C;T
11;108302943;A;T
11;108302948;GA;G
11;108302949;A;G
11;108302950;T;C
11;108302950;TAA;T
11;108302951;A;G
11;108302954;G;C
11;108302956;C;T
11;108302965;G;C
11;108302965;G;A
11;108302967;G;C
11;108302968;C;T
11;108302968;C;CT
11;108302973;T;C
11;108302974;TG;T
11;108302976;G;A
11;108302980;G;A
11;108302982;G;A
11;108302985;G;A
11;108302989;C;T
11;108302989;C;A
11;108302994;T;C
11;108302997;G;A
11;108303000;ATTC;A
11;108303003;C;T
11;108303004;T;G
11;108303005;T;C
11;108303005;T;A
11;108303006;C;A
11;108303006;C;T
11;108303007;A;G
11;108303008;A;G
11;108303011;A;G
11;108303013;T;G
11;108303015;A;C
11;108303021;A;G
11;108303021;A;ATG
11;108303022;T;C
11;108303023;G;A
11;108303027;G;A
11;108303027;GAAGT;G
11;108303031;TAAG;T
11;108303033;A;G
11;108303037;GATTA;G
11;108303037;G;A
11;108303040;T;G
11;108303040;T;C
11;108303043;T;G
11;108303045;A;T
11;108303048;CTGATA;C
11;108303053;A;G
11;108303054;T;C
11;108303055;A;G
11;108303057;T;C
11;108303060;C;G
11;108303060;CTTGT;C
11;108303067;A;G
11;108303068;T;C
11;108303069;G;T
11;108303071;C;A
11;108303074;G;GT
11;108303074;GT;G
11;108303075;T;G
11;108303076;T;TTA
11;108303078;A;G
11;108303081;T;C
11;108303082;A;G
11;108303082;A;C
11;108303084;A;C
11;108303086;A;G
11;108303090;C;T
11;108303091;T;A
11;108303092;G;A
11;108303093;TG;T
11;108303094;G;C
11;108303095;A;ATACT
11;108303096;T;TC
11;108303096;TACTG;T
11;108303099;T;A
11;108303101;C;T
11;108303101;C;A
11;108303102;A;G
11;108303103;C;T
11;108303103;C;A
11;108303104;A;AT
11;108304602;A;C
11;108304604;T;C
11;108304606;TTAAGTAAAATG;T
11;108304611;TA;T
11;108304612;A;T
11;108304616;TG;T
11;108304617;G;A
11;108304619;A;G
11;108304619;A;C
11;108304621;T;G
11;108304623;ATTTTACTCAT;A
11;108304626;T;G
11;108304627;T;A
11;108304629;C;T
11;108304630;T;G
11;108304631;C;T
11;108304631;C;G
11;108304632;A;G
11;108304633;T;C
11;108304633;T;A
11;108304635;T;G
11;108304637;T;C
11;108304639;C;T
11;108304641;C;G
11;108304643;A;C
11;108304645;C;T
11;108304646;T;C
11;108304648;T;C
11;108304648;TTGGGTG;T
11;108304650;G;T
11;108304651;G;A
11;108304651;G;T
11;108304652;G;C
11;108304654;G;A
11;108304655;G;T
11;108304655;G;A
11;108304656;A;G
11;108304660;G;T
11;108304660;G;C
11;108304662;T;G
11;108304665;T;C
11;108304666;A;G
11;108304667;T;C
11;108304673;A;G
11;108304673;A;C
11;108304679;A;G
11;108304680;A;G
11;108304681;A;G
11;108304686;C;T
11;108304686;CTT;C
11;108304687;T;G
11;108304690;T;G
11;108304691;G;C
11;108304693;C;T
11;108304694;A;G
11;108304695;G;T
11;108304698;T;C
11;108304698;T;G
11;108304699;G;C
11;108304699;G;A
11;108304700;T;C
11;108304701;A;G
11;108304702;C;T
11;108304702;C;A
11;108304706;C;G
11;108304706;C;T
11;108304707;A;G
11;108304707;A;T
11;108304709;A;G
11;108304711;T;G
11;108304714;A;G
11;108304722;T;C
11;108304726;T;C
11;108304728;A;G
11;108304729;C;G
11;108304729;C;T
11;108304731;C;G
11;108304732;C;T
11;108304734;A;G
11;108304735;G;T
11;108304735;G;A
11;108304736;A;T
11;108304739;C;G
11;108304743;T;C
11;108304743;T;G
11;108304749;A;G
11;108304754;G;A
11;108304754;G;T
11;108304761;G;A
11;108304762;C;G
11;108304762;C;T
11;108304762;CT;C
11;108304767;T;C
11;108304769;C;CA
11;108304769;C;T
11;108304770;A;T
11;108304771;C;T
11;108304771;C;A
11;108304773;T;C
11;108304774;G;A
11;108304776;TC;T
11;108304778;A;G
11;108304782;A;C
11;108304786;T;G
11;108304790;C;T
11;108304791;C;T
11;108304793;G;C
11;108304793;G;A
11;108304796;G;T
11;108304796;G;A
11;108304801;C;A
11;108304801;C;T
11;108304802;G;A
11;108304802;G;C
11;108304804;C;T
11;108304805;A;G
11;108304806;C;A
11;108304806;C;G
11;108304807;T;C
11;108304808;T;C
11;108304808;TCTCG;T
11;108304809;C;G
11;108304809;C;A
11;108304811;C;T
11;108304812;G;A
11;108304812;G;T
11;108304813;C;G
11;108304814;A;G
11;108304817;C;T
11;108304818;G;A
11;108304822;C;T
11;108304823;G;A
11;108304827;C;T
11;108304828;A;G
11;108304829;CA;C
11;108304829;C;T
11;108304832;C;T
11;108304835;C;T
11;108304836;T;A
11;108304836;T;C
11;108304838;CA;C
11;108304839;A;G
11;108304843;T;G
11;108304851;A;G
11;108304852;G;A
11;108304857;T;A
11;108304858;C;G
11;108304859;T;A
11;108304860;A;G
11;108304864;A;C
11;108304866;T;C
11;108304866;T;A
11;108304870;TAACATTAATACTGTA;T
11;108304873;C;T
11;108304873;C;A
11;108304874;A;G
11;108304877;A;ATTT
11;108304878;A;AACAG
11;108304879;T;C
11;108304881;C;T
11;108304883;G;C
11;108304883;G;A
11;108304885;A;C
11;108304888;C;G
11;108304890;C;T
11;108304892;G;T
11;108304893;T;G
11;108304894;T;C
11;108304902;A;G
11;108304904;G;A
11;108304907;G;T
11;108304908;G;T
11;108304910;T;G
11;108304911;T;C
11;108304913;A;C
11;108304913;A;G
11;108304918;G;A
11;108304920;A;C
11;108304921;A;G
11;108304923;C;G
11;108304925;C;T
11;108304926;A;T
11;108307822;GAC;G
11;108307823;A;G
11;108307824;C;A
11;108307826;C;T
11;108307827;A;G
11;108307827;AT;A
11;108307828;T;A
11;108307832;CAAG;C
11;108307833;A;G
11;108307834;A;G
11;108307838;G;A
11;108307838;GGAA;G
11;108307841;A;G
11;108307845;G;C
11;108307846;G;A
11;108307848;G;A
11;108307849;T;TA
11;108307849;T;C
11;108307850;G;A
11;108307856;A;G
11;108307857;A;G
11;108307858;G;T
11;108307860;A;G
11;108307862;G;T
11;108307862;G;A
11;108307863;C;A
11;108307865;T;A
11;108307865;TG;T
11;108307870;C;A
11;108307872;G;A
11;108307873;A;G
11;108307880;A;T
11;108307881;T;A
11;108307882;A;G
11;108307884;TTTTG;T
11;108307884;T;A
11;108307885;T;G
11;108307886;T;C
11;108307887;T;G
11;108307891;TGTCAGA;T
11;108307893;T;A
11;108307894;C;A
11;108307894;C;T
11;108307894;C;G
11;108307900;CAG;C
11;108307902;G;C
11;108307905;C;T
11;108307905;C;A
11;108307907;C;A
11;108307910;T;C
11;108307914;C;T
11;108307915;G;A
11;108307917;T;C
11;108307919;CTG;C
11;108307925;G;T
11;108307925;G;A
11;108307926;G;T
11;108307927;A;AT
11;108307927;A;T
11;108307927;A;G
11;108307928;T;TA
11;108307929;A;G
11;108307933;A;T
11;108307937;A;G
11;108307938;C;A
11;108307940;A;G
11;108307947;A;G
11;108307948;T;C
11;108307949;G;A
11;108307950;C;A
11;108307950;C;T
11;108307956;G;A
11;108307958;T;C
11;108307959;G;C
11;108307960;T;C
11;108307961;G;A
11;108307963;A;G
11;108307965;T;C
11;108307966;A;G
11;108307968;A;G
11;108307969;T;C
11;108307972;G;C
11;108307974;A;G
11;108307974;A;C
11;108307975;G;C
11;108307977;CAAAA;C
11;108307984;GGTAAT;G
11;108307985;G;T
11;108307990;G;A
11;108307990;G;T
11;108307993;A;G
11;108307994;T;C
11;108307998;T;G
11;108307999;G;A
11;108308002;G;A
11;108308003;C;T
11;108308006;C;T
11;108308008;T;TA
11;108308008;T;C
11;108308008;T;A
11;108308010;C;A
11;108308010;C;T
11;108308010;C;G
11;108308011;G;A
11;108308011;GT;G
11;108308015;A;T
11;108308015;A;G
11;108308018;A;G
11;108308019;T;C
11;108308021;T;C
11;108308023;G;C
11;108308024;A;G
11;108308025;G;A
11;108308026;T;C
11;108308028;TA;T
11;108308029;A;C
11;108308032;T;G
11;108308033;T;G
11;108308034;G;A
11;108308036;TAA;T
11;108308037;A;T
11;108308038;A;G
11;108308040;T;C
11;108308041;A;T
11;108308041;A;G
11;108308043;C;G
11;108308043;C;T
11;108308043;C;A
11;108308044;G;A
11;108308045;GC;G
11;108308047;T;C
11;108308047;T;G
11;108308049;AATTTTAACATGATT;A
11;108308054;T;G
11;108308054;T;C
11;108308056;A;T
11;108308057;C;A
11;108308058;A;G
11;108308059;T;A
11;108308059;T;C
11;108310085;T;A
11;108310087;C;G
11;108310087;C;T
11;108310089;A;G
11;108310089;A;C
11;108310095;A;G
11;108310096;C;A
11;108310096;C;T
11;108310099;GC;G
11;108310099;G;A
11;108310101;T;C
11;108310103;T;G
11;108310103;T;C
11;108310105;A;G
11;108310111;A;G
11;108310114;T;C
11;108310115;T;G
11;108310117;A;C
11;108310119;GT;G
11;108310122;T;G
11;108310125;A;G
11;108310128;AGTG;A
11;108310129;GTGAA;G
11;108310131;G;A
11;108310133;A;C
11;108310134;T;C
11;108310135;G;A
11;108310137;C;A
11;108310137;CATT;C
11;108310137;C;T
11;108310139;TTA;T
11;108310141;A;G
11;108310143;A;G
11;108310145;C;G
11;108310146;T;A
11;108310147;C;T
11;108310151;T;C
11;108310152;T;C
11;108310153;T;G
11;108310153;T;C
11;108310154;C;G
11;108310157;T;C
11;108310160;A;G
11;108310161;C;T
11;108310161;C;A
11;108310161;CCTT;C
11;108310162;C;A
11;108310166;T;C
11;108310168;C;T
11;108310168;C;A
11;108310171;G;A
11;108310172;AACAATTTTTAATGAT;A
11;108310173;A;G
11;108310176;A;G
11;108310181;T;A
11;108310183;A;G
11;108310190;T;G
11;108310190;T;C
11;108310191;T;C
11;108310195;G;A
11;108310196;G;C
11;108310197;C;T
11;108310198;T;C
11;108310199;G;A
11;108310201;A;AT
11;108310203;T;G
11;108310205;A;G
11;108310206;A;G
11;108310206;A;T
11;108310211;T;A
11;108310213;T;C
11;108310214;A;G
11;108310216;A;T
11;108310217;A;C
11;108310218;G;C
11;108310221;G;T
11;108310222;C;T
11;108310224;A;G
11;108310225;A;G
11;108310226;G;A
11;108310227;G;C
11;108310229;A;G
11;108310231;C;T
11;108310232;T;C
11;108310232;T;G
11;108310240;G;A
11;108310241;T;C
11;108310246;C;G
11;108310249;A;C
11;108310250;C;A
11;108310254;A;G
11;108310258;C;G
11;108310260;TTACTC;T
11;108310263;C;T
11;108310264;T;A
11;108310265;C;G
11;108310265;CTA;C
11;108310265;C;T
11;108310267;A;G
11;108310268;T;C
11;108310271;A;G
11;108310273;A;T
11;108310276;T;A
11;108310278;T;C
11;108310279;A;G
11;108310282;C;T
11;108310283;A;G
11;108310284;G;A
11;108310284;G;C
11;108310285;A;G
11;108310286;T;C
11;108310287;A;G
11;108310287;A;T
11;108310289;G;C
11;108310292;A;G
11;108310295;T;C
11;108310296;A;G
11;108310297;T;G
11;108310302;G;T
11;108310303;A;T
11;108310305;C;A
11;108310305;C;T
11;108310305;CA;C
11;108310311;A;G
11;108310311;A;C
11;108310312;A;C
11;108310314;A;C
11;108310314;A;G
11;108310315;G;A
11;108310316;G;A
11;108310320;TG;T
11;108310321;G;A
11;108310322;G;A
11;108310323;A;C
11;108310323;A;T
11;108310327;T;C
11;108310328;A;C
11;108310329;G;T
11;108310330;A;G
11;108310331;A;G
11;108310331;AT;A
11;108310332;T;G
11;108310333;T;G
11;108310336;T;G
11;108310336;T;C
11;108310337;G;T
11;108310338;G;T
11;108310338;G;GT
11;108310341;T;A
11;108310341;T;C
11;108310344;A;T
11;108310345;A;G
11;108310345;AAATT;A
11;108310346;A;G
11;108310351;A;T
11;108310352;T;C
11;108310353;G;A
11;108310356;G;A
11;108310357;G;A
11;108310357;G;T
11;108310358;C;T
11;108310361;T;G
11;108310362;G;A
11;108310364;C;T
11;108310366;C;T
11;108310367;A;C
11;108310368;A;T
11;108310368;A;G
11;108310371;A;G
11;108310372;G;T
11;108310372;G;A
11;108310374;G;T
11;108310375;T;C
11;108310378;A;G
11;108310379;T;C
11;108310380;A;G
11;108310381;G;A
11;108310381;G;T
11;108310383;A;T
11;108310384;A;G
11;108310386;G;T
11;108310387;A;G
11;108310387;A;T
11;108310389;T;G
11;108312336;A;C
11;108312336;A;G
11;108312340;C;T
11;108312342;A;G
11;108312342;A;T
11;108312343;T;C
11;108312344;A;G
11;108312345;G;A
11;108312347;A;G
11;108312348;T;C
11;108312350;T;C
11;108312353;A;G
11;108312365;C;T
11;108312366;C;A
11;108312372;G;A
11;108312373;T;C
11;108312374;A;G
11;108312376;G;A
11;108312381;C;T
11;108312381;C;A
11;108312382;A;C
11;108312382;A;G
11;108312385;A;G
11;108312389;G;T
11;108312390;A;C
11;108312392;G;A
11;108312392;G;GTGTT
11;108312399;T;C
11;108312403;A;G
11;108312405;A;C
11;108312409;A;G
11;108312417;T;G
11;108312417;T;TCAA
11;108312418;G;A
11;108312419;C;G
11;108312419;C;A
11;108312419;C;T
11;108312420;A;C
11;108312422;T;C
11;108312423;TGAA;T
11;108312424;G;T
11;108312426;A;C
11;108312430;G;A
11;108312434;G;A
11;108312435;C;T
11;108312437;A;G
11;108312442;A;T
11;108312443;C;A
11;108312443;C;T
11;108312444;A;G
11;108312446;C;G
11;108312448;A;C
11;108312448;A;G
11;108312449;T;C
11;108312451;T;C
11;108312453;T;C
11;108312453;T;G
11;108312456;C;A
11;108312456;C;T
11;108312457;T;G
11;108312458;T;G
11;108312460;A;C
11;108312461;G;A
11;108312463;G;A
11;108312463;G;T
11;108312463;GA;G
11;108312464;A;G
11;108312465;A;C
11;108312466;AAAAGT;A
11;108312467;A;C
11;108312467;A;G
11;108312472;AAAG;A
11;108312474;A;G
11;108312475;G;A
11;108312479;A;G
11;108312484;G;A
11;108312485;G;T
11;108312486;A;T
11;108312487;A;G
11;108312487;A;T
11;108312489;A;G
11;108312489;A;C
11;108312489;A;T
11;108312491;G;A
11;108312491;G;T
11;108312498;G;T
11;108312499;G;A
11;108312499;G;C
11;108312505;A;G
11;108312506;T;C
11;108312506;T;A
11;108312509;G;C
11;108312509;G;A
11;108312511;G;T
11;108312511;G;C
11;108312512;G;C
11;108312515;C;G
11;108312515;C;T
11;108312516;T;G
11;108312517;A;G
11;108312518;T;A
11;108312520;A;T
11;108312521;T;G
11;108312524;A;T
11;108312524;A;ACC
11;108312526;G;T
11;108312527;A;G
11;108312528;C;T
11;108312530;GTATT;G
11;108312536;A;C
11;108312536;A;G
11;108312537;T;A
11;108312538;C;G
11;108312540;C;T
11;108312544;C;A
11;108312544;C;T
11;108312547;T;G
11;108312547;T;C
11;108312548;G;A
11;108312549;G;A
11;108312550;G;A
11;108312550;G;C
11;108312551;T;A
11;108312553;A;G
11;108312553;A;ATAC
11;108312554;T;G
11;108312557;T;C
11;108312558;G;T
11;108312558;G;C
11;108312560;T;TACTGAAATCTTTGTTGTAAAATTTACACAGAAAAGATATATTCTGTTTAAAACAATCTCAGTTAAATAAAAATGAAAACATAAAAAAAATAAA
11;108312561;A;G
11;108312562;T;C
11;108312563;A;G
11;108312565;A;AAAAAATTAGGAACTATACTG
11;108312565;A;G
11;108312566;C;A
11;108312567;A;ATAGAAAATTGATCAAGCAATTGAACTGCCTATATGGTG
11;108312568;C;T
11;108312568;C;G
11;108312570;G;A
11;108312572;A;G
11;108312573;C;T
11;108312573;C;A
11;108315750;C;A
11;108315752;A;G
11;108315753;T;C
11;108315754;T;G
11;108315759;A;G
11;108315763;G;A
11;108315764;C;T
11;108315766;AAATTT;A
11;108315766;A;G
11;108315768;A;T
11;108315771;T;A
11;108315772;A;T
11;108315772;A;G
11;108315774;A;T
11;108315774;A;G
11;108315776;A;T
11;108315778;C;T
11;108315779;G;A
11;108315779;G;T
11;108315780;A;AT
11;108315780;AT;A
11;108315782;T;A
11;108315782;T;G
11;108315783;T;C
11;108315783;T;TG
11;108315787;T;C
11;108315789;C;G
11;108315789;CCTT;C
11;108315792;T;A
11;108315797;A;G
11;108315797;A;C
11;108315798;A;G
11;108315798;A;T
11;108315800;T;G
11;108315803;T;G
11;108315807;G;A
11;108315810;T;A
11;108315811;C;T
11;108315812;C;T
11;108315813;A;G
11;108315821;A;AG
11;108315822;G;C
11;108315823;G;A
11;108315828;T;C
11;108315829;C;T
11;108315830;T;TC
11;108315831;C;T
11;108315836;A;C
11;108315836;A;G
11;108315841;T;C
11;108315852;A;G
11;108315854;G;A
11;108315856;G;C
11;108315856;G;A
11;108315858;G;A
11;108315862;G;A
11;108315863;A;T
11;108315863;ATAGT;A
11;108315864;T;TA
11;108315869;T;G
11;108315869;T;C
11;108315870;G;C
11;108315870;G;T
11;108315871;T;C
11;108315872;A;G
11;108315873;T;C
11;108315875;G;A
11;108315878;G;A
11;108315880;G;A
11;108315882;T;C
11;108315883;G;A
11;108315884;G;T
11;108315884;G;A
11;108315885;A;G
11;108315888;G;C
11;108315890;A;C
11;108315894;G;A
11;108315898;C;T
11;108315902;C;T
11;108315902;C;G
11;108315903;C;T
11;108315904;A;G
11;108315909;T;G
11;108315909;T;A
11;108315911;G;A
11;108315912;G;A
11;108315913;TA;T
11;108315916;A;G
11;108315917;T;C
11;108315917;T;A
11;108315918;T;G
11;108315919;G;T
11;108315920;C;G
11;108315920;C;A
11;108315920;C;T
11;108315926;T;C
11;108315927;C;G
11;108315928;T;C
11;108315934;A;G
11;108315935;C;T
11;108315936;G;A
11;108315937;G;A
11;108315939;A;C
11;108315940;T;C
11;108315941;A;G
11;108315942;G;A
11;108315946;T;C
11;108315948;C;A
11;108315949;T;C
11;108315950;G;A
11;108315955;T;C
11;108315955;T;A
11;108315958;A;G
11;108315960;G;A
11;108315962;G;C
11;108315964;T;A
11;108315965;A;T
11;108315965;A;G
11;108315966;T;C
11;108315968;TGTGTGTAAAA;T
11;108315970;T;C
11;108315971;GT;G
11;108315971;G;C
11;108315971;G;A
11;108315973;G;A
11;108315973;G;T
11;108315975;A;G
11;108315978;AC;A
11;108315979;C;T
11;108315980;C;A
11;108315981;C;G
11;108315985;G;T
11;108315986;C;T
11;108315986;C;A
11;108315987;T;A
11;108315988;A;G
11;108315991;T;C
11;108315991;T;G
11;108315993;C;G
11;108315996;A;T
11;108315997;A;G
11;108315997;ATCTTT;A
11;108315999;C;T
11;108315999;C;A
11;108316000;T;C
11;108316004;C;G
11;108316004;C;T
11;108316008;T;C
11;108316010;G;C
11;108316012;C;T
11;108316015;C;T
11;108316015;C;A
11;108316016;G;A
11;108316016;G;C
11;108316018;A;G
11;108316020;A;G
11;108316022;A;G
11;108316023;T;C
11;108316029;C;T
11;108316029;C;G
11;108316030;G;A
11;108316031;A;T
11;108316033;G;A
11;108316034;C;T
11;108316034;C;G
11;108316036;A;G
11;108316037;T;C
11;108316038;G;A
11;108316042;G;A
11;108316043;G;T
11;108316049;C;A
11;108316051;C;G
11;108316051;C;CTAG
11;108316054;G;C
11;108316055;T;G
11;108316056;A;G
11;108316058;CAT;C
11;108316058;C;A
11;108316059;A;G
11;108316060;T;A
11;108316061;A;G
11;108316062;T;A
11;108316062;T;C
11;108316062;T;G
11;108316066;C;T
11;108316068;C;G
11;108316068;C;T
11;108316069;G;A
11;108316073;C;G
11;108316073;C;T
11;108316073;C;A
11;108316075;G;T
11;108316076;C;G
11;108316076;C;T
11;108316078;A;G
11;108316079;TCC;T
11;108316079;TC;T
11;108316079;T;TC
11;108316080;C;A
11;108316081;C;G
11;108316081;C;A
11;108316082;C;T
11;108316083;C;G
11;108316083;C;T
11;108316086;ATCAAC;A
11;108316090;A;G
11;108316091;C;T
11;108316093;C;T
11;108316093;C;A
11;108316094;G;A
11;108316094;G;C
11;108316094;G;T
11;108316097;A;G
11;108316099;G;C
11;108316100;C;A
11;108316102;G;T
11;108316103;G;T
11;108316106;T;TC
11;108316107;C;A
11;108316109;T;C
11;108316110;T;A
11;108316111;C;A
11;108316111;C;G
11;108316112;A;G
11;108316114;G;A
11;108316116;A;C
11;108316116;A;G
11;108316117;C;T
11;108316118;A;G
11;108316118;A;AT
11;108316122;T;C
11;108316124;T;C
11;108316128;A;G
11;108316132;T;G
11;108316134;G;A
11;108316135;G;A
11;108316135;G;T
11;108316144;TCACTAGTGTAGTGCTGAGGTTA;T
11;108316145;C;A
11;108316146;A;G
11;108316147;C;T
11;108316148;T;G
11;108316150;G;A
11;108316150;G;C
11;108316150;G;T
11;108316153;T;G
11;108316155;GTGC;G
11;108316156;T;C
11;108316157;G;A
11;108316158;C;T
11;108316158;C;G
11;108316159;T;C
11;108316162;G;C
11;108316162;G;A
11;108316163;G;A
11;108316168;T;C
11;108316170;C;T
11;108316170;C;A
11;108316170;CA;C
11;108316172;G;A
11;108316172;G;C
11;108316173;T;C
11;108316174;A;T
11;108316174;A;G
11;108316175;T;A
11;108316176;G;C
11;108316179;G;C
11;108317301;G;C
11;108317302;C;T
11;108317304;G;GT
11;108317304;GTTTT;G
11;108317304;G;A
11;108317304;GT;G
11;108317305;T;G
11;108317307;TTTTTCTCTGG;T
11;108317311;T;C
11;108317312;C;A
11;108317312;C;T
11;108317312;C;G
11;108317313;T;C
11;108317314;C;T
11;108317315;T;A
11;108317315;T;C
11;108317316;G;T
11;108317316;G;A
11;108317317;G;A
11;108317317;G;T
11;108317320;T;A
11;108317323;T;C
11;108317327;G;A
11;108317328;A;G
11;108317328;A;C
11;108317329;T;TA
11;108317330;A;C
11;108317331;T;G
11;108317331;T;C
11;108317331;T;A
11;108317332;C;G
11;108317332;C;CT
11;108317332;C;A
11;108317332;C;T
11;108317335;T;C
11;108317336;G;T
11;108317337;ATTACT;A
11;108317339;TACTTA;T
11;108317341;CT;C
11;108317344;A;T
11;108317345;AC;A
11;108317347;T;C
11;108317348;TAAAAA;T
11;108317348;T;TA
11;108317348;TAAAAAC;T
11;108317349;A;G
11;108317354;CAAAA;C
11;108317354;C;T
11;108317358;A;G
11;108317359;T;C
11;108317362;C;T
11;108317364;C;A
11;108317365;C;G
11;108317366;T;A
11;108317367;G;A
11;108317367;GT;G
11;108317368;T;A
11;108317370;T;C
11;108317372;G;T
11;108317372;G;C
11;108317373;G;T
11;108317374;C;A
11;108317377;T;C
11;108317381;G;GA
11;108317381;G;C
11;108317383;A;G
11;108317385;T;C
11;108317389;G;C
11;108317391;C;G
11;108317391;C;T
11;108317393;C;G
11;108317395;G;C
11;108317398;A;G
11;108317400;A;G
11;108317400;AT;A
11;108317405;T;C
11;108317406;T;C
11;108317408;C;T
11;108317409;G;A
11;108317410;T;C
11;108317411;C;G
11;108317412;T;C
11;108317414;T;A
11;108317414;T;C
11;108317418;A;G
11;108317420;A;G
11;108317421;G;T
11;108317421;G;A
11;108317422;G;C
11;108317422;G;A
11;108317424;T;C
11;108317427;G;C
11;108317428;A;T
11;108317429;T;A
11;108317431;A;T
11;108317431;A;G
11;108317433;GAAAAT;G
11;108317433;G;A
11;108317436;A;G
11;108317437;A;G
11;108317438;T;C
11;108317441;A;C
11;108317443;A;G
11;108317443;A;AT
11;108317444;C;T
11;108317445;T;C
11;108317448;T;G
11;108317451;C;T
11;108317453;T;C
11;108317453;TGAACTA;T
11;108317458;TAGA;T
11;108317459;A;G
11;108317461;A;G
11;108317463;G;T
11;108317464;A;G
11;108317467;T;C
11;108317467;T;G
11;108317470;A;G
11;108317474;C;G
11;108317474;C;T
11;108317478;G;T
11;108317479;C;T
11;108317480;AG;A
11;108317486;G;A
11;108317487;A;G
11;108317488;G;C
11;108317489;G;C
11;108317491;A;T
11;108317492;T;C
11;108317494;T;C
11;108317495;G;A
11;108317497;A;T
11;108317497;A;G
11;108317502;G;C
11;108317503;A;G
11;108317504;C;G
11;108317504;C;T
11;108317506;A;G
11;108317507;T;C
11;108317509;G;T
11;108317509;G;A
11;108317510;C;T
11;108317511;A;G
11;108317512;C;G
11;108317516;C;G
11;108317516;C;T
11;108317517;G;C
11;108317517;G;A
11;108317518;T;A
11;108317520;A;C
11;108317522;G;A
11;108317524;A;G
11;108317525;A;G
11;108317526;G;C
11;108317527;A;C
11;108317528;A;T
11;108317531;T;C
11;108317533;G;T
11;108317533;G;A
11;108317533;G;C
11;108317535;CT;C
11;108317535;CTTGA;C
11;108317537;TGA;T
11;108317538;G;C
11;108317539;ATTTT;A
11;108317539;ATT;A
11;108317539;A;AC
11;108317539;A;G
11;108317539;A;ATT
11;108317539;A;ATTT
11;108317539;ATTT;A
11;108317539;A;AT
11;108317539;AT;A
11;108317541;T;TG
11;108317542;T;A
11;108317547;T;C
11;108317552;T;G
11;108317553;G;A
11;108317554;CCTCT;C
11;108317554;CCT;C
11;108317554;C;A
11;108317555;C;A
11;108317555;C;T
11;108317556;T;G
11;108317557;C;T
11;108317558;T;C
11;108317559;C;T
11;108317559;C;G
11;108317560;T;C
11;108317562;C;T
11;108317563;T;A
11;108317564;C;T
11;108317565;A;C
11;108317568;C;G
11;108317568;C;T
11;108317570;AAAC;A
11;108317572;A;G
11;108317574;A;C
11;108317575;A;G
11;108317576;C;CA
11;108317577;A;T
11;108317578;A;C
11;108317578;A;G
11;108317579;CTG;C
11;108317580;T;A
11;108317581;G;T
11;108317589;C;G
11;108317592;C;A
11;108317592;CTATGAA;C
11;108317594;A;C
11;108317594;A;G
11;108317596;G;T
11;108319879;T;C
11;108319879;TG;T
11;108319881;G;A
11;108319883;G;A
11;108319884;A;C
11;108319885;A;G
11;108319887;C;A
11;108319887;C;G
11;108319889;A;G
11;108319891;T;G
11;108319893;A;T
11;108319893;A;G
11;108319895;A;G
11;108319896;C;A
11;108319897;A;T
11;108319897;A;G
11;108319898;T;C
11;108319899;GTA;G
11;108319900;T;C
11;108319901;A;G
11;108319901;A;T
11;108319903;A;G
11;108319903;A;C
11;108319904;T;A
11;108319904;T;C
11;108319905;C;T
11;108319906;T;G
11;108319909;G;C
11;108319910;G;A
11;108319911;G;A
11;108319915;T;C
11;108319918;T;C
11;108319922;A;G
11;108319924;G;T
11;108319924;G;C
11;108319925;T;A
11;108319925;T;G
11;108319926;A;G
11;108319927;TA;T
11;108319928;A;AT
11;108319930;T;A
11;108319930;T;G
11;108319933;TTTCTTTGACTTATCTC;T
11;108319933;T;C
11;108319935;T;C
11;108319936;C;A
11;108319942;C;T
11;108319944;T;A
11;108319946;T;C
11;108319947;CT;C
11;108319949;C;A
11;108319951;C;T
11;108319953;G;A
11;108319953;G;C
11;108319955;AAAG;A
11;108319955;A;G
11;108319961;G;T
11;108319963;A;G
11;108319963;A;T
11;108319964;G;C
11;108319967;G;C
11;108319971;C;G
11;108319973;A;G
11;108319974;GTT;G
11;108319976;T;C
11;108319977;A;AG
11;108319978;C;G
11;108319978;C;T
11;108319979;C;T
11;108319980;A;G
11;108319981;T;C
11;108319982;G;C
11;108319987;A;AT
11;108319988;T;C
11;108319990;G;C
11;108319990;G;T
11;108319991;T;C
11;108319992;A;G
11;108319995;A;T
11;108319995;A;G
11;108319998;C;A
11;108319999;T;C
11;108320000;C;T
11;108320000;C;G
11;108320002;A;G
11;108320003;C;T
11;108320005;A;G
11;108320006;T;C
11;108320009;C;CTT
11;108320010;T;TA
11;108320013;G;C
11;108320015;G;C
11;108320015;G;A
11;108320017;CAG;C
11;108320017;C;G
11;108320018;A;G
11;108320019;G;T
11;108320023;A;G
11;108320024;T;C
11;108320025;T;G
11;108320025;T;C
11;108320026;C;A
11;108320028;C;G
11;108320029;T;C
11;108320030;A;AC
11;108320030;A;G
11;108320034;T;A
11;108320037;A;G
11;108320040;A;T
11;108320043;G;C
11;108320044;T;A
11;108320045;C;G
11;108320047;C;G
11;108320049;A;G
11;108320049;A;C
11;108320053;T;C
11;108320055;C;A
11;108320056;C;G
11;108320056;C;T
11;108320063;T;A
11;108320064;A;C
11;108320065;T;G
11;108320066;GAA;G
11;108320067;A;C
11;108320069;A;C
11;108320071;G;A
11;108320071;G;T
11;108320073;CAA;C
11;108320073;C;T
11;108320073;C;A
11;108320075;A;T
11;108320075;A;C
11;108320075;A;G
11;108320078;T;A
11;108320078;T;TTA
11;108320081;C;T
11;108320082;T;C
11;108320083;G;C
11;108320083;G;A
11;108320086;T;C
11;108320089;T;C
11;108320093;AT;A
11;108320098;A;T
11;108320102;C;A
11;108320103;A;G
11;108320104;T;C
11;108320105;G;A
11;108320107;C;G
11;108320107;C;T
11;108320109;T;G
11;108320115;C;G
11;108320120;A;G
11;108320126;A;G
11;108320128;A;G
11;108320131;CA;C
11;108320132;A;AATTTTAATGTAAGGATTTGCATTGATGAAGAGAT
11;108320133;AT;A
11;108321227;C;T
11;108321228;A;G
11;108321229;A;G
11;108321229;AC;A
11;108321230;C;A
11;108321232;A;G
11;108321232;A;T
11;108321233;A;C
11;108321234;T;C
11;108321235;T;C
11;108321240;CATTT;C
11;108321241;A;G
11;108321242;T;C
11;108321243;T;G
11;108321245;A;G
11;108321245;A;C
11;108321253;G;T
11;108321254;A;G
11;108321256;A;G
11;108321258;C;T
11;108321259;CTCT;C
11;108321261;C;A
11;108321261;CTTCT;C
11;108321262;T;G
11;108321264;CT;C
11;108321264;C;A
11;108321264;CTTT;C
11;108321267;T;C
11;108321272;T;C
11;108321273;C;T
11;108321273;CAG;C
11;108321275;G;A
11;108321277;G;T
11;108321278;T;C
11;108321284;T;G
11;108321286;C;CT
11;108321286;C;T
11;108321286;C;A
11;108321287;T;C
11;108321288;T;C
11;108321293;G;T
11;108321293;G;C
11;108321296;A;G
11;108321298;T;C
11;108321302;G;A
11;108321304;A;G
11;108321310;A;G
11;108321313;G;A
11;108321314;G;A
11;108321314;G;T
11;108321317;G;A
11;108321321;T;C
11;108321322;G;A
11;108321323;T;G
11;108321324;G;A
11;108321325;T;G
11;108321327;A;AGC
11;108321329;C;G
11;108321330;G;A
11;108321331;C;T
11;108321333;G;A
11;108321334;C;T
11;108321334;C;G
11;108321335;C;G
11;108321337;T;C
11;108321338;G;T
11;108321339;A;G
11;108321341;T;C
11;108321342;CTG;C
11;108321344;G;C
11;108321345;T;G
11;108321345;T;C
11;108321346;G;A
11;108321347;T;C
11;108321348;A;G
11;108321349;T;C
11;108321351;C;T
11;108321352;G;A
11;108321353;C;G
11;108321354;T;G
11;108321355;C;G
11;108321357;A;G
11;108321364;A;C
11;108321364;A;G
11;108321365;C;T
11;108321366;T;A
11;108321367;TAGC;T
11;108321368;A;G
11;108321369;G;A
11;108321370;C;T
11;108321370;C;A
11;108321374;T;C
11;108321375;T;G
11;108321376;G;T
11;108321377;C;A
11;108321378;A;G
11;108321379;G;A
11;108321383;A;G
11;108321384;T;C
11;108321385;T;G
11;108321387;G;T
11;108321388;A;G
11;108321389;G;A
11;108321391;G;T
11;108321394;G;A
11;108321398;A;G
11;108321399;G;C
11;108321400;C;T
11;108321402;T;C
11;108321404;G;A
11;108321406;G;A
11;108321408;A;T
11;108321410;C;A
11;108321411;T;G
11;108321415;C;T
11;108321418;A;G
11;108321419;A;G
11;108321420;G;T
11;108321421;G;A
11;108321421;G;T
11;108321424;T;C
11;108321427;A;G
11;108321428;A;G
11;108321429;T;C
11;108321431;CG;C
11;108321431;C;T
11;108321432;G;T
11;108321432;G;A
11;108321433;T;C
11;108321437;A;G
11;108321438;CTT;C
11;108321439;T;C
11;108321443;T;C
11;108321446;T;A
11;108321447;C;A
11;108321448;C;G
11;108321450;A;G
11;108321453;G;C
11;108321453;G;A
11;108321454;T;G
11;108321455;G;A
11;108321455;G;T
11;108321456;C;T
11;108321458;G;A
11;108321458;G;T
11;108321466;G;A
11;108321473;A;G
11;108321474;T;C
11;108321476;G;T
11;108321476;G;A
11;108321478;G;T
11;108321480;C;CT
11;108321480;CT;C
11;108321486;A;G
11;108321489;A;T
11;108321489;A;G
11;108321490;TA;T
11;108321490;TAAAAACTATAG;T
11;108321491;A;G
11;108321495;A;G
11;108321495;A;T
11;108325235;C;T
11;108325235;C;CCAGAACTTACA
11;108325236;C;G
11;108325236;C;A
11;108325237;A;T
11;108325242;TTACA;T
11;108325243;TAC;T
11;108325245;CAT;C
11;108325246;A;G
11;108325246;A;ATAGTTTTTTTTTTTTTTTTTTTATTTTTTTTTTTTAAGTTCCAGATCTTACT
11;108325248;AGTT;A
11;108325248;AGTTTTT;A
11;108325248;AG;A
11;108325248;AGT;A
11;108325248;AGTTTT;A
11;108325249;GTTTTTTT;G
11;108325249;GT;G
11;108325249;G;GTTTTTTTTTTTTTTTTTTTTTTTTTTTTTTTTTTCCAGATTTTACTTA
11;108325249;G;GTTTTTTTTTTTTTTT
11;108325249;GTTTTTTTT;G
11;108325249;G;GTTTTTTTTTTTTTTTTT
11;108325249;G;GTTTTT
11;108325249;G;GTTTTTTTTTTTTTT
11;108325249;GTTTT;G
11;108325249;G;GTTTTTTTTTTTTTTTTTTTTT
11;108325249;G;GTTTTTTTTTTTTTTTTTTTTA
11;108325249;G;GTTTTTTTTTTTTTTTTTTTTTTTTT
11;108325249;GTTTTT;G
11;108325249;G;GTTTTTTTT
11;108325249;G;GTTTTTTTTTT
11;108325249;G;GTTTTTTTTTTT
11;108325249;G;GTTTTTTTTTTTTTTTTTTT
11;108325249;G;GTTTTTTTTTTTTTTTTTTTTTTTTTTTTTTTTTCTTTGATTTTTTGTTGTTGTTTTTAGGTTGTTTTTACTTTTTTA
11;108325249;G;GTT
11;108325249;G;GTTTTTT
11;108325249;G;A
11;108325249;G;GTTTTTTTTTTTTT
11;108325249;G;GTTTTTTTTTTTTTTTTTT
11;108325249;G;GTTTT
11;108325249;G;T
11;108325249;G;GT
11;108325249;GTTTTTT;G
11;108325249;G;GTTTTTTT
11;108325249;G;GTTTTTTTTT
11;108325249;G;GTTT
11;108325249;G;GTTTTTTTTTTTTTTTTTTTTTT
11;108325249;GTT;G
11;108325249;GTTT;G
11;108325249;G;GTTTTTTTTTTTT
11;108325249;G;GTTTTTTTTTTTTTTTTTTTATTTTTTTTTTTTATTTTCTAGATCTTACTTAT
11;108325250;T;A
11;108325251;T;G
11;108325251;T;A
11;108325251;T;C
11;108325252;T;G
11;108325253;T;G
11;108325254;T;C
11;108325256;T;C
11;108325257;T;TTG
11;108325257;T;G
11;108325264;T;C
11;108325265;T;TTTC
11;108325265;T;TTTAA
11;108325265;T;TTTTTTTTTTTC
11;108325266;T;TAA
11;108325266;T;TTC
11;108325266;T;TAAA
11;108325266;T;C
11;108325267;T;C
11;108325267;T;A
11;108325267;TTCA;T
11;108325268;T;C
11;108325268;T;A
11;108325269;C;G
11;108325269;CA;C
11;108325270;A;C
11;108325270;A;AT
11;108325271;T;A
11;108325271;T;TTTTTTTC
11;108325271;T;TA
11;108325273;T;C
11;108325274;C;G
11;108325274;C;A
11;108325275;T;G
11;108325275;T;A
11;108325276;C;G
11;108325276;C;A
11;108325277;T;C
11;108325279;G;C
11;108325280;C;G
11;108325281;T;A
11;108325285;A;G
11;108325289;A;C
11;108325290;C;A
11;108325291;T;A
11;108325292;CTA;C
11;108325292;C;CT
11;108325294;A;ATG
11;108325294;A;G
11;108325295;T;C
11;108325296;G;A
11;108325296;G;C
11;108325297;T;A
11;108325298;C;T
11;108325298;C;G
11;108325298;C;A
11;108325299;G;A
11;108325301;G;T
11;108325301;G;A
11;108325302;G;T
11;108325303;C;T
11;108325308;A;G
11;108325308;A;C
11;108325312;C;T
11;108325312;C;G
11;108325318;C;T
11;108325320;C;T
11;108325321;A;G
11;108325322;T;C
11;108325323;A;G
11;108325326;C;G
11;108325328;ACT;A
11;108325328;A;G
11;108325332;T;G
11;108325333;C;G
11;108325334;T;G
11;108325335;G;A
11;108325340;A;G
11;108325341;T;G
11;108325341;T;C
11;108325342;A;G
11;108325343;T;C
11;108325349;G;A
11;108325350;T;C
11;108325350;T;G
11;108325352;G;A
11;108325359;C;T
11;108325363;C;G
11;108325365;CA;C
11;108325366;A;G
11;108325366;A;C
11;108325367;G;A
11;108325368;C;T
11;108325369;TTC;T
11;108325372;T;C
11;108325373;C;A
11;108325373;C;T
11;108325377;G;A
11;108325382;T;G
11;108325384;ATTTTAGTT;A
11;108325387;T;G
11;108325389;A;C
11;108325393;T;C
11;108325395;C;T
11;108325398;G;T
11;108325399;A;G
11;108325400;G;A
11;108325401;C;CCTAT
11;108325403;T;C
11;108325404;A;G
11;108325407;A;G
11;108325407;A;AT
11;108325408;T;C
11;108325408;TGG;T
11;108325408;T;G
11;108325410;G;A
11;108325411;C;T
11;108325413;CTACG;C
11;108325413;C;CT
11;108325413;C;G
11;108325415;A;G
11;108325416;C;T
11;108325417;G;A
11;108325418;C;A
11;108325418;C;T
11;108325420;C;T
11;108325420;C;G
11;108325423;T;A
11;108325424;C;A
11;108325424;C;G
11;108325425;A;G
11;108325426;T;C
11;108325430;G;A
11;108325433;G;C
11;108325434;A;C
11;108325436;C;T
11;108325437;C;T
11;108325438;T;A
11;108325440;A;G
11;108325440;A;T
11;108325441;T;A
11;108325447;A;C
11;108325447;A;T
11;108325448;G;A
11;108325450;A;C
11;108325453;T;C
11;108325455;G;C
11;108325456;A;G
11;108325459;A;G
11;108325460;C;T
11;108325461;T;C
11;108325462;C;T
11;108325465;A;C
11;108325466;A;G
11;108325470;G;A
11;108325472;A;T
11;108325472;A;G
11;108325473;T;G
11;108325475;T;C
11;108325476;A;G
11;108325478;T;G
11;108325483;A;G
11;108325485;AT;A
11;108325490;C;T
11;108325491;A;C
11;108325492;C;G
11;108325493;C;G
11;108325493;C;T
11;108325496;A;C
11;108325498;A;T
11;108325498;A;G
11;108325499;C;T
11;108325500;C;T
11;108325504;T;C
11;108325511;C;T
11;108325512;T;A
11;108325515;A;T
11;108325515;A;G
11;108325516;T;C
11;108325517;A;G
11;108325518;C;T
11;108325521;G;C
11;108325524;A;T
11;108325526;A;C
11;108325528;C;G
11;108325528;C;T
11;108325528;C;A
11;108325531;T;G
11;108325532;C;G
11;108325532;C;T
11;108325537;A;T
11;108325538;C;T
11;108325538;C;A
11;108325544;G;A
11;108325547;A;G
11;108325551;AC;A
11;108325551;A;G
11;108325552;C;A
11;108325554;A;G
11;108325555;T;C
11;108325556;T;G
11;108325563;T;G
11;108325564;A;G
11;108325565;T;C
11;108325566;G;A
11;108325566;G;C
11;108325568;C;T
11;108325569;A;G
11;108325570;T;C
11;108325571;C;T
11;108325571;C;CGTA
11;108325572;T;C
11;108325576;C;T
11;108325577;T;C
11;108325578;C;T
11;108325578;C;G
11;108325578;C;A
11;108325579;T;C
11;108325582;A;G
11;108325586;T;A
11;108325586;T;G
11;108325586;T;C
11;108325588;C;A
11;108325588;C;T
11;108325590;T;G
11;108325591;T;G
11;108325591;T;A
11;108325592;T;C
11;108325593;A;G
11;108325595;T;A
11;108325596;A;AT
11;108325598;T;A
11;108325599;TA;T
11;108325599;T;TA
11;108325606;C;T
11;108325606;CAGAA;C
11;108325606;CAG;C
11;108325611;A;G
11;108325612;G;A
11;108325613;C;A
11;108325613;C;T
11;108325614;C;T
11;108325984;T;C
11;108325985;C;CATT
11;108325985;CATT;C
11;108325985;C;G
11;108325985;CATTATT;C
11;108325986;A;G
11;108325991;TA;T
11;108325992;A;G
11;108325993;TTA;T
11;108325993;T;C
11;108325995;A;G
11;108326004;G;A
11;108326005;G;A
11;108326006;T;C
11;108326007;A;G
11;108326008;G;A
11;108326009;T;G
11;108326010;A;G
11;108326011;G;T
11;108326011;G;A
11;108326017;G;A
11;108326017;G;T
11;108326025;A;G
11;108326026;GTATT;G
11;108326026;G;A
11;108326027;T;G
11;108326035;C;A
11;108326035;C;G
11;108326036;C;A
11;108326036;C;T
11;108326037;C;A
11;108326038;A;G
11;108326040;A;T
11;108326040;A;G
11;108326041;T;A
11;108326043;T;C
11;108326044;C;A
11;108326044;C;T
11;108326045;A;G
11;108326051;AT;A
11;108326059;T;C
11;108326063;T;TC
11;108326064;G;A
11;108326065;A;G
11;108326066;A;T
11;108326070;G;A
11;108326072;A;T
11;108326073;A;G
11;108326074;T;C
11;108326077;T;G
11;108326077;T;A
11;108326078;T;A
11;108326079;C;G
11;108326080;A;C
11;108326081;A;T
11;108326081;A;C
11;108326082;A;T
11;108326085;A;G
11;108326088;CA;C
11;108326091;T;G
11;108326091;T;A
11;108326092;A;G
11;108326094;A;G
11;108326094;A;T
11;108326095;A;C
11;108326095;A;G
11;108326096;T;C
11;108326098;C;T
11;108326099;A;G
11;108326099;AG;A
11;108326100;G;A
11;108326100;G;T
11;108326102;T;C
11;108326104;G;T
11;108326107;G;A
11;108326109;G;A
11;108326110;G;A
11;108326110;G;C
11;108326113;T;A
11;108326115;T;C
11;108326116;C;CT
11;108326116;C;CTT
11;108326116;C;T
11;108326118;G;A
11;108326120;G;A
11;108326121;T;C
11;108326127;C;T
11;108326132;A;G
11;108326138;A;T
11;108326138;A;C
11;108326141;A;G
11;108326142;G;A
11;108326147;C;T
11;108326148;TG;T
11;108326148;T;C
11;108326149;G;C
11;108326149;G;T
11;108326151;G;A
11;108326152;C;CA
11;108326154;A;G
11;108326155;A;G
11;108326158;A;G
11;108326158;A;T
11;108326162;G;A
11;108326163;C;G
11;108326163;C;T
11;108326163;CAG;C
11;108326167;G;A
11;108326168;T;C
11;108326169;C;T
11;108326169;C;G
11;108326170;T;C
11;108326172;G;A
11;108326174;C;A
11;108326175;C;T
11;108326177;G;C
11;108326177;G;T
11;108326177;G;A
11;108326178;A;T
11;108326178;A;C
11;108326179;G;A
11;108326181;A;G
11;108326186;C;T
11;108326189;G;A
11;108326192;A;C
11;108326194;T;C
11;108326195;G;A
11;108326197;T;G
11;108326199;A;G
11;108326199;AAG;A
11;108326200;A;C
11;108326201;G;T
11;108326202;A;G
11;108326202;A;C
11;108326204;G;A
11;108326209;A;G
11;108326211;G;A
11;108326212;C;T
11;108326216;C;T
11;108326218;G;A
11;108326218;G;T
11;108326220;G;T
11;108326220;G;A
11;108326220;G;C
11;108326223;G;A
11;108326224;C;T
11;108326224;C;G
11;108326225;GGTTT;G
11;108326225;G;A
11;108326225;G;C
11;108326225;G;T
11;108326226;GT;G
11;108326229;TG;T
11;108326230;G;T
11;108326230;GT;G
11;108326230;G;GT
11;108326230;G;C
11;108326231;T;G
11;108326231;T;C
11;108326232;T;A
11;108326232;T;G
11;108326234;T;C
11;108326235;T;C
11;108326238;T;G
11;108326238;T;TA
11;108326244;C;A
11;108326245;T;C
11;108326245;T;A
11;108326246;G;T
11;108326247;G;T
11;108326254;GT;G
11;108326259;AC;A
11;108326259;A;G
11;108326262;G;T
11;108326263;T;C
11;108326264;T;TA
11;108326264;T;G
11;108326266;T;C
11;108326266;T;G
11;108326268;T;TA
11;108326268;TA;T
11;108326273;A;G
11;108326276;C;T
11;108326276;C;A
11;108326277;A;G
11;108326277;AC;A
11;108326278;C;G
11;108326281;A;C
11;108326282;T;G
11;108326285;A;G
11;108326289;T;C
11;108326291;A;C
11;108326292;A;T
11;108326292;A;C
11;108326293;A;C
11;108326294;TA;T
11;108326294;T;G
11;108326295;ATTT;A
11;108326295;A;G
11;108326296;T;C
11;108326299;T;C
11;108327570;T;TC
11;108327570;TC;T
11;108327571;C;T
11;108327571;C;A
11;108327572;C;A
11;108327574;C;T
11;108327575;G;A
11;108327575;G;T
11;108327578;C;T
11;108327578;C;A
11;108327579;A;C
11;108327579;A;T
11;108327580;T;A
11;108327580;T;C
11;108327587;C;A
11;108327589;G;T
11;108327590;T;G
11;108327594;G;A
11;108327594;G;C
11;108327595;T;C
11;108327597;C;T
11;108327601;C;A
11;108327601;C;T
11;108327602;A;G
11;108327603;T;A
11;108327604;G;T
11;108327606;T;TAATGCATTATATTTTAAG
11;108327607;A;C
11;108327609;T;C
11;108327611;C;G
11;108327611;C;A
11;108327611;C;T
11;108327614;T;A
11;108327615;A;G
11;108327616;T;C
11;108327617;A;C
11;108327620;T;G
11;108327623;A;G
11;108327626;T;C
11;108327628;T;C
11;108327629;T;C
11;108327630;G;A
11;108327631;C;T
11;108327634;T;C
11;108327636;C;A
11;108327638;T;TA
11;108327638;T;C
11;108327640;T;C
11;108327640;T;A
11;108327642;C;G
11;108327643;A;T
11;108327643;A;C
11;108327647;C;A
11;108327647;CA;C
11;108327649;A;T
11;108327649;A;G
11;108327650;T;C
11;108327651;C;T
11;108327651;C;A
11;108327651;C;G
11;108327652;C;T
11;108327653;C;T
11;108327655;G;A
11;108327657;C;G
11;108327659;A;G
11;108327660;A;C
11;108327663;C;T
11;108327664;T;G
11;108327664;TTACA;T
11;108327664;T;C
11;108327665;T;TA
11;108327665;T;C
11;108327667;C;T
11;108327667;C;A
11;108327668;A;G
11;108327669;T;C
11;108327669;TAC;T
11;108327672;A;G
11;108327673;C;T
11;108327677;A;G
11;108327678;T;C
11;108327679;G;A
11;108327680;T;C
11;108327680;TC;T
11;108327681;C;T
11;108327682;T;A
11;108327682;T;C
11;108327684;A;C
11;108327685;G;A
11;108327685;G;C
11;108327686;G;A
11;108327687;G;A
11;108327692;T;C
11;108327698;C;T
11;108327700;G;A
11;108327700;G;C
11;108327701;G;A
11;108327704;A;G
11;108327705;G;A
11;108327706;C;T
11;108327707;A;T
11;108327712;C;T
11;108327713;G;T
11;108327713;G;A
11;108327714;T;A
11;108327715;G;A
11;108327726;C;A
11;108327727;C;G
11;108327729;G;A
11;108327730;C;T
11;108327731;G;A
11;108327731;G;C
11;108327733;T;A
11;108327734;C;A
11;108327740;G;A
11;108327741;C;T
11;108327743;G;T
11;108327744;A;T
11;108327747;T;C
11;108327748;ATCTAGAAAAGG;A
11;108327751;T;G
11;108327751;T;C
11;108327752;A;G
11;108327753;G;C
11;108327756;A;C
11;108327757;A;T
11;108327758;G;C
11;108327761;A;G
11;108327763;G;C
11;108327764;A;AT
11;108327765;T;A
11;108327765;T;C
11;108327769;T;C
11;108327770;G;T
11;108327777;C;T
11;108327778;C;T
11;108327780;T;G
11;108327782;A;T
11;108327785;A;G
11;108327785;A;ATAGT
11;108327786;T;C
11;108327786;T;G
11;108327787;A;G
11;108327791;A;T
11;108327792;C;G
11;108327795;A;G
11;108327796;G;C
11;108327796;G;GCATATT
11;108327797;C;T
11;108327799;T;C
11;108327799;T;TATTCATGCTAA
11;108327800;G;A
11;108327800;G;GCTAAGT
11;108327801;A;T
11;108327802;A;G
11;108327805;T;C
11;108327806;G;A
11;108327807;C;T
11;108327807;C;A
11;108327811;A;G
11;108327812;T;C
11;108327813;C;T
11;108327814;T;G
11;108327816;T;G
11;108327818;C;T
11;108327819;A;T
11;108327821;C;T
11;108327822;A;C
11;108327824;G;A
11;108327824;G;T
11;108327827;C;G
11;108327831;A;C
11;108327831;A;G
11;108327832;T;C
11;108327833;A;C
11;108328946;A;G
11;108328947;C;T
11;108328948;C;G
11;108328951;A;C
11;108328951;A;G
11;108328952;A;C
11;108328952;A;AT
11;108328955;T;G
11;108328955;T;C
11;108328956;G;T
11;108328956;G;A
11;108328956;GA;G
11;108328957;A;G
11;108328958;G;A
11;108328958;G;T
11;108328959;T;C
11;108328960;G;A
11;108328961;A;T
11;108328961;A;G
11;108328967;T;C
11;108328970;A;T
11;108328971;T;A
11;108328972;G;T
11;108328974;A;G
11;108328975;T;G
11;108328980;T;C
11;108328982;T;C
11;108328983;T;G
11;108328984;T;G
11;108328984;T;A
11;108328984;T;C
11;108328985;G;A
11;108328986;T;C
11;108328989;A;C
11;108328989;A;G
11;108328990;T;C
11;108328991;ATAATT;A
11;108328993;A;G
11;108329000;A;G
11;108329003;GGTTGT;G
11;108329004;G;T
11;108329005;TTG;T
11;108329005;T;G
11;108329007;G;A
11;108329007;G;T
11;108329009;G;A
11;108329009;G;C
11;108329012;T;C
11;108329020;G;A
11;108329026;A;G
11;108329027;G;C
11;108329027;G;T
11;108329034;C;G
11;108329037;G;C
11;108329037;G;A
11;108329038;A;G
11;108329039;A;G
11;108329039;A;C
11;108329041;T;C
11;108329043;A;T
11;108329044;T;C
11;108329046;A;G
11;108329047;T;C
11;108329053;A;C
11;108329054;A;G
11;108329055;G;A
11;108329061;A;G
11;108329062;T;C
11;108329065;G;A
11;108329066;C;T
11;108329066;C;G
11;108329067;T;C
11;108329071;A;G
11;108329074;T;C
11;108329075;G;A
11;108329082;T;C
11;108329087;G;C
11;108329088;C;A
11;108329090;T;TAGCC
11;108329095;CT;C
11;108329095;C;G
11;108329097;C;T
11;108329097;CATT;C
11;108329101;A;T
11;108329102;G;A
11;108329104;C;G
11;108329105;C;A
11;108329105;C;T
11;108329106;G;A
11;108329106;G;T
11;108329110;T;G
11;108329113;A;G
11;108329115;A;T
11;108329118;C;G
11;108329118;C;T
11;108329119;T;G
11;108329120;C;G
11;108329122;A;G
11;108329125;C;T
11;108329129;A;C
11;108329130;G;T
11;108329132;A;G
11;108329133;T;C
11;108329134;T;C
11;108329140;C;T
11;108329144;A;G
11;108329148;A;G
11;108329150;T;C
11;108329152;A;G
11;108329154;C;T
11;108329155;G;A
11;108329159;T;C
11;108329160;T;C
11;108329160;T;A
11;108329166;A;G
11;108329166;A;C
11;108329167;C;T
11;108329171;C;A
11;108329173;A;T
11;108329175;C;G
11;108329179;C;T
11;108329183;A;C
11;108329184;A;G
11;108329184;A;C
11;108329188;A;G
11;108329188;A;C
11;108329193;A;T
11;108329193;A;C
11;108329195;G;A
11;108329196;A;G
11;108329197;G;A
11;108329197;G;C
11;108329200;A;G
11;108329202;T;G
11;108329209;C;T
11;108329212;T;TAA
11;108329212;T;C
11;108329218;A;G
11;108329220;A;G
11;108329221;T;G
11;108329221;TAA;T
11;108329222;A;G
11;108329225;A;T
11;108329225;A;G
11;108329230;G;A
11;108329233;A;G
11;108329233;A;T
11;108329234;A;G
11;108329236;C;T
11;108329236;C;A
11;108329238;G;A
11;108329242;A;G
11;108329243;C;A
11;108329245;A;C
11;108329246;G;C
11;108329247;G;C
11;108329247;G;T
11;108329249;T;G
11;108329253;A;G
11;108329254;C;T
11;108329256;A;C
11;108329256;A;G
11;108329257;G;A
11;108329263;A;G
11;108329264;T;C
11;108329267;T;C
11;108329270;G;A
11;108329271;T;C
11;108329273;C;A
11;108329273;C;T
11;108329274;A;G
11;108329276;C;A
11;108329277;A;T
11;108329278;G;C
11;108329278;G;A
11;108329280;T;C
11;108329283;CTGAG;C
11;108329283;C;T
11;108329284;T;A
11;108329284;T;C
11;108329286;AGT;A
11;108329286;A;G
11;108329287;G;GT
11;108329291;G;A
11;108329291;GT;G
11;108329293;G;A
11;108329294;T;G
11;108329294;T;C
11;108329297;T;C
11;108329301;A;G
11;108329302;T;C
11;108329303;A;G
11;108329304;G;T
11;108329306;A;C
11;108329307;A;C
11;108329308;G;T
11;108329308;G;C
11;108330141;T;G
11;108330144;A;G
11;108330144;AT;A
11;108330146;CAT;C
11;108330146;C;A
11;108330147;A;G
11;108330149;G;A
11;108330149;G;T
11;108330151;G;A
11;108330155;T;A
11;108330157;T;C
11;108330158;T;C
11;108330159;G;T
11;108330159;G;A
11;108330161;AGTT;A
11;108330161;A;G
11;108330164;T;C
11;108330165;C;G
11;108330167;G;T
11;108330169;T;C
11;108330170;A;G
11;108330173;G;A
11;108330173;G;T
11;108330174;T;C
11;108330177;A;C
11;108330178;TG;T
11;108330179;G;A
11;108330180;G;A
11;108330181;C;G
11;108330186;G;A
11;108330186;G;C
11;108330187;T;A
11;108330189;T;C
11;108330192;T;A
11;108330194;C;T
11;108330195;C;G
11;108330195;CTTAA;C
11;108330195;C;T
11;108330196;T;G
11;108330197;T;G
11;108330198;A;C
11;108330198;A;G
11;108330200;T;G
11;108330203;T;C
11;108330204;T;G
11;108330205;C;T
11;108330206;T;C
11;108330207;A;G
11;108330208;T;C
11;108330210;C;T
11;108330211;A;G
11;108330213;G;C
11;108330214;A;C
11;108330215;T;C
11;108330217;C;A
11;108330219;C;T
11;108330220;A;C
11;108330222;T;C
11;108330223;A;G
11;108330223;A;T
11;108330226;G;C
11;108330227;G;C
11;108330228;T;G
11;108330228;T;C
11;108330233;C;T
11;108330233;C;G
11;108330234;G;T
11;108330234;G;A
11;108330237;A;T
11;108330238;G;C
11;108330239;C;A
11;108330240;T;A
11;108330241;G;A
11;108330242;G;A
11;108330247;G;C
11;108330248;G;T
11;108330249;A;G
11;108330251;G;A
11;108330253;A;C
11;108330253;A;G
11;108330254;T;G
11;108330257;G;T
11;108330260;C;G
11;108330261;T;C
11;108330262;G;C
11;108330263;C;T
11;108330264;G;A
11;108330265;T;G
11;108330266;G;A
11;108330268;A;G
11;108330269;C;T
11;108330271;G;C
11;108330272;A;T
11;108330273;AAG;A
11;108330276;A;C
11;108330277;G;A
11;108330281;C;T
11;108330281;C;G
11;108330282;G;A
11;108330285;A;C
11;108330287;C;T
11;108330287;C;A
11;108330288;G;A
11;108330289;C;T
11;108330292;C;CT
11;108330293;T;G
11;108330295;A;T
11;108330296;T;C
11;108330297;G;A
11;108330299;A;G
11;108330302;G;C
11;108330303;C;G
11;108330303;C;T
11;108330303;C;A
11;108330305;G;A
11;108330307;T;G
11;108330310;A;G
11;108330314;T;G
11;108330315;A;T
11;108330315;A;G
11;108330316;T;C
11;108330316;T;A
11;108330319;C;T
11;108330320;A;G
11;108330321;A;G
11;108330325;CTTA;C
11;108330327;T;C
11;108330330;T;C
11;108330334;T;C
11;108330337;A;T
11;108330343;A;G
11;108330348;A;G
11;108330351;T;C
11;108330355;G;A
11;108330356;G;T
11;108330356;G;A
11;108330357;T;C
11;108330362;C;T
11;108330363;G;A
11;108330365;C;T
11;108330366;T;G
11;108330369;G;A
11;108330369;G;T
11;108330370;T;C
11;108330370;T;G
11;108330372;C;T
11;108330373;C;T
11;108330373;C;G
11;108330374;C;T
11;108330376;C;G
11;108330380;C;G
11;108330381;T;G
11;108330390;C;T
11;108330392;G;C
11;108330393;G;A
11;108330398;T;G
11;108330398;T;C
11;108330400;T;C
11;108330402;A;G
11;108330405;T;G
11;108330405;T;C
11;108330406;C;T
11;108330408;A;G
11;108330411;G;T
11;108330412;C;T
11;108330413;A;T
11;108330415;G;A
11;108330417;T;C
11;108330418;G;A
11;108330422;G;C
11;108330423;C;T
11;108330427;T;C
11;108330434;C;CA
11;108330435;A;C
11;108330439;C;A
11;108330440;A;T
11;108330440;AAT;A
11;108330441;A;G
11;108330444;T;C
11;108330445;T;C
11;108330445;T;A
11;108330446;C;G
11;108330447;T;C
11;108330450;C;G
11;108330451;C;A
11;108330452;T;C
11;108330453;G;C
11;108330456;C;A
11;108330459;G;A
11;108330461;A;G
11;108330464;A;C
11;108330464;A;G
11;108330465;C;T
11;108330465;CTT;C
11;108330467;T;TA
11;108330468;A;ATTC
11;108330468;A;C
11;108330471;C;A
11;108330471;C;G
11;108330472;A;G
11;108330475;A;T
11;108330477;C;A
11;108330477;C;G
11;108330480;C;G
11;108330480;C;T
11;108330481;T;G
11;108330481;T;C
11;108330483;G;T
11;108330488;C;G
11;108330488;C;T
11;108330489;A;G
11;108330493;A;G
11;108330495;C;T
11;108330496;G;A
11;108331369;A;G
11;108331369;A;AT
11;108331369;A;C
11;108331371;A;C
11;108331372;A;G
11;108331373;C;G
11;108331374;T;G
11;108331375;T;C
11;108331375;T;A
11;108331376;ACTTG;A
11;108331377;C;T
11;108331377;C;A
11;108331378;T;C
11;108331380;G;A
11;108331380;G;T
11;108331381;C;T
11;108331382;T;C
11;108331383;T;G
11;108331384;A;C
11;108331386;A;T
11;108331388;G;A
11;108331389;T;C
11;108331393;AAT;A
11;108331398;T;C
11;108331403;A;G
11;108331404;T;C
11;108331406;C;A
11;108331408;T;C
11;108331410;GT;G
11;108331410;G;T
11;108331410;G;A
11;108331411;T;C
11;108331412;T;G
11;108331417;A;C
11;108331421;T;C
11;108331421;TTG;T
11;108331425;G;T
11;108331425;G;GAA
11;108331426;TC;T
11;108331426;T;C
11;108331427;C;CT
11;108331427;C;T
11;108331427;CT;C
11;108331428;T;G
11;108331429;T;G
11;108331433;T;G
11;108331433;T;A
11;108331435;TA;T
11;108331435;T;A
11;108331438;T;C
11;108331440;G;T
11;108331441;TAGAG;T
11;108331441;TAG;T
11;108331443;G;A
11;108331444;A;G
11;108331445;G;A
11;108331449;C;T
11;108331450;G;A
11;108331453;A;G
11;108331455;G;C
11;108331459;A;T
11;108331462;C;A
11;108331463;C;T
11;108331465;A;G
11;108331466;C;T
11;108331466;C;G
11;108331467;A;G
11;108331469;A;G
11;108331469;A;T
11;108331470;T;G
11;108331470;T;A
11;108331470;T;C
11;108331472;A;C
11;108331473;A;G
11;108331475;T;G
11;108331480;C;T
11;108331481;C;T
11;108331487;T;G
11;108331488;G;A
11;108331489;T;C
11;108331491;C;T
11;108331492;C;G
11;108331493;A;C
11;108331493;A;G
11;108331494;A;G
11;108331494;A;T
11;108331495;T;C
11;108331495;T;G
11;108331496;T;G
11;108331497;G;A
11;108331498;G;C
11;108331501;G;T
11;108331505;G;C
11;108331513;AC;A
11;108331516;A;T
11;108331517;A;G
11;108331519;A;G
11;108331520;T;C
11;108331521;G;A
11;108331523;T;C
11;108331524;G;A
11;108331526;G;A
11;108331528;G;C
11;108331529;G;A
11;108331530;C;T
11;108331532;T;C
11;108331533;A;G
11;108331546;G;A
11;108331548;C;T
11;108331548;C;A
11;108331550;T;G
11;108331553;ATAATG;A
11;108331557;TG;T
11;108331557;T;C
11;108331559;T;C
11;108331568;CTGAA;C
11;108331569;T;C
11;108331570;G;A
11;108331571;A;G
11;108331572;AAATC;A
11;108331575;T;C
11;108331576;C;G
11;108331577;A;C
11;108331578;A;T
11;108331579;A;G
11;108331579;A;C
11;108331581;C;T
11;108331581;C;A
11;108331583;C;T
11;108331585;A;G
11;108331589;T;G
11;108331589;T;A
11;108331591;ATT;A
11;108331592;T;G
11;108331596;T;C
11;108331598;T;C
11;108331600;C;A
11;108331600;C;T
11;108331602;A;G
11;108331608;A;G
11;108331609;C;T
11;108331609;C;A
11;108331609;C;G
11;108331610;T;C
11;108331610;T;G
11;108331613;A;C
11;108331613;A;G
11;108331614;T;C
11;108331616;T;G
11;108331616;T;TTATATAAAG
11;108331617;T;C
11;108331617;TATATAAAGTATATATACC;T
11;108331618;A;C
11;108331618;A;T
11;108331620;A;G
11;108331622;A;G
11;108331625;G;T
11;108331625;G;A
11;108331625;GTA;G
11;108331625;G;C
11;108331625;GTATA;G
11;108331627;A;G
11;108331629;A;G
11;108331630;T;TA
11;108331630;T;A
11;108331632;T;A
11;108331804;A;G
11;108331805;T;C
11;108331807;T;G
11;108331810;A;G
11;108331814;A;C
11;108331815;A;G
11;108331815;A;C
11;108331816;A;T
11;108331818;GA;G
11;108331821;A;G
11;108331823;A;G
11;108331824;T;G
11;108331826;T;G
11;108331827;G;T
11;108331828;GATT;G
11;108331828;G;C
11;108331828;G;T
11;108331829;A;C
11;108331833;TA;T
11;108331834;A;AT
11;108331834;AT;A
11;108331834;A;G
11;108331838;TTTTG;T
11;108331840;T;C
11;108331842;G;A
11;108331844;T;A
11;108331845;T;C
11;108331846;AT;A
11;108331846;A;C
11;108331851;C;T
11;108331852;A;G
11;108331853;T;C
11;108331853;TA;T
11;108331854;A;T
11;108331856;A;C
11;108331857;T;C
11;108331858;C;T
11;108331861;A;G
11;108331862;T;C
11;108331864;G;C
11;108331864;G;T
11;108331867;C;G
11;108331869;T;C
11;108331872;C;A
11;108331872;C;T
11;108331875;A;G
11;108331876;C;T
11;108331877;A;C
11;108331878;G;A
11;108331879;C;G
11;108331879;C;A
11;108331884;CTCTAGAATT;C
11;108331887;T;C
11;108331888;A;G
11;108331889;G;T
11;108331889;G;A
11;108331891;AT;A
11;108331892;T;G
11;108331896;A;T
11;108331897;A;G
11;108331901;A;G
11;108331904;A;G
11;108331905;C;A
11;108331906;C;A
11;108331907;C;A
11;108331908;C;T
11;108331913;A;G
11;108331914;C;T
11;108331914;C;A
11;108331916;C;A
11;108331916;CTTTG;C
11;108331916;C;T
11;108331919;T;C
11;108331919;T;G
11;108331923;T;C
11;108331925;T;C
11;108331933;G;C
11;108331933;GC;G
11;108331936;T;G
11;108331937;T;C
11;108331939;G;A
11;108331940;C;A
11;108331940;C;G
11;108331942;A;G
11;108331945;G;A
11;108331950;C;T
11;108331950;CAG;C
11;108331954;G;C
11;108331954;G;A
11;108331955;A;G
11;108331956;T;C
11;108331958;A;G
11;108331959;A;G
11;108331960;T;C
11;108331961;T;C
11;108331963;C;T
11;108331965;G;T
11;108331965;G;C
11;108331967;C;G
11;108331969;A;C
11;108331971;A;C
11;108331973;C;A
11;108331974;A;G
11;108331976;A;G
11;108331978;G;A
11;108331983;CAGA;C
11;108331986;A;C
11;108331988;G;A
11;108331989;A;C
11;108331993;A;G
11;108331994;G;A
11;108331995;A;G
11;108331996;A;G
11;108331999;A;G
11;108332000;C;T
11;108332001;T;C
11;108332006;A;G
11;108332007;T;G
11;108332008;G;A
11;108332012;C;CT
11;108332021;G;A
11;108332023;T;G
11;108332024;C;A
11;108332024;C;G
11;108332026;C;T
11;108332027;A;G
11;108332028;G;A
11;108332030;T;C
11;108332031;T;A
11;108332034;T;C
11;108332035;G;A
11;108332037;G;C
11;108332037;G;A
11;108332038;G;C
11;108332040;A;T
11;108332041;T;C
11;108332041;T;G
11;108332044;G;A
11;108332045;G;C
11;108332045;G;T
11;108332046;A;G
11;108332047;T;C
11;108332052;C;T
11;108332054;T;C
11;108332055;AC;A
11;108332056;C;T
11;108332057;G;T
11;108332057;G;A
11;108332060;C;G
11;108332061;C;T
11;108332063;T;G
11;108332067;G;A
11;108332072;G;A
11;108332073;T;C
11;108332076;T;C
11;108332077;A;C
11;108332077;A;G
11;108332078;T;G
11;108332078;T;C
11;108332080;C;T
11;108332080;C;A
11;108332081;A;T
11;108332081;A;C
11;108332082;G;C
11;108332084;C;T
11;108332084;C;G
11;108332091;A;G
11;108332092;G;C
11;108332093;A;C
11;108332094;A;T
11;108332095;T;C
11;108332096;A;G
11;108332096;ATTTC;A
11;108332101;T;C
11;108332102;T;G
11;108332106;A;G
11;108332109;A;G
11;108332111;C;T
11;108332112;TTG;T
11;108332687;C;A
11;108332687;C;G
11;108332687;CTT;C
11;108332688;T;G
11;108332689;T;G
11;108332690;T;C
11;108332692;T;G
11;108332694;T;G
11;108332695;TTC;T
11;108332696;T;C
11;108332696;T;G
11;108332698;T;G
11;108332698;T;A
11;108332699;A;G
11;108332700;A;C
11;108332700;ACT;A
11;108332701;C;A
11;108332701;C;T
11;108332705;G;T
11;108332705;G;A
11;108332706;A;T
11;108332707;G;T
11;108332707;G;A
11;108332707;G;GCA
11;108332708;A;G
11;108332710;G;A
11;108332718;G;A
11;108332723;G;A
11;108332723;G;C
11;108332724;T;G
11;108332725;A;C
11;108332726;G;A
11;108332728;T;C
11;108332729;C;A
11;108332729;C;G
11;108332729;C;T
11;108332730;C;T
11;108332730;C;A
11;108332732;TATGTA;T
11;108332732;T;C
11;108332734;T;C
11;108332737;A;G
11;108332738;A;G
11;108332739;T;A
11;108332739;T;C
11;108332740;G;GT
11;108332740;G;A
11;108332741;T;C
11;108332741;T;G
11;108332743;T;C
11;108332746;T;C
11;108332747;G;T
11;108332747;G;C
11;108332748;T;G
11;108332751;T;C
11;108332755;T;G
11;108332759;T;G
11;108332760;A;C
11;108332765;CGAA;C
11;108332765;C;T
11;108332765;C;G
11;108332766;G;A
11;108332769;C;T
11;108332769;CA;C
11;108332771;G;C
11;108332773;G;A
11;108332774;G;T
11;108332780;A;T
11;108332781;A;G
11;108332782;T;C
11;108332785;A;C
11;108332785;A;T
11;108332786;A;G
11;108332789;A;G
11;108332791;A;G
11;108332792;T;C
11;108332793;G;A
11;108332794;T;C
11;108332796;C;T
11;108332798;A;G
11;108332798;A;T
11;108332800;C;T
11;108332800;CAG;C
11;108332803;A;G
11;108332805;G;T
11;108332807;A;C
11;108332807;A;G
11;108332808;G;GGA
11;108332809;G;A
11;108332811;G;C
11;108332811;G;T
11;108332812;A;G
11;108332813;C;T
11;108332814;C;T
11;108332816;C;G
11;108332819;A;G
11;108332820;T;C
11;108332821;G;A
11;108332822;G;T
11;108332824;C;G
11;108332825;A;G
11;108332826;G;A
11;108332827;A;T
11;108332831;G;C
11;108332832;T;G
11;108332832;T;C
11;108332834;G;C
11;108332838;C;G
11;108332840;C;A
11;108332844;G;C
11;108332847;A;C
11;108332848;T;G
11;108332849;G;C
11;108332850;C;G
11;108332850;CTTATA;C
11;108332852;TA;T
11;108332853;A;C
11;108332853;A;G
11;108332854;T;C
11;108332855;A;G
11;108332855;AT;A
11;108332858;A;G
11;108332859;T;C
11;108332860;A;G
11;108332862;T;G
11;108332863;A;G
11;108332869;C;T
11;108332869;C;G
11;108332870;T;G
11;108332874;A;T
11;108332875;T;G
11;108332877;C;G
11;108332878;C;T
11;108332885;T;G
11;108332886;G;A
11;108332887;G;T
11;108332889;A;G
11;108332892;C;T
11;108332894;C;T
11;108332898;GAA;G
11;108332898;G;GA
11;108332901;G;C
11;108332903;A;G
11;108332903;A;T
11;108332904;T;C
11;108332905;GT;G
11;108332905;G;GT
11;108332905;G;A
11;108332906;T;G
11;108332907;T;C
11;108332908;T;G
11;108332910;T;C
11;108332913;T;A
11;108332913;T;C
11;108332913;T;TA
11;108332914;A;T
11;108332916;A;G
11;108332917;G;A
11;108332917;GA;G
11;108332920;G;C
11;108332922;A;G
11;108332924;C;T
11;108332925;G;A
11;108332925;G;T
11;108332926;T;G
11;108332927;T;C
11;108332932;T;C
11;108332933;C;G
11;108332936;G;T
11;108332937;CTG;C
11;108332939;G;A
11;108332944;ACT;A
11;108332945;C;G
11;108332947;C;A
11;108332947;C;G
11;108332949;C;G
11;108332949;CTG;C
11;108332951;G;A
11;108332952;T;TAC
11;108332953;A;G
11;108332953;A;C
11;108332954;G;A
11;108332956;G;C
11;108332956;G;T
11;108332959;A;G
11;108332961;ATTAG;A
11;108332961;A;G
11;108332962;T;C
11;108332963;T;G
11;108332964;A;T
11;108332965;G;A
11;108332965;G;GGCTCTATAAC
11;108332966;T;TTA
11;108332967;T;A
11;108332968;A;T
11;108332969;T;C
11;108332971;G;T
11;108332971;G;GA
11;108332972;A;C
11;108332973;G;T
11;108333811;CTG;C
11;108333813;G;A
11;108333814;C;A
11;108333815;T;A
11;108333818;C;G
11;108333819;T;C
11;108333823;C;T
11;108333823;C;G
11;108333823;C;A
11;108333825;T;G
11;108333826;G;C
11;108333827;C;A
11;108333827;C;G
11;108333828;T;G
11;108333830;GACCTTC;G
11;108333830;G;T
11;108333831;ACCT;A
11;108333831;A;C
11;108333832;C;A
11;108333832;CCTT;C
11;108333832;C;T
11;108333833;C;A
11;108333833;C;T
11;108333834;T;G
11;108333836;C;A
11;108333837;A;C
11;108333838;A;T
11;108333838;A;G
11;108333839;T;C
11;108333840;G;T
11;108333841;C;T
11;108333842;T;C
11;108333843;G;C
11;108333843;G;A
11;108333844;T;C
11;108333846;C;T
11;108333847;C;T
11;108333849;C;G
11;108333851;G;T
11;108333853;T;C
11;108333855;G;A
11;108333860;T;TA
11;108333860;TA;T
11;108333864;A;T
11;108333864;A;G
11;108333865;T;A
11;108333866;C;T
11;108333868;C;G
11;108333868;C;T
11;108333871;C;CA
11;108333871;C;A
11;108333872;A;C
11;108333876;T;G
11;108333876;T;C
11;108333877;T;C
11;108333880;A;T
11;108333881;T;C
11;108333883;C;T
11;108333884;A;G
11;108333887;A;T
11;108333888;G;A
11;108333898;T;C
11;108333899;TC;T
11;108333900;C;T
11;108333901;C;A
11;108333902;A;T
11;108333904;C;T
11;108333904;C;G
11;108333906;G;A
11;108333908;C;T
11;108333911;G;A
11;108333913;C;CAATT
11;108333915;A;C
11;108333915;A;G
11;108333915;A;T
11;108333924;C;G
11;108333927;A;C
11;108333927;A;T
11;108333932;T;C
11;108333934;T;G
11;108333935;A;G
11;108333938;A;T
11;108333940;ATGT;A
11;108333941;T;C
11;108333942;G;A
11;108333943;T;A
11;108333946;T;C
11;108333947;T;C
11;108333949;T;C
11;108333950;C;T
11;108333951;C;G
11;108333954;A;G
11;108333955;C;CT
11;108333955;C;A
11;108333957;A;G
11;108333958;T;C
11;108333966;A;G
11;108333967;AG;A
11;108333968;G;A
11;108333972;A;T
11;108333973;T;G
11;108333973;T;C
11;108333973;T;A
11;108333976;G;C
11;108333979;A;G
11;108333982;A;G
11;108333983;ACT;A
11;108333986;CTT;C
11;108333987;T;C
11;108333989;G;T
11;108333989;G;A
11;108333989;GA;G
11;108333990;A;AT
11;108333991;T;G
11;108333992;T;G
11;108333994;T;G
11;108333998;TAAAC;T
11;108333998;TAAACTAAA;T
11;108333998;T;A
11;108334001;AC;A
11;108334001;A;T
11;108334002;C;A
11;108334002;CTA;C
11;108334002;C;T
11;108334003;T;G
11;108334003;TAAA;T
11;108334004;A;G
11;108334006;A;AT
11;108334006;ATTTT;A
11;108334006;A;T
11;108334006;A;G
11;108334006;AT;A
11;108334007;T;A
11;108334010;T;G
11;108334011;T;G
11;108334012;T;A
11;108334013;T;C
11;108334014;T;A
11;108334015;A;T
11;108334019;G;C
11;108334021;T;G
11;108334021;T;C
11;108334024;A;T
11;108334024;A;G
11;108334026;C;T
11;108334027;C;T
11;108334027;C;A
11;108334030;T;C
11;108334032;G;T
11;108334033;A;C
11;108334036;T;C
11;108334037;A;T
11;108334037;A;G
11;108334038;G;T
11;108334039;T;G
11;108334040;AT;A
11;108334041;T;C
11;108334896;T;C
11;108334899;A;T
11;108334900;T;C
11;108334901;A;C
11;108334901;A;G
11;108334902;A;G
11;108334903;T;C
11;108334904;G;T
11;108334906;A;G
11;108334906;AT;A
11;108334908;T;G
11;108334914;T;G
11;108334915;T;C
11;108334918;G;T
11;108334920;G;A
11;108334922;A;C
11;108334923;A;T
11;108334924;A;G
11;108334926;A;G
11;108334927;G;A
11;108334928;TGTA;T
11;108334931;A;T
11;108334931;A;G
11;108334931;AT;A
11;108334933;C;T
11;108334935;G;T
11;108334940;A;G
11;108334941;T;C
11;108334942;T;C
11;108334943;A;G
11;108334945;C;G
11;108334947;A;G
11;108334948;T;G
11;108334949;C;T
11;108334951;T;C
11;108334953;T;C
11;108334956;A;T
11;108334959;C;A
11;108334959;C;G
11;108334961;T;A
11;108334962;T;C
11;108334963;T;A
11;108334963;T;G
11;108334970;TG;T
11;108334971;G;A
11;108334972;G;T
11;108334973;A;C
11;108334977;C;T
11;108334978;A;C
11;108334980;A;G
11;108334984;G;A
11;108334986;A;G
11;108334986;A;C
11;108334988;A;G
11;108334990;G;A
11;108334992;AAATCTGGTGACTATAC;A
11;108334994;A;G
11;108334999;G;A
11;108334999;G;C
11;108335002;A;C
11;108335002;A;G
11;108335003;C;G
11;108335004;T;TATACAGTC
11;108335004;T;C
11;108335004;T;G
11;108335005;A;G
11;108335007;A;G
11;108335009;A;G
11;108335010;G;C
11;108335012;C;T
11;108335014;T;C
11;108335017;A;G
11;108335019;A;T
11;108335020;G;A
11;108335021;C;T
11;108335024;A;G
11;108335026;T;G
11;108335028;T;A
11;108335029;C;T
11;108335030;G;A
11;108335031;C;G
11;108335034;A;G
11;108335038;G;A
11;108335040;A;C
11;108335041;G;C
11;108335042;G;T
11;108335044;G;T
11;108335049;T;A
11;108335049;T;C
11;108335052;A;G
11;108335054;C;A
11;108335056;A;T
11;108335056;A;G
11;108335058;A;G
11;108335059;A;G
11;108335060;TAA;T
11;108335061;A;G
11;108335063;T;G
11;108335065;G;A
11;108335066;A;G
11;108335067;T;C
11;108335068;T;C
11;108335069;G;A
11;108335070;T;C
11;108335071;G;A
11;108335071;G;T
11;108335073;A;G
11;108335073;A;C
11;108335075;G;C
11;108335076;T;C
11;108335078;C;G
11;108335079;C;T
11;108335080;G;C
11;108335080;G;A
11;108335082;T;C
11;108335087;A;G
11;108335088;G;A
11;108335091;G;A
11;108335096;G;C
11;108335096;G;A
11;108335098;C;T
11;108335098;C;G
11;108335104;G;A
11;108335105;T;C
11;108335109;G;A
11;108335110;G;A
11;108335113;A;T
11;108335114;G;C
11;108335115;C;T
11;108335117;T;C
11;108335120;C;T
11;108335123;T;C
11;108335126;C;G
11;108335129;G;A
11;108335130;C;G
11;108335134;G;A
11;108335134;G;T
11;108335135;C;T
11;108335136;C;T
11;108335137;C;T
11;108335139;T;TA
11;108335141;G;T
11;108335143;G;A
11;108335143;GTTTTAGT;G
11;108335144;T;G
11;108335147;T;A
11;108335147;T;C
11;108335148;A;G
11;108335149;G;A
11;108335150;T;G
11;108335150;TG;T
11;108335150;T;C
11;108335153;T;C
11;108335154;G;C
11;108335156;A;C
11;108335160;T;C
11;108335161;T;G
11;108335163;T;A
11;108335163;T;C
11;108335165;G;C
11;108335166;T;C
11;108335167;T;G
11;108335169;A;G
11;108335169;A;T
11;108335170;T;C
11;108335171;A;C
11;108335171;A;G
11;108335172;TTTTC;T
11;108335172;T;G
11;108335175;TC;T
11;108335176;C;T
11;108335180;C;T
11;108335181;T;A
11;108335182;G;C
11;108335183;C;T
11;108335184;T;A
11;108335184;T;G
11;108335770;G;T
11;108335771;C;T
11;108335772;T;G
11;108335774;T;A
11;108335776;C;T
11;108335776;C;A
11;108335778;C;CAGATA
11;108335778;C;A
11;108335779;A;T
11;108335780;G;T
11;108335780;G;A
11;108335781;A;G
11;108335782;T;A
11;108335782;T;C
11;108335783;G;C
11;108335783;G;A
11;108335783;G;T
11;108335785;C;G
11;108335787;CTG;C
11;108335788;T;C
11;108335789;G;C
11;108335790;T;C
11;108335791;GT;G
11;108335795;T;C
11;108335795;TTATAATAAA;T
11;108335795;T;A
11;108335797;A;T
11;108335798;T;C
11;108335798;TA;T
11;108335798;TAATAA;T
11;108335799;A;G
11;108335800;A;C
11;108335801;T;C
11;108335809;A;T
11;108335810;C;G
11;108335811;T;G
11;108335812;G;C
11;108335815;C;T
11;108335816;T;A
11;108335816;T;G
11;108335816;T;C
11;108335818;G;A
11;108335822;A;G
11;108335823;T;G
11;108335823;T;C
11;108335824;T;C
11;108335826;A;G
11;108335827;T;C
11;108335828;G;A
11;108335830;T;C
11;108335837;T;A
11;108335837;T;G
11;108335838;T;C
11;108335839;C;G
11;108335839;C;T
11;108335843;A;G
11;108335844;G;A
11;108335845;G;A
11;108335847;C;T
11;108335848;C;T
11;108335849;G;A
11;108335849;G;T
11;108335849;G;GTGA
11;108335855;A;G
11;108335857;C;T
11;108335862;A;G
11;108335866;G;C
11;108335867;A;G
11;108335868;T;A
11;108335871;T;C
11;108335878;C;T
11;108335878;CAACA;C
11;108335879;AAC;A
11;108335880;A;T
11;108335880;A;C
11;108335880;A;G
11;108335882;A;G
11;108335883;GGTCTTCCAGATGTGTAATACATTACTGCAGAGAAACACGGAAACTA;G
11;108335884;G;A
11;108335886;C;T
11;108335886;C;A
11;108335887;T;G
11;108335889;C;G
11;108335892;G;A
11;108335893;A;G
11;108335893;A;ATG
11;108335895;G;A
11;108335898;T;G
11;108335899;A;G
11;108335900;A;G
11;108335904;A;T
11;108335904;A;C
11;108335906;T;G
11;108335910;G;T
11;108335910;G;A
11;108335913;G;A
11;108335915;G;A
11;108335915;G;GA
11;108335915;GAA;G
11;108335916;A;G
11;108335921;C;G
11;108335921;C;T
11;108335922;G;T
11;108335922;G;A
11;108335924;A;C
11;108335926;A;G
11;108335929;A;C
11;108335931;G;A
11;108335931;G;GA
11;108335936;G;A
11;108335936;G;C
11;108335937;G;T
11;108335939;A;G
11;108335939;A;T
11;108335940;ATTAACTATCTGTACTTATAAG;A
11;108335941;T;C
11;108335941;T;A
11;108335942;T;C
11;108335944;A;G
11;108335945;C;T
11;108335945;C;G
11;108335947;A;G
11;108335948;T;C
11;108335951;G;T
11;108335951;G;A
11;108335951;G;C
11;108335954;C;T
11;108335955;T;G
11;108335956;TATAAG;T
11;108335956;T;TA
11;108335957;A;C
11;108335958;T;C
11;108335959;A;T
11;108335960;A;G
11;108335961;G;T
11;108335962;G;A
11;108335966;C;T
11;108335967;T;A
11;108335969;T;A
11;108335969;T;G
11;108335970;T;C
11;108335972;G;A
11;108335974;A;T
11;108335974;A;C
11;108335975;C;T
11;108335975;CT;C
11;108335979;T;C
11;108335979;TGTTA;T
11;108335980;G;T
11;108335987;C;A
11;108335989;C;T
11;108335990;C;T
11;108335992;A;G
11;108335996;CAT;C
11;108335999;A;G
11;108336000;T;C
11;108336001;A;G
11;108336005;G;T
11;108336005;G;C
11;108336006;A;G
11;108336009;C;G
11;108336009;C;A
11;108336010;CA;C
11;108336010;C;T
11;108336011;A;G
11;108336013;T;C
11;108336015;G;T
11;108336018;TG;T
11;108336019;G;A
11;108336023;G;A
11;108336023;G;C
11;108336024;A;T
11;108336026;G;A
11;108336028;G;C
11;108336030;C;T
11;108336030;C;G
11;108336032;C;T
11;108336033;A;C
11;108336035;G;A
11;108336035;G;C
11;108336035;GC;G
11;108336036;C;T
11;108336036;C;A
11;108336036;C;CCCAT
11;108343148;C;A
11;108343148;C;CT
11;108343150;G;C
11;108343151;A;G
11;108343152;T;C
11;108343155;CTGAA;C
11;108343155;C;T
11;108343159;A;G
11;108343160;T;G
11;108343160;T;A
11;108343161;G;T
11;108343163;T;A
11;108343170;A;G
11;108343172;G;A
11;108343173;C;T
11;108343174;T;C
11;108343178;T;C
11;108343181;T;C
11;108343182;G;A
11;108343183;G;T
11;108343183;GC;G
11;108343183;G;A
11;108343184;CCT;C
11;108343184;C;A
11;108343184;C;G
11;108343186;T;G
11;108343188;T;A
11;108343192;A;T
11;108343193;A;G
11;108343195;T;C
11;108343195;TA;T
11;108343196;A;G
11;108343200;G;A
11;108343201;GTATT;G
11;108343202;TA;T
11;108343203;A;G
11;108343205;T;A
11;108343206;T;C
11;108343208;A;T
11;108343210;CTG;C
11;108343215;A;G
11;108343216;C;T
11;108343221;G;C
11;108343222;G;A
11;108343224;G;A
11;108343227;TC;T
11;108343228;C;T
11;108343228;C;A
11;108343228;C;G
11;108343230;C;G
11;108343230;CCTCT;C
11;108343231;C;G
11;108343231;C;T
11;108343233;C;G
11;108343237;C;T
11;108343240;CG;C
11;108343240;C;T
11;108343241;G;A
11;108343243;AGT;A
11;108343245;T;C
11;108343246;G;A
11;108343246;G;T
11;108343247;G;A
11;108343249;G;C
11;108343249;G;A
11;108343253;T;G
11;108343254;TGAATGGTGCACAG;T
11;108343254;T;C
11;108343257;A;G
11;108343260;G;A
11;108343265;C;G
11;108343265;C;T
11;108343266;A;G
11;108343267;G;A
11;108343270;A;G
11;108343271;C;A
11;108343271;C;T
11;108343273;G;C
11;108343274;TC;T
11;108343278;C;G
11;108343280;T;C
11;108343283;G;T
11;108343283;G;A
11;108343284;T;C
11;108343285;G;T
11;108343289;T;C
11;108343291;CTTG;C
11;108343294;G;C
11;108343299;C;T
11;108343301;A;G
11;108343303;G;A
11;108343306;G;A
11;108343308;T;C
11;108343309;G;A
11;108343310;G;T
11;108343313;C;T
11;108343318;A;C
11;108343320;A;C
11;108343322;GATAC;G
11;108343323;A;C
11;108343324;T;C
11;108343326;C;T
11;108343330;C;T
11;108343331;C;T
11;108343333;A;G
11;108343334;A;C
11;108343334;A;G
11;108343336;G;C
11;108343337;ATTTCAGTGCC;A
11;108343338;T;C
11;108343342;A;G
11;108343343;G;C
11;108343343;G;A
11;108343344;T;C
11;108343345;G;T
11;108343346;C;A
11;108343348;T;G
11;108343349;T;G
11;108343350;T;A
11;108343351;C;A
11;108343352;A;G
11;108343353;G;C
11;108343358;A;G
11;108343367;T;C
11;108343368;G;C
11;108343370;T;C
11;108343371;GGTGA;G
11;108343371;G;T
11;108343376;G;A
11;108343376;G;T
11;108343377;T;C
11;108343378;G;A
11;108343380;C;T
11;108343382;C;A
11;108343383;C;T
11;108343384;C;G
11;108343384;C;T
11;108343385;A;C
11;108343386;A;C
11;108343386;A;G
11;108343389;T;C
11;108343390;T;TA
11;108343394;G;C
11;108343394;GGTTATT;G
11;108343395;G;T
11;108343395;G;GT
11;108343395;G;A
11;108343397;T;C
11;108343398;A;G
11;108343398;A;C
11;108343399;T;C
11;108343400;T;TGTA
11;108343401;G;A
11;108343403;A;T
11;108343404;A;C
11;108343405;G;C
11;108343409;A;T
11;108343410;TTTAA;T
11;108343410;T;C
11;108343411;T;C
11;108343413;A;G
11;108343414;A;G
11;108343415;T;C
11;108343417;G;C
11;108343417;G;A
11;108343420;T;C
11;108343421;A;G
11;108343422;T;A
11;108343422;T;C
11;108343425;A;T
11;108343428;C;T
11;108343429;TG;T
11;108343429;T;C
11;108343432;C;T
11;108343433;A;G
11;108343437;G;A
11;108343439;C;A
11;108343442;A;G
11;108343442;ATAT;A
11;108343445;T;C
11;108345670;T;A
11;108345671;A;C
11;108345672;T;A
11;108345674;T;C
11;108345675;A;G
11;108345680;T;C
11;108345681;G;A
11;108345682;T;G
11;108345683;G;A
11;108345683;GTA;G
11;108345685;AT;A
11;108345685;ATAT;A
11;108345685;A;G
11;108345687;ATTAGTT;A
11;108345690;A;C
11;108345690;AGTTT;A
11;108345691;G;C
11;108345695;A;G
11;108345703;A;G
11;108345704;CAA;C
11;108345704;C;T
11;108345705;A;C
11;108345706;A;G
11;108345708;A;G
11;108345711;G;GA
11;108345711;G;T
11;108345716;ATAAT;A
11;108345717;T;C
11;108345720;TTATA;T
11;108345720;T;A
11;108345722;A;G
11;108345722;A;C
11;108345724;A;G
11;108345726;ATATT;A
11;108345726;A;G
11;108345727;T;C
11;108345729;T;A
11;108345729;T;C
11;108345732;T;C
11;108345733;C;G
11;108345733;CTATT;C
11;108345733;C;T
11;108345735;A;G
11;108345735;A;T
11;108345736;T;C
11;108345743;G;A
11;108345746;G;A
11;108345747;T;C
11;108345749;CA;C
11;108345749;C;CA
11;108345749;C;G
11;108345751;A;G
11;108345752;A;C
11;108345752;A;G
11;108345757;GTC;G
11;108345758;TC;T
11;108345761;T;C
11;108345762;T;C
11;108345766;A;G
11;108345767;G;C
11;108345774;A;G
11;108345778;A;C
11;108345780;T;G
11;108345785;A;G
11;108345786;T;G
11;108345790;T;C
11;108345792;T;C
11;108345795;G;A
11;108345797;C;CAA
11;108345797;C;T
11;108345798;A;G
11;108345799;A;G
11;108345803;T;A
11;108345804;T;G
11;108345805;T;G
11;108345810;C;T
11;108345814;T;C
11;108345815;T;C
11;108345817;C;T
11;108345818;C;T
11;108345819;G;C
11;108345819;G;A
11;108345821;T;C
11;108345822;A;G
11;108345828;G;A
11;108345829;C;A
11;108345830;A;G
11;108345832;G;A
11;108345838;A;G
11;108345841;C;A
11;108345841;C;G
11;108345842;T;C
11;108345843;T;C
11;108345844;G;C
11;108345845;G;T
11;108345846;A;G
11;108345847;T;G
11;108345848;C;T
11;108345849;C;G
11;108345849;C;T
11;108345850;A;G
11;108345854;A;G
11;108345855;T;G
11;108345856;T;C
11;108345859;G;A
11;108345869;C;T
11;108345870;G;A
11;108345870;G;C
11;108345871;A;G
11;108345872;T;C
11;108345873;T;G
11;108345873;T;C
11;108345873;T;A
11;108345879;A;C
11;108345880;T;C
11;108345882;C;A
11;108345882;C;T
11;108345883;G;A
11;108345884;C;T
11;108345885;G;T
11;108345885;G;A
11;108345886;C;T
11;108345889;T;A
11;108345889;T;G
11;108345889;T;C
11;108345890;G;A
11;108345891;T;C
11;108345895;T;A
11;108345895;T;C
11;108345896;AC;A
11;108345896;ACTT;A
11;108345896;A;G
11;108345897;C;T
11;108345898;T;C
11;108345899;T;A
11;108345900;C;T
11;108345900;C;G
11;108345900;C;A
11;108345901;T;C
11;108345903;C;G
11;108345905;A;G
11;108345907;T;G
11;108345910;T;C
11;108345911;A;G
11;108345912;ATCT;A
11;108345913;T;C
11;108345914;C;G
11;108345915;T;C
11;108345916;T;G
11;108345916;TC;T
11;108345917;C;CT
11;108345918;T;C
11;108345923;C;G
11;108345923;C;T
11;108345924;A;G
11;108345925;T;C
11;108345927;T;C
11;108345927;T;G
11;108345929;G;A
11;108345934;T;C
11;108345935;T;G
11;108345936;G;T
11;108345937;A;G
11;108345938;G;A
11;108345939;C;T
11;108345939;C;G
11;108345941;C;T
11;108345942;T;G
11;108345944;T;C
11;108345948;G;T
11;108345949;T;C
11;108345951;T;C
11;108345954;C;T
11;108345957;GT;G
11;108345957;G;T
11;108345957;G;C
11;108345965;T;G
11;108345966;T;A
11;108345967;TG;T
11;108345968;G;T
11;108345968;G;A
11;108345968;G;C
11;108345969;T;C
11;108345971;T;C
11;108345972;G;C
11;108345973;A;G
11;108345976;C;A
11;108345979;C;T
11;108345980;A;G
11;108345981;C;T
11;108345982;T;C
11;108347204;T;C
11;108347207;T;C
11;108347208;T;G
11;108347209;G;C
11;108347212;A;T
11;108347213;T;G
11;108347216;T;C
11;108347217;G;A
11;108347218;G;T
11;108347219;C;T
11;108347219;C;A
11;108347219;CTATA;C
11;108347221;A;G
11;108347224;T;C
11;108347227;T;C
11;108347230;A;T
11;108347230;A;G
11;108347231;A;T
11;108347231;A;C
11;108347232;A;G
11;108347233;G;C
11;108347234;A;T
11;108347235;G;A
11;108347237;T;G
11;108347237;T;C
11;108347238;G;A
11;108347239;G;A
11;108347239;G;C
11;108347241;A;C
11;108347243;C;T
11;108347244;A;T
11;108347247;G;C
11;108347252;C;A
11;108347253;A;C
11;108347254;G;A
11;108347255;ATTGT;A
11;108347255;A;T
11;108347256;T;G
11;108347257;T;C
11;108347257;T;A
11;108347260;T;C
11;108347261;T;C
11;108347262;G;C
11;108347263;TTTCTTTTTTCTCCAGTTGGTTACATAC;T
11;108347265;T;A
11;108347266;C;G
11;108347268;T;G
11;108347272;T;C
11;108347273;C;A
11;108347275;C;A
11;108347275;C;G
11;108347277;A;T
11;108347277;A;C
11;108347282;G;T
11;108347283;T;A
11;108347283;T;C
11;108347286;C;T
11;108347287;A;G
11;108347288;T;C
11;108347289;A;T
11;108347290;C;G
11;108347290;C;T
11;108347293;G;C
11;108347293;G;A
11;108347298;T;G
11;108347299;G;A
11;108347304;T;C
11;108347304;T;TA
11;108347308;CAT;C
11;108347310;T;A
11;108347310;T;G
11;108347311;G;A
11;108347314;C;T
11;108347318;A;G
11;108347318;A;C
11;108347319;T;A
11;108347322;C;T
11;108347323;T;C
11;108347330;A;G
11;108347332;G;T
11;108347333;A;G
11;108347335;C;T
11;108347336;A;G
11;108347341;G;A
11;108347342;C;T
11;108347342;C;G
11;108347346;A;C
11;108347347;C;T
11;108347347;C;CT
11;108347349;T;C
11;108347350;G;A
11;108347352;A;T
11;108347353;C;T
11;108347353;C;G
11;108347357;T;C
11;108347358;A;G
11;108347362;C;A
11;108347365;G;C
11;108347366;G;T
11;108347370;G;A
11;108347374;TA;T
11;108347374;T;G
11;108347378;A;G
11;108347380;C;A
11;108347381;T;C
11;108347382;A;C
11;108347382;A;G
11;108347383;T;C
11;108347384;G;C
11;108347385;T;C
11;108347386;ATC;A
11;108347386;A;G
11;108347387;T;C
11;108347388;C;G
11;108347388;C;T
11;108347390;A;G
11;108347391;T;A
11;108347392;T;TA
11;108347393;C;A
11;108347394;T;C
11;108347401;T;G
11;108347401;T;C
11;108347404;A;G
11;108347407;T;C
11;108347408;T;G
11;108347410;G;T
11;108347414;A;G
11;108347415;T;A
11;108347416;C;G
11;108347418;T;A
11;108347419;G;A
11;108347420;G;T
11;108347421;A;T
11;108347425;T;C
11;108347427;G;C
11;108347428;T;G
11;108347429;T;G
11;108347433;C;G
11;108347435;A;C
11;108347436;C;A
11;108347437;C;A
11;108347440;G;T
11;108347440;G;A
11;108353692;A;T
11;108353693;A;G
11;108353693;A;C
11;108353695;T;G
11;108353697;C;G
11;108353699;C;A
11;108353702;T;TCTAA
11;108353705;A;T
11;108353705;A;G
11;108353706;A;G
11;108353707;C;A
11;108353708;TG;T
11;108353714;G;A
11;108353714;GAA;G
11;108353715;A;G
11;108353717;A;G
11;108353722;A;G
11;108353724;T;C
11;108353725;A;T
11;108353725;A;C
11;108353727;C;A
11;108353730;TCA;T
11;108353731;C;T
11;108353734;ACC;A
11;108353734;ACCT;A
11;108353735;C;A
11;108353735;C;T
11;108353737;TCCTAACTTCACTGTATTCTTTACTTTAGGTG;T
11;108353738;C;T
11;108353739;C;T
11;108353740;T;C
11;108353741;A;T
11;108353741;A;C
11;108353743;C;T
11;108353744;T;G
11;108353746;C;A
11;108353747;A;T
11;108353748;C;T
11;108353749;T;G
11;108353749;T;C
11;108353751;T;C
11;108353752;A;ATTCTT
11;108353754;TCTTTA;T
11;108353759;A;T
11;108353759;AC;A
11;108353759;A;G
11;108353760;C;A
11;108353763;T;C
11;108353763;T;G
11;108353765;G;C
11;108353766;G;C
11;108353766;G;A
11;108353766;G;T
11;108353769;T;C
11;108353770;T;A
11;108353777;G;T
11;108353781;A;C
11;108353785;C;CA
11;108353785;C;T
11;108353785;C;A
11;108353786;A;G
11;108353791;C;G
11;108353792;C;T
11;108353800;T;C
11;108353802;C;G
11;108353802;C;T
11;108353803;T;C
11;108353803;TGAGACA;T
11;108353805;A;T
11;108353805;A;G
11;108353806;G;C
11;108353806;G;A
11;108353807;A;C
11;108353808;C;T
11;108353809;A;G
11;108353810;G;A
11;108353811;T;C
11;108353814;C;G
11;108353820;G;A
11;108353822;C;T
11;108353824;C;CA
11;108353824;C;G
11;108353826;C;G
11;108353827;C;T
11;108353827;C;A
11;108353828;A;G
11;108353829;G;A
11;108353831;G;C
11;108353831;G;T
11;108353834;A;G
11;108353835;T;TTG
11;108353835;T;C
11;108353836;T;G
11;108353837;G;A
11;108353837;G;C
11;108353838;T;C
11;108353840;G;A
11;108353845;C;T
11;108353846;A;T
11;108353848;G;A
11;108353849;G;A
11;108353855;A;T
11;108353856;C;T
11;108353857;G;A
11;108353857;G;T
11;108353859;G;GT
11;108353859;G;C
11;108353860;T;A
11;108353860;T;C
11;108353862;T;A
11;108353863;T;C
11;108353867;G;A
11;108353868;G;A
11;108353868;G;T
11;108353871;T;C
11;108353872;C;T
11;108353879;A;C
11;108353880;GGTAA;G
11;108353881;G;A
11;108353881;G;T
11;108353882;T;C
11;108353885;G;GTGAT
11;108353887;G;A
11;108353888;A;T
11;108353888;A;C
11;108353890;A;G
11;108353891;T;A
11;108353891;T;C
11;108353892;G;A
11;108353895;G;A
11;108353896;T;G
11;108353896;T;A
11;108353900;G;C
11;108353901;G;A
11;108353902;A;C
11;108353904;G;T
11;108353904;G;C
11;108353905;G;A
11;108353905;G;C
11;108353908;A;G
11;108353913;T;G
11;108353913;T;C
11;108353915;T;C
11;108353920;G;A
11;108353922;C;A
11;108353922;C;G
11;108353923;A;G
11;108353927;T;C
11;108353929;A;G
11;108353930;C;T
11;108353930;C;G
11;108353931;A;G
11;108353932;T;C
11;108353934;G;A
11;108353935;G;A
11;108353942;A;G
11;108353942;A;C
11;108353944;G;A
11;108353945;G;A
11;108353946;T;C
11;108353950;T;A
11;108353954;ACCTGTAATCCCAGCTGCTCAAGAGGCTGAAGTGGGAGGATTGTTTGAGC;A
11;108354737;G;A
11;108354737;G;C
11;108354738;A;C
11;108354738;A;G
11;108354741;A;G
11;108354742;T;C
11;108354743;A;G
11;108354744;CAGAT;C
11;108354744;C;CAGAT
11;108354744;C;T
11;108354744;C;A
11;108354745;A;G
11;108354746;G;C
11;108354746;G;A
11;108354747;A;G
11;108354748;TAA;T
11;108354750;A;AAGAT
11;108354754;T;TA
11;108354754;TAC;T
11;108354755;A;C
11;108354756;C;T
11;108354756;C;G
11;108354756;C;A
11;108354757;G;A
11;108354761;A;G
11;108354762;C;T
11;108354765;C;T
11;108354765;C;A
11;108354765;C;G
11;108354766;A;T
11;108354767;T;C
11;108354767;T;G
11;108354769;G;T
11;108354770;G;T
11;108354771;T;G
11;108354773;T;C
11;108354774;G;T
11;108354775;T;C
11;108354776;A;T
11;108354778;C;T
11;108354779;A;G
11;108354780;A;G
11;108354783;T;C
11;108354785;C;G
11;108354785;C;T
11;108354786;G;T
11;108354786;G;A
11;108354788;A;G
11;108354788;AT;A
11;108354791;TATA;T
11;108354792;A;C
11;108354794;A;G
11;108354796;T;C
11;108354797;G;A
11;108354797;G;GTGTT
11;108354805;C;T
11;108354806;T;C
11;108354807;C;G
11;108354808;T;C
11;108354810;G;C
11;108354814;C;T
11;108354817;T;A
11;108354818;G;A
11;108354821;A;G
11;108354824;A;G
11;108354824;AC;A
11;108354825;C;T
11;108354826;C;G
11;108354829;G;A
11;108354830;G;C
11;108354834;T;C
11;108354835;G;C
11;108354837;TGAGAAACTCTC;T
11;108354840;GAA;G
11;108354844;C;T
11;108354844;C;G
11;108354848;C;T
11;108354854;ACT;A
11;108354860;T;C
11;108354863;A;T
11;108354865;C;T
11;108354866;A;G
11;108354868;T;C
11;108354869;G;A
11;108354871;A;G
11;108354872;G;A
11;108354875;G;A
11;108354876;T;TA
11;108354877;A;G
11;108354878;A;C
11;108354878;A;T
11;108354879;A;C
11;108354879;A;T
11;108354880;G;C
11;108354881;T;C
11;108354882;A;AT
11;108354883;T;G
11;108354884;T;C
11;108354886;T;C
11;108354887;A;G
11;108354888;T;G
11;108354888;T;C
11;108354891;G;A
11;108354891;G;C
11;108354892;G;A
11;108354893;A;G
11;108354893;A;T
11;108354894;A;C
11;108354895;G;A
11;108354895;GA;G
11;108354897;C;T
11;108354897;CTT;C
11;108354897;CTTTA;C
11;108354900;T;C
11;108354900;TA;T
11;108354901;AT;A
11;108354901;A;AT
11;108354902;T;G
11;108354909;TC;T
11;108354910;C;A
11;108354912;T;C
11;108354914;C;A
11;108354914;C;T
11;108354915;C;T
11;108354918;G;T
11;108354919;T;C
11;108354920;A;G
11;108354923;C;G
11;108354924;T;G
11;108354926;T;G
11;108354928;T;A
11;108354931;C;G
11;108354931;C;A
11;108354932;T;A
11;108354932;T;C
11;108354933;C;T
11;108354934;A;C
11;108354934;A;G
11;108354934;A;T
11;108354936;C;A
11;108354936;CAGGA;C
11;108354938;G;GT
11;108354941;A;C
11;108354942;G;GTCT
11;108354942;G;T
11;108354942;G;A
11;108354943;TCACTGATGTGAAGAG;T
11;108354944;CA;C
11;108354944;C;A
11;108354945;A;C
11;108354948;G;A
11;108365009;C;A
11;108365011;G;C
11;108365012;G;A
11;108365013;T;A
11;108365015;C;T
11;108365016;T;C
11;108365017;A;G
11;108365017;ACTGTTT;A
11;108365018;C;T
11;108365019;T;C
11;108365019;T;G
11;108365020;G;A
11;108365024;C;A
11;108365028;G;C
11;108365028;G;GT
11;108365029;T;C
11;108365030;A;C
11;108365031;T;G
11;108365031;T;A
11;108365032;G;A
11;108365034;G;A
11;108365037;T;G
11;108365037;TA;T
11;108365039;A;T
11;108365043;G;T
11;108365043;G;A
11;108365044;T;C
11;108365045;A;T
11;108365046;C;T
11;108365047;A;C
11;108365048;T;A
11;108365048;T;C
11;108365048;T;G
11;108365049;T;G
11;108365050;G;T
11;108365052;TC;T
11;108365054;T;A
11;108365055;T;C
11;108365056;T;C
11;108365062;C;T
11;108365063;A;G
11;108365064;T;C
11;108365065;A;G
11;108365066;T;C
11;108365067;G;T
11;108365067;G;A
11;108365068;TTCTC;T
11;108365069;T;C
11;108365070;C;T
11;108365070;C;G
11;108365074;C;T
11;108365075;T;C
11;108365076;G;C
11;108365076;G;A
11;108365079;T;C
11;108365079;T;G
11;108365082;G;T
11;108365090;A;G
11;108365090;A;C
11;108365091;T;C
11;108365092;A;G
11;108365098;C;T
11;108365099;A;C
11;108365102;C;T
11;108365102;CTT;C
11;108365102;C;G
11;108365104;TTGAC;T
11;108365106;G;T
11;108365107;A;C
11;108365108;C;T
11;108365110;G;A
11;108365111;G;T
11;108365113;C;T
11;108365113;C;A
11;108365120;T;A
11;108365124;T;C
11;108365126;G;C
11;108365126;G;T
11;108365133;T;C
11;108365135;G;A
11;108365137;A;G
11;108365138;T;G
11;108365146;A;G
11;108365147;G;C
11;108365150;G;A
11;108365151;C;A
11;108365151;C;T
11;108365152;C;T
11;108365153;G;A
11;108365158;A;G
11;108365159;T;G
11;108365164;CTG;C
11;108365165;T;G
11;108365165;T;C
11;108365169;C;G
11;108365169;C;A
11;108365171;T;G
11;108365172;C;T
11;108365173;A;G
11;108365174;C;G
11;108365175;C;T
11;108365176;C;G
11;108365177;T;G
11;108365177;T;C
11;108365178;A;C
11;108365179;C;A
11;108365181;C;A
11;108365181;C;G
11;108365183;G;A
11;108365186;T;A
11;108365188;C;T
11;108365190;G;C
11;108365190;G;A
11;108365190;G;T
11;108365193;G;A
11;108365195;C;T
11;108365196;C;A
11;108365196;C;G
11;108365197;A;G
11;108365199;G;A
11;108365203;G;C
11;108365208;C;G
11;108365208;C;T
11;108365209;G;A
11;108365210;A;G
11;108365211;A;C
11;108365214;C;A
11;108365216;C;T
11;108365218;G;C
11;108365219;G;A
11;108365219;GTGAGCAGTATTTTAAGAAGGTCCTGTTGTCAGT;G
11;108365220;T;A
11;108365221;G;A
11;108365228;A;G
11;108365231;T;G
11;108365234;A;G
11;108365235;G;A
11;108365236;A;G
11;108365237;A;T
11;108365237;A;G
11;108365239;G;C
11;108365239;G;A
11;108365239;G;T
11;108365240;T;A
11;108365241;C;A
11;108365241;C;T
11;108365242;C;T
11;108365243;T;C
11;108365243;TG;T
11;108365246;TGTC;T
11;108365246;T;A
11;108365246;T;C
11;108365250;A;G
11;108365251;G;T
11;108365253;T;G
11;108365259;G;C
11;108365259;G;A
11;108365260;A;T
11;108365262;T;G
11;108365263;TTC;T
11;108365265;C;T
11;108365268;A;T
11;108365272;C;T
11;108365273;C;T
11;108365276;G;A
11;108365277;G;A
11;108365277;G;T
11;108365278;C;G
11;108365279;CT;C
11;108365283;A;T
11;108365283;A;G
11;108365284;A;T
11;108365285;A;G
11;108365286;C;T
11;108365287;T;C
11;108365290;T;A
11;108365292;A;G
11;108365293;C;T
11;108365296;C;G
11;108365298;C;T
11;108365298;C;G
11;108365299;T;C
11;108365304;C;T
11;108365305;C;CT
11;108365305;C;G
11;108365307;TTG;T
11;108365307;T;G
11;108365309;G;C
11;108365311;G;A
11;108365313;T;A
11;108365317;G;A
11;108365317;GTCC;G
11;108365318;T;G
11;108365318;T;A
11;108365320;C;A
11;108365324;G;C
11;108365324;G;A
11;108365326;G;C
11;108365330;T;C
11;108365333;A;T
11;108365334;C;G
11;108365335;CAG;C
11;108365335;C;G
11;108365335;C;T
11;108365339;G;A
11;108365339;G;C
11;108365341;T;G
11;108365343;C;T
11;108365343;C;A
11;108365343;C;G
11;108365343;CAACAAAGT;C
11;108365344;A;G
11;108365345;A;G
11;108365346;C;G
11;108365351;T;C
11;108365353;G;T
11;108365354;C;T
11;108365356;G;T
11;108365356;G;A
11;108365359;C;T
11;108365360;G;C
11;108365360;G;A
11;108365361;T;C
11;108365362;G;A
11;108365363;T;C
11;108365364;C;G
11;108365368;A;G
11;108365370;G;T
11;108365370;G;A
11;108365378;A;G
11;108365379;A;G
11;108365380;G;C
11;108365381;A;G
11;108365382;G;A
11;108365382;G;T
11;108365383;A;G
11;108365385;A;G
11;108365386;C;T
11;108365387;TG;T
11;108365388;G;A
11;108365388;G;GA
11;108365389;A;G
11;108365389;A;T
11;108365395;G;T
11;108365397;GGAA;G
11;108365397;G;A
11;108365397;G;T
11;108365400;A;G
11;108365400;A;AG
11;108365405;G;A
11;108365407;A;G
11;108365407;A;C
11;108365408;C;T
11;108365408;C;A
11;108365409;T;G
11;108365410;G;A
11;108365413;C;T
11;108365413;C;G
11;108365414;T;A
11;108365415;C;T
11;108365415;C;CA
11;108365416;A;C
11;108365416;A;G
11;108365417;G;T
11;108365418;T;C
11;108365421;TGGTG;T
11;108365423;G;T
11;108365423;G;A
11;108365424;T;G
11;108365425;G;A
11;108365430;A;G
11;108365431;G;C
11;108365432;T;A
11;108365433;G;C
11;108365437;T;C
11;108365438;T;G
11;108365441;T;C
11;108365442;C;T
11;108365443;A;G
11;108365448;GC;G
11;108365449;C;T
11;108365450;A;T
11;108365453;C;T
11;108365454;C;T
11;108365456;T;C
11;108365462;C;A
11;108365463;C;CA
11;108365465;A;G
11;108365465;A;C
11;108365467;A;G
11;108365473;A;G
11;108365476;C;T
11;108365477;G;A
11;108365478;A;C
11;108365479;C;G
11;108365486;C;T
11;108365489;G;T
11;108365490;A;C
11;108365491;T;C
11;108365496;A;G
11;108365498;C;A
11;108365499;T;C
11;108365499;T;G
11;108365503;G;T
11;108365503;G;C
11;108365505;G;A
11;108365509;T;A
11;108365510;C;G
11;108365514;A;G
11;108365514;AG;A
11;108365515;G;A
11;108365517;A;G
11;108365520;T;C
11;108365521;G;C
11;108365523;A;G
11;108365524;T;G
11;108365525;T;G
11;108365526;ACC;A
11;108365526;A;G
11;108365527;C;T
11;108365528;C;A
11;108365528;C;T
11;108365529;C;G
11;108365529;C;T
11;108365534;A;G
11;108365535;T;G
11;108365537;C;G
11;108365538;A;G
11;108365539;G;T
11;108365540;C;T
11;108365541;C;T
11;108365544;T;C
11;108365545;A;G
11;108365546;G;T
11;108365552;A;G
11;108365553;T;A
11;108365553;T;C
11;108365555;T;G
11;108365559;A;G
11;108365561;C;T
11;108365562;C;T
11;108365563;T;TTTA
11;108365566;A;G
11;108365567;T;C
11;108365574;C;T
11;108365575;C;T
11;108365577;G;T
11;108365577;GC;G
11;108365578;C;T
11;108365579;C;T
11;108365579;C;A
