chrom;pos;ref;alt
13;32316386;C;T
13;32316386;C;G
13;32316387;C;G
13;32316387;C;T
13;32316388;C;T
13;32316390;G;A
13;32316393;T;G
13;32316394;A;G
13;32316395;A;C
13;32316396;G;C
13;32316398;G;A
13;32316400;A;AT
13;32316400;A;T
13;32316404;T;C
13;32316406;GTCT;G
13;32316406;G;A
13;32316411;C;T
13;32316412;T;C
13;32316413;G;C
13;32316413;GT;G
13;32316414;T;C
13;32316416;T;C
13;32316417;T;G
13;32316418;G;A
13;32316418;G;T
13;32316419;C;T
13;32316419;C;A
13;32316419;CAG;C
13;32316424;T;C
13;32316425;T;C
13;32316427;T;C
13;32316428;T;C
13;32316431;C;T
13;32316433;A;C
13;32316435;G;A
13;32316436;C;G
13;32316438;T;C
13;32316439;T;A
13;32316441;G;A
13;32316444;G;A
13;32316446;A;C
13;32316447;T;C
13;32316448;A;G
13;32316449;T;C
13;32316450;C;T
13;32316451;G;C
13;32316452;T;C
13;32316453;A;G
13;32316454;G;A
13;32316455;G;A
13;32316456;TA;T
13;32316457;A;G
13;32316458;A;G
13;32316459;A;G
13;32316462;T;G
13;32316463;G;A
13;32316464;C;T
13;32316465;C;A
13;32316466;T;C
13;32316467;A;G
13;32316470;G;A
13;32316471;G;T
13;32316471;G;A
13;32316471;G;C
13;32316473;T;C
13;32316474;C;T
13;32316475;C;T
13;32316475;CAA;C
13;32316477;AAG;A
13;32316482;A;G
13;32316483;G;A
13;32316484;GC;G
13;32316484;G;A
13;32316485;C;A
13;32316485;C;T
13;32316486;C;A
13;32316487;A;G
13;32316488;A;G
13;32316489;C;A
13;32316490;A;AT
13;32316492;T;G
13;32316494;T;G
13;32316495;T;C
13;32316497;G;A
13;32316498;A;T
13;32316499;A;T
13;32316500;A;G
13;32316501;T;A
13;32316502;T;TTTA
13;32316503;T;C
13;32316504;T;G
13;32316507;A;G
13;32316508;GAC;G
13;32316511;A;T
13;32316512;C;T
13;32316513;G;A
13;32316514;C;G
13;32316514;C;T
13;32316515;T;A
13;32316516;G;T
13;32316517;C;T
13;32316519;A;G
13;32316520;C;T
13;32316521;A;G
13;32316522;A;G
13;32316523;A;G
13;32316525;CA;C
13;32316526;A;T
13;32316528;G;C
13;32316529;T;C
13;32316530;A;T
13;32316531;T;C
13;32316532;T;C
13;32316535;C;A
13;32316539;T;C
13;32316541;TTA;T
13;32316542;T;A
13;32316543;A;G
13;32316543;A;T
13;32316544;T;C
13;32316545;A;G
13;32316546;T;C
13;32316548;A;C
13;32316549;C;G
13;32316552;T;C
13;32316552;T;A
13;32316558;T;C
13;32316559;T;C
13;32316560;A;G
13;32316561;C;T
13;32316561;C;A
13;32316561;C;G
13;32316563;C;A
13;32316563;C;G
13;32316564;C;G
13;32316564;C;T
13;32316565;G;A
13;32316567;G;A
13;32316567;G;C
13;32316571;G;A
13;32316573;G;A
13;32316576;T;C
13;32316576;T;A
13;32316578;C;A
13;32316579;T;TA
13;32316580;A;G
13;32316581;A;G
13;32316582;A;G
13;32316584;A;C
13;32316585;A;C
13;32316585;ATG;A
13;32316585;A;T
13;32316585;ATGCT;A
13;32316586;T;C
13;32316587;G;T
13;32316588;C;CTT
13;32316588;C;A
13;32316589;T;G
13;32316593;TA;T
13;32316597;A;C
13;32316598;A;T
13;32316598;AC;A
13;32316599;C;A
13;32316600;C;T
13;32316601;C;T
13;32316601;C;G
13;32316602;A;G
13;32316602;A;C
13;32319002;T;G
13;32319002;T;C
13;32319004;A;G
13;32319007;T;A
13;32319009;T;C
13;32319011;A;C
13;32319018;T;A
13;32319020;G;A
13;32319021;G;A
13;32319021;G;T
13;32319023;C;G
13;32319025;C;G
13;32319025;CA;C
13;32319027;A;G
13;32319027;A;T
13;32319028;A;G
13;32319031;T;C
13;32319033;T;C
13;32319034;CT;C
13;32319034;C;T
13;32319035;T;C
13;32319035;T;A
13;32319036;G;C
13;32319040;C;T
13;32319041;T;C
13;32319042;G;T
13;32319042;G;A
13;32319043;G;C
13;32319044;T;C
13;32319045;TA;T
13;32319046;A;G
13;32319049;A;C
13;32319052;AAGG;A
13;32319055;G;A
13;32319056;T;G
13;32319057;G;T
13;32319058;G;T
13;32319058;G;A
13;32319059;G;T
13;32319059;G;A
13;32319059;GA;G
13;32319060;A;G
13;32319060;A;AT
13;32319060;AT;A
13;32319061;T;A
13;32319062;T;G
13;32319065;T;C
13;32319069;T;A
13;32319070;T;A
13;32319070;T;G
13;32319071;A;T
13;32319074;T;G
13;32319075;A;G
13;32319077;A;G
13;32319078;T;C
13;32319080;T;C
13;32319081;A;T
13;32319082;G;A
13;32319086;C;T
13;32319086;C;G
13;32319087;A;G
13;32319088;A;G
13;32319090;A;C
13;32319090;A;G
13;32319092;G;A
13;32319094;C;G
13;32319097;A;C
13;32319098;A;C
13;32319098;A;G
13;32319099;T;C
13;32319101;G;A
13;32319102;G;C
13;32319107;A;G
13;32319111;A;G
13;32319114;T;C
13;32319115;T;C
13;32319116;C;A
13;32319116;C;T
13;32319117;T;C
13;32319119;C;T
13;32319121;G;A
13;32319122;A;T
13;32319125;C;T
13;32319128;C;T
13;32319130;C;G
13;32319131;C;T
13;32319134;A;G
13;32319142;G;T
13;32319143;A;C
13;32319145;C;T
13;32319147;T;C
13;32319151;G;A
13;32319154;G;T
13;32319154;G;C
13;32319156;A;C
13;32319157;T;A
13;32319163;C;G
13;32319164;A;G
13;32319168;A;G
13;32319168;AAAC;A
13;32319173;A;G
13;32319174;C;T
13;32319175;A;G
13;32319176;A;C
13;32319180;C;G
13;32319180;C;T
13;32319181;G;A
13;32319183;A;G
13;32319184;C;A
13;32319184;C;G
13;32319188;A;G
13;32319189;C;T
13;32319190;C;G
13;32319191;T;C
13;32319192;A;G
13;32319199;A;T
13;32319200;C;T
13;32319203;C;T
13;32319204;A;G
13;32319206;A;C
13;32319207;A;G
13;32319209;G;A
13;32319214;C;A
13;32319215;C;T
13;32319215;CATCTTATA;C
13;32319218;C;T
13;32319219;T;C
13;32319222;T;C
13;32319223;A;G
13;32319224;A;G
13;32319226;C;A
13;32319227;A;G
13;32319228;G;A
13;32319230;T;C
13;32319231;G;A
13;32319231;G;C
13;32319232;G;C
13;32319233;C;T
13;32319234;T;C
13;32319238;A;G
13;32319240;T;G
13;32319241;C;T
13;32319243;A;G
13;32319244;A;G
13;32319246;AAT;A
13;32319249;A;G
13;32319250;T;A
13;32319250;T;G
13;32319256;G;C
13;32319257;A;G
13;32319258;G;A
13;32319259;C;G
13;32319259;C;T
13;32319264;G;A
13;32319266;T;C
13;32319272;T;G
13;32319275;C;T
13;32319276;G;T
13;32319276;G;A
13;32319277;C;G
13;32319278;T;C
13;32319282;C;T
13;32319283;C;A
13;32319285;A;G
13;32319286;T;C
13;32319289;C;G
13;32319289;C;T
13;32319290;C;A
13;32319294;A;C
13;32319296;AAGAATT;A
13;32319298;G;C
13;32319302;T;C
13;32319306;T;A
13;32319307;A;T
13;32319307;A;G
13;32319308;A;C
13;32319309;A;G
13;32319310;T;C
13;32319312;C;A
13;32319312;C;G
13;32319312;CA;C
13;32319314;A;C
13;32319322;T;G
13;32319323;T;G
13;32319325;G;A
13;32319330;G;A
13;32319331;T;G
13;32319331;T;C
13;32319335;GCAATATGGTAGACTGGGGAGAACTACAAA;G
13;32319336;C;T
13;32319337;A;C
13;32319337;A;G
13;32319338;A;G
13;32319340;A;G
13;32319341;T;C
13;32319342;G;T
13;32319343;G;A
13;32319348;C;T
13;32319349;TG;T
13;32319349;T;A
13;32319350;G;A
13;32319351;G;C
13;32319352;G;C
13;32319354;A;G
13;32319355;G;A
13;32319355;G;C
13;32319357;A;G
13;32319358;C;T
13;32319359;T;G
13;32319361;C;T
13;32319363;A;G
13;32319364;A;G
13;32319365;C;G
13;32319366;T;G
13;32319367;A;G
13;32319369;G;A
13;32319370;A;G
13;32319371;A;G
13;32319373;T;C
13;32319374;T;C
13;32319380;A;G
13;32319381;A;G
13;32319381;AC;A
13;32319382;CCTG;C
13;32319382;C;T
13;32319385;G;A
13;32319385;G;T
13;32319387;G;A
13;32319389;TA;T
13;32319392;A;T
13;32319395;C;A
13;32319398;A;G
13;32319400;C;T
13;32325003;T;C
13;32325004;A;G
13;32325007;C;T
13;32325008;A;G
13;32325011;T;G
13;32325013;C;T
13;32325016;A;G
13;32325020;T;A
13;32325022;C;A
13;32325024;A;C
13;32325024;A;G
13;32325029;A;G
13;32325033;T;A
13;32325034;C;T
13;32325036;A;G
13;32325037;G;C
13;32325038;A;AGTAT
13;32325038;A;C
13;32325039;G;C
13;32325039;G;A
13;32325041;A;G
13;32325045;A;G
13;32325046;C;T
13;32325047;A;C
13;32325047;A;T
13;32325049;T;G
13;32325050;C;G
13;32325052;C;A
13;32325052;C;T
13;32325054;CTGAATTAT;C
13;32325054;C;T
13;32325058;A;G
13;32325059;T;A
13;32325061;A;G
13;32325062;T;C
13;32325064;G;T
13;32325064;G;A
13;32325066;A;G
13;32325069;G;A
13;32325073;CA;C
13;32325079;G;C
13;32325080;G;C
13;32325081;A;C
13;32325082;A;C
13;32325082;A;G
13;32325083;T;C
13;32325084;G;A
13;32325087;C;A
13;32325087;C;T
13;32325094;G;A
13;32325095;T;C
13;32325097;G;C
13;32325098;A;G
13;32325099;C;T
13;32325100;A;G
13;32325100;A;C
13;32325102;A;G
13;32325108;C;G
13;32325108;C;T
13;32325109;T;G
13;32325111;C;A
13;32325111;C;T
13;32325112;G;T
13;32325112;G;A
13;32325116;A;G
13;32325121;A;T
13;32325124;C;G
13;32325126;A;G
13;32325128;A;C
13;32325128;A;G
13;32325129;A;C
13;32325130;T;C
13;32325131;G;T
13;32325133;A;G
13;32325134;T;A
13;32325137;A;G
13;32325138;G;T
13;32325142;A;G
13;32325144;G;T
13;32325145;A;G
13;32325150;T;G
13;32325153;T;C
13;32325153;T;G
13;32325155;T;A
13;32325156;C;T
13;32325156;C;A
13;32325157;C;T
13;32325158;A;G
13;32325161;T;G
13;32325163;T;A
13;32325163;TA;T
13;32325169;C;G
13;32325169;C;A
13;32325172;G;A
13;32325172;G;T
13;32325175;T;C
13;32325175;T;G
13;32325179;T;G
13;32325180;G;A
13;32325184;G;T
13;32325184;G;A
13;32325185;G;A
13;32325186;T;C
13;32325187;A;G
13;32325188;T;G
13;32325188;T;C
13;32325189;G;C
13;32325190;A;G
13;32325190;A;C
13;32325194;A;G
13;32325195;G;A
13;32325195;G;T
13;32325196;C;T
13;32325197;T;A
13;32325206;A;G
13;32325210;T;TGTTTC
13;32325213;T;C
13;32325215;A;G
13;32325217;A;G
13;32325219;G;A
13;32325220;A;G
13;32325220;A;C
13;32325223;C;A
13;32325224;A;G
13;32325224;A;T
13;32325226;T;C
13;32325230;C;T
13;32325234;A;T
13;32325234;A;G
13;32325236;A;G
13;32325238;A;C
13;32325238;A;G
13;32325238;ATT;A
13;32325242;G;A
13;32325243;T;A
13;32325245;C;G
13;32325245;C;A
13;32325247;A;G
13;32325250;A;G
13;32325251;A;C
13;32325251;A;T
13;32325252;G;A
13;32325256;A;C
13;32325258;T;A
13;32325259;C;G
13;32325259;C;A
13;32326026;C;A
13;32326027;T;C
13;32326028;T;C
13;32326034;A;T
13;32326038;A;G
13;32326039;GAT;G
13;32326040;A;G
13;32326041;T;A
13;32326043;A;G
13;32326043;A;C
13;32326044;A;G
13;32326045;C;T
13;32326045;C;G
13;32326048;G;A
13;32326049;T;G
13;32326052;T;C
13;32326052;T;A
13;32326054;G;A
13;32326054;G;T
13;32326055;C;T
13;32326055;C;A
13;32326056;C;T
13;32326056;C;G
13;32326058;G;T
13;32326058;G;GT
13;32326059;T;G
13;32326060;T;G
13;32326061;T;A
13;32326064;TAA;T
13;32326064;T;A
13;32326065;A;T
13;32326071;A;G
13;32326072;C;T
13;32326074;TA;T
13;32326074;T;G
13;32326075;A;G
13;32326076;A;G
13;32326077;G;C
13;32326077;G;A
13;32326078;G;T
13;32326078;G;A
13;32326079;G;A
13;32326079;G;T
13;32326081;T;G
13;32326084;G;T
13;32326084;G;A
13;32326085;CTTTG;C
13;32326085;CTTTGT;C
13;32326086;T;A
13;32326086;T;G
13;32326088;T;C
13;32326089;G;A
13;32326099;A;G
13;32326101;T;G
13;32326102;C;A
13;32326103;CTGT;C
13;32326103;C;G
13;32326105;G;T
13;32326111;C;T
13;32326112;T;C
13;32326113;A;G
13;32326115;A;T
13;32326115;A;G
13;32326116;A;G
13;32326117;T;C
13;32326117;T;A
13;32326119;T;C
13;32326124;A;G
13;32326124;A;C
13;32326125;T;G
13;32326127;T;C
13;32326129;A;G
13;32326129;A;T
13;32326130;C;A
13;32326131;A;C
13;32326132;C;T
13;32326132;C;A
13;32326134;A;G
13;32326134;A;C
13;32326136;A;G
13;32326139;G;C
13;32326139;G;T
13;32326142;A;G
13;32326142;A;C
13;32326143;TAAGTC;T
13;32326143;TAA;T
13;32326143;T;C
13;32326143;T;G
13;32326147;T;A
13;32326151;G;T
13;32326151;GT;G
13;32326153;AT;A
13;32326154;T;C
13;32326156;A;G
13;32326159;A;T
13;32326163;AC;A
13;32326164;C;T
13;32326166;A;G
13;32326169;C;T
13;32326169;CT;C
13;32326170;T;A
13;32326171;TTTTA;T
13;32326176;T;C
13;32326180;T;TAG
13;32326182;G;C
13;32326185;T;A
13;32326186;A;G
13;32326189;A;G
13;32326190;G;A
13;32326190;G;T
13;32326193;A;AT
13;32326194;TG;T
13;32326195;G;A
13;32326199;A;T
13;32326201;A;T
13;32326202;A;T
13;32326204;A;G
13;32326204;A;T
13;32326205;A;G
13;32326207;AAAAC;A
13;32326210;A;G
13;32326211;C;T
13;32326211;CTT;C
13;32326211;C;G
13;32326216;C;T
13;32326218;A;G
13;32326224;C;T
13;32326226;C;CT
13;32326226;C;T
13;32326226;CT;C
13;32326227;T;G
13;32326227;T;C
13;32326228;T;C
13;32326231;T;C
13;32326232;T;C
13;32326235;C;G
13;32326237;C;T
13;32326237;CCCA;C
13;32326238;C;T
13;32326239;C;A
13;32326239;C;T
13;32326241;G;T
13;32326243;G;A
13;32326250;GGGA;G
13;32326253;A;C
13;32326255;T;TG
13;32326255;T;G
13;32326258;G;T
13;32326262;C;T
13;32326263;A;T
13;32326267;A;C
13;32326267;A;G
13;32326268;C;G
13;32326268;C;A
13;32326269;C;T
13;32326269;C;A
13;32326271;A;C
13;32326271;A;G
13;32326272;A;G
13;32326273;G;A
13;32326283;G;T
13;32326291;T;G
13;32326291;TC;T
13;32326292;C;T
13;32326293;T;C
13;32326294;A;G
13;32326294;AC;A
13;32326296;C;T
13;32326298;G;A
13;32326299;G;C
13;32326299;G;T
13;32326299;G;A
13;32326300;T;C
13;32326302;T;C
13;32326303;A;T
13;32326307;T;G
13;32326309;A;G
13;32326311;G;A
13;32326311;G;T
13;32326312;A;G
13;32326313;C;A
13;32326313;C;G
13;32326314;T;G
13;32326318;TAATTGAGA;T
13;32326322;T;G
13;32326323;G;C
13;32326325;G;T
13;32326325;G;A
13;32326331;G;T
13;32326332;A;G
13;32326334;A;G
13;32326336;T;C
13;32326338;G;A
13;32326339;C;T
13;32326339;C;A
13;32326340;G;A
13;32326340;G;T
13;32326341;T;G
13;32326342;T;C
13;32326344;T;C
13;32326346;C;A
13;32326353;C;T
13;32326353;C;G
13;32326354;C;T
13;32326355;TGA;T
13;32326356;G;T
13;32326426;A;G
13;32326426;A;C
13;32326427;G;A
13;32326428;T;C
13;32326432;T;C
13;32326433;G;T
13;32326435;A;C
13;32326440;T;G
13;32326441;A;G
13;32326445;T;C
13;32326447;C;T
13;32326449;T;C
13;32326452;T;C
13;32326456;C;G
13;32326457;A;G
13;32326458;G;A
13;32326459;G;A
13;32326460;G;T
13;32326461;C;A
13;32326461;C;T
13;32326465;T;C
13;32326468;A;G
13;32326468;A;C
13;32326468;A;T
13;32326469;TAA;T
13;32326469;TA;T
13;32326469;T;C
13;32326469;T;TA
13;32326475;A;G
13;32326479;A;G
13;32326480;C;T
13;32326482;A;G
13;32326483;T;A
13;32326485;T;G
13;32326487;C;A
13;32326488;T;C
13;32326492;C;A
13;32326492;C;T
13;32326493;TC;T
13;32326494;C;G
13;32326495;C;G
13;32326496;C;T
13;32326497;A;G
13;32326497;AG;A
13;32326499;G;A
13;32326499;G;C
13;32326499;G;T
13;32326500;G;T
13;32326500;G;A
13;32326502;C;T
13;32326503;G;A
13;32326508;A;T
13;32326516;A;G
13;32326517;CAT;C
13;32326517;C;CAT
13;32326517;C;A
13;32326518;A;G
13;32326520;A;G
13;32326521;T;C
13;32326524;C;A
13;32326525;T;G
13;32326527;A;G
13;32326532;C;G
13;32326533;T;C
13;32326533;T;G
13;32326534;A;G
13;32326538;G;C
13;32326538;G;A
13;32326540;T;G
13;32326540;T;C
13;32326541;G;A
13;32326542;A;T
13;32326544;G;A
13;32326546;G;A
13;32326550;C;T
13;32326551;C;G
13;32326553;GAT;G
13;32326554;A;G
13;32326554;A;T
13;32326555;T;C
13;32326556;A;G
13;32326557;T;C
13;32326560;C;T
13;32326564;G;A
13;32326567;A;G
13;32326569;G;T
13;32326569;G;A
13;32326569;G;C
13;32326576;A;T
13;32326577;G;A
13;32326577;G;C
13;32326580;A;G
13;32326581;C;T
13;32326582;ACCAC;A
13;32326583;C;T
13;32326584;C;T
13;32326585;AC;A
13;32326588;C;T
13;32326590;C;A
13;32326591;C;T
13;32326595;A;C
13;32326601;A;G
13;32326602;C;T
13;32326604;G;C
13;32326605;T;G
13;32326609;C;A
13;32326609;C;T
13;32326610;A;G
13;32326612;A;T
13;32326613;G;C
13;32326613;G;A
13;32326614;G;A
13;32326615;T;G
13;32326617;A;G
13;32326619;A;G
13;32326620;A;G
13;32326621;T;C
13;32326622;A;G
13;32326623;G;A
13;32326624;C;G
13;32326626;A;G
13;32326627;A;G
13;32326628;T;A
13;32326628;T;C
13;32326629;G;T
13;32326631;G;T
13;32326631;GT;G
13;32326631;G;A
13;32326633;A;AT
13;32326634;T;C
13;32326638;C;T
13;32326639;A;G
13;32326639;A;T
13;32326640;A;G
13;32326642;A;C
13;32326644;A;G
13;32326645;G;T
13;32326647;G;C
13;32326648;C;A
13;32326648;C;G
13;32326651;A;G
13;32326651;A;T
13;32326653;G;A
13;32326654;A;G
13;32326655;G;A
13;32326656;G;A
13;32326656;G;T
13;32326660;A;G
13;32326661;T;C
13;32326664;T;C
13;32326665;T;C
13;32326669;A;T
13;32326670;T;C
13;32326673;C;G
13;32326674;T;C
13;32326675;A;T
13;32326678;A;C
13;32326679;C;T
13;32326680;T;C
13;32326680;TTC;T
13;32326681;T;C
13;32326682;C;A
13;32326684;G;A
13;32326687;A;T
13;32329368;T;C
13;32329371;T;G
13;32329372;G;T
13;32329372;G;A
13;32329373;A;G
13;32329373;A;T
13;32329374;T;C
13;32329375;G;T
13;32329377;C;T
13;32329377;C;A
13;32329379;G;T
13;32329380;A;G
13;32329381;CA;C
13;32329381;C;CA
13;32329382;A;G
13;32329387;A;G
13;32329388;TAA;T
13;32329391;G;C
13;32329392;T;G
13;32329395;T;A
13;32329397;G;T
13;32329399;A;C
13;32329403;T;A
13;32329407;G;A
13;32329408;A;G
13;32329411;A;G
13;32329411;A;T
13;32329413;A;G
13;32329414;T;G
13;32329415;A;G
13;32329416;C;G
13;32329418;A;G
13;32329420;A;G
13;32329421;C;A
13;32329421;C;T
13;32329423;CAT;C
13;32329423;C;T
13;32329424;A;G
13;32329425;T;C
13;32329427;A;C
13;32329428;AT;A
13;32329430;T;G
13;32329433;T;C
13;32329434;A;G
13;32329434;A;T
13;32329436;C;A
13;32329438;TAC;T
13;32329440;C;A
13;32329440;C;G
13;32329441;A;G
13;32329444;CAG;C
13;32329444;C;T
13;32329444;C;A
13;32329447;A;G
13;32329448;A;AATGAAGAAG
13;32329450;TGAA;T
13;32329454;G;A
13;32329455;A;G
13;32329457;G;A
13;32329467;CTG;C
13;32329467;C;A
13;32329468;T;C
13;32329471;ATT;A
13;32329474;T;G
13;32329476;C;T
13;32329478;CATG;C
13;32329479;A;G
13;32329482;ATAC;A
13;32329483;T;C
13;32329484;A;G
13;32329485;C;A
13;32329485;C;T
13;32329487;A;G
13;32329490;G;A
13;32329490;G;C
13;32329491;C;T
13;32329492;T;C
13;32329493;G;GT
13;32329493;G;A
13;32329495;A;G
13;32329496;A;T
13;32329497;G;C
13;32329497;G;A
13;32329499;A;G
13;32329500;AAT;A
13;32329503;A;T
13;32329504;T;C
13;32329505;G;T
13;32329507;CATTG;C
13;32329513;T;C
13;32329514;T;A
13;32329515;A;G
13;32329519;T;C
13;32329520;G;T
13;32329520;G;A
13;32329527;T;C
13;32329528;T;G
13;32329531;T;A
13;32329532;A;G
13;32329536;AT;A
13;32329541;G;A
13;32329545;T;G
13;32329547;C;T
13;32329548;C;T
13;32329549;T;G
13;32329551;G;C
13;32329551;G;T
13;32329553;T;G
13;32329554;A;C
13;32329555;A;C
13;32329556;ATTAT;A
13;32329556;A;T
13;32329558;T;C
13;32329563;A;G
13;32330846;G;T
13;32330847;A;C
13;32330847;A;G
13;32330850;A;G
13;32330850;A;AG
13;32330852;G;A
13;32330852;G;C
13;32330854;G;T
13;32330855;G;A
13;32330856;G;T
13;32330856;G;C
13;32330856;GA;G
13;32330856;G;A
13;32330857;A;C
13;32330857;AC;A
13;32330858;C;T
13;32330862;T;G
13;32330863;A;G
13;32330864;C;G
13;32330866;A;G
13;32330867;T;C
13;32330868;A;C
13;32330869;T;G
13;32330870;G;A
13;32330873;C;T
13;32330875;T;C
13;32330876;T;C
13;32330876;T;G
13;32330880;A;G
13;32330882;T;A
13;32330882;T;G
13;32330883;T;C
13;32330887;A;G
13;32330889;A;C
13;32330891;T;C
13;32330891;T;G
13;32330892;A;C
13;32330892;A;G
13;32330894;T;C
13;32330895;G;T
13;32330895;G;A
13;32330896;A;AT
13;32330896;A;G
13;32330903;A;T
13;32330904;C;T
13;32330904;CTA;C
13;32330906;A;G
13;32330907;T;C
13;32330910;T;C
13;32330916;C;T
13;32330920;A;G
13;32330922;G;A
13;32330928;A;AG
13;32330931;T;C
13;32330932;A;G
13;32330937;T;A
13;32330939;C;T
13;32330940;A;G
13;32330941;A;G
13;32330942;T;G
13;32330943;CATG;C
13;32330943;C;G
13;32330944;A;G
13;32330945;T;C
13;32330946;G;A
13;32330947;A;G
13;32330947;A;T
13;32330948;T;C
13;32330949;G;C
13;32330949;GA;G
13;32330950;A;AAAG
13;32330950;A;C
13;32330950;A;G
13;32330952;AG;A
13;32330953;G;A
13;32330961;A;C
13;32330962;A;G
13;32330967;G;T
13;32330972;A;C
13;32330974;T;A
13;32330977;T;C
13;32330978;C;T
13;32330979;G;A
13;32330981;T;A
13;32330981;T;G
13;32330982;T;G
13;32330983;C;T
13;32330984;T;A
13;32330986;TGACA;T
13;32330987;G;T
13;32330987;G;A
13;32330989;C;G
13;32330991;G;C
13;32330991;G;A
13;32330997;G;C
13;32331001;A;G
13;32331002;C;T
13;32331003;ACAAAT;A
13;32331004;C;T
13;32331007;A;C
13;32331008;T;C
13;32331009;CAA;C
13;32331009;C;T
13;32331010;A;G
13;32331011;AAGAG;A
13;32331016;A;G
13;32331018;G;A
13;32331019;C;T
13;32331019;C;A
13;32331020;T;G
13;32331021;G;C
13;32331021;G;A
13;32331025;G;C
13;32331026;T;G
13;32331027;C;T
13;32331030;G;A
13;32331031;G;A
13;32331033;A;G
13;32331035;G;A
13;32331036;T;C
13;32331043;T;A
13;32331046;A;C
13;32331048;T;C
13;32331050;G;C
13;32331053;C;A
13;32331055;A;G
13;32331056;CA;C
13;32331057;A;G
13;32331057;A;T
13;32331058;G;C
13;32331059;GTTT;G
13;32331059;GTTTTT;G
13;32331059;GT;G
13;32331061;T;A
13;32331062;T;G
13;32331062;T;C
13;32331064;TTTG;T
13;32331064;T;TTTG
13;32331064;T;G
13;32331066;T;C
13;32331067;G;T
13;32331067;G;A
13;32331069;T;G
13;32331070;G;T
13;32331071;T;C
13;32331073;G;A
13;32331073;G;T
13;32331075;T;G
13;32331076;G;A
13;32331077;T;C
13;32331079;T;C
13;32331080;T;C
13;32331081;G;C
13;32331082;A;ATT
13;32331082;AT;A
13;32331082;ATTT;A
13;32331082;ATTTT;A
13;32331082;ATT;A
13;32331082;A;ATTT
13;32331082;A;AT
13;32331082;A;T
13;32331090;T;C
13;32331093;TTG;T
13;32331095;G;A
13;32331097;G;A
13;32331098;G;T
13;32331099;T;G
13;32331100;G;A
13;32331100;G;T
13;32331101;G;T
13;32331103;G;C
13;32331104;T;A
13;32332199;GA;G
13;32332202;A;G
13;32332203;G;A
13;32332203;G;C
13;32332204;G;C
13;32332204;G;T
13;32332207;G;T
13;32332209;GAGAATAATAT;G
13;32332209;G;A
13;32332213;A;G
13;32332216;A;AT
13;32332217;T;C
13;32332219;T;C
13;32332220;A;G
13;32332225;A;T
13;32332226;T;C
13;32332227;A;G
13;32332234;A;G
13;32332235;T;C
13;32332237;A;G
13;32332239;ATATT;A
13;32332240;T;C
13;32332242;T;G
13;32332242;T;C
13;32332243;T;TA
13;32332244;A;G
13;32332245;A;G
13;32332247;G;A
13;32332251;T;C
13;32332251;T;G
13;32332253;C;T
13;32332255;G;C
13;32332255;G;A
13;32332258;T;C
13;32332259;T;C
13;32332260;A;G
13;32332261;T;C
13;32332262;A;T
13;32332266;T;C
13;32332268;A;G
13;32332269;C;G
13;32332270;A;G
13;32332274;T;C
13;32332277;G;A
13;32332278;G;A
13;32332278;G;GA
13;32332278;GA;G
13;32332279;A;G
13;32332280;A;G
13;32332283;A;G
13;32332285;A;G
13;32332285;A;T
13;32332287;C;G
13;32332288;A;G
13;32332289;G;A
13;32332293;A;T
13;32332296;C;T
13;32332296;C;A
13;32332298;T;C
13;32332301;A;G
13;32332302;A;G
13;32332303;A;T
13;32332304;G;A
13;32332304;GTAA;G
13;32332306;A;G
13;32332308;A;G
13;32332309;T;G
13;32332314;G;T
13;32332315;C;T
13;32332315;C;G
13;32332316;A;C
13;32332316;A;G
13;32332317;A;G
13;32332319;G;A
13;32332320;A;T
13;32332323;A;C
13;32332323;A;G
13;32332324;C;T
13;32332325;A;G
13;32332326;T;G
13;32332326;T;C
13;32332334;T;C
13;32332335;C;A
13;32332338;T;A
13;32332339;G;A
13;32332340;C;T
13;32332343;A;C
13;32332343;A;G
13;32332344;A;G
13;32332345;T;C
13;32332348;C;T
13;32332348;C;A
13;32332348;C;G
13;32332356;A;G
13;32332357;T;A
13;32332358;G;T
13;32332361;G;A
13;32332361;G;T
13;32332364;T;C
13;32332365;A;G
13;32332366;TGAAACAGTTGTA;T
13;32332368;A;G
13;32332369;A;G
13;32332370;A;ATACTT
13;32332371;C;T
13;32332373;G;C
13;32332373;GTTGT;G
13;32332375;T;C
13;32332376;G;T
13;32332376;G;A
13;32332378;A;G
13;32332380;A;C
13;32332380;A;G
13;32332383;C;A
13;32332383;C;G
13;32332383;C;T
13;32332385;T;C
13;32332387;T;G
13;32332388;G;C
13;32332390;A;G
13;32332392;A;C
13;32332392;A;G
13;32332394;G;A
13;32332396;T;C
13;32332397;A;G
13;32332405;A;G
13;32332406;T;G
13;32332408;A;G
13;32332409;T;C
13;32332409;T;G
13;32332410;G;A
13;32332416;C;T
13;32332420;A;G
13;32332421;T;A
13;32332422;G;T
13;32332422;G;A
13;32332426;A;T
13;32332428;C;T
13;32332428;C;CA
13;32332430;A;G
13;32332433;A;G
13;32332434;A;C
13;32332434;A;G
13;32332435;T;C
13;32332437;T;C
13;32332438;A;G
13;32332441;A;G
13;32332442;A;C
13;32332444;A;C
13;32332445;G;A
13;32332446;T;G
13;32332447;A;G
13;32332449;G;A
13;32332449;G;C
13;32332451;A;G
13;32332453;T;G
13;32332453;T;A
13;32332455;G;A
13;32332456;C;A
13;32332456;C;G
13;32332457;A;G
13;32332459;G;C
13;32332459;G;A
13;32332465;GA;G
13;32332465;G;A
13;32332465;G;GA
13;32332466;A;C
13;32332469;A;G
13;32332470;A;T
13;32332471;A;G
13;32332473;T;A
13;32332476;T;C
13;32332478;C;T
13;32332479;A;G
13;32332480;T;G
13;32332482;A;G
13;32332484;G;A
13;32332489;C;T
13;32332490;G;A
13;32332498;ATG;A
13;32332499;T;C
13;32332500;G;T
13;32332500;G;A
13;32332502;GA;G
13;32332504;A;G
13;32332507;A;G
13;32332509;C;T
13;32332510;T;C
13;32332511;A;G
13;32332515;A;C
13;32332515;A;G
13;32332517;C;T
13;32332517;C;A
13;32332518;A;G
13;32332523;A;G
13;32332525;A;G
13;32332529;A;G
13;32332532;T;C
13;32332533;A;T
13;32332536;C;T
13;32332537;AT;A
13;32332537;A;G
13;32332538;T;C
13;32332540;T;G
13;32332541;G;A
13;32332543;A;T
13;32332543;A;G
13;32332544;T;A
13;32332546;TGAAGTGGAACCAAATGATACTGATCCATTA;T
13;32332547;G;A
13;32332548;A;C
13;32332552;G;A
13;32332552;G;T
13;32332554;A;T
13;32332555;A;G
13;32332556;C;G
13;32332559;A;G
13;32332563;A;T
13;32332563;A;G
13;32332567;T;G
13;32332568;G;A
13;32332572;C;T
13;32332574;T;G
13;32332575;T;G
13;32332575;T;C
13;32332576;A;G
13;32332578;A;C
13;32332579;T;C
13;32332584;A;C
13;32332585;T;G
13;32332585;T;C
13;32332586;G;A
13;32332588;A;T
13;32332592;A;C
13;32332592;A;T
13;32332593;A;G
13;32332595;C;G
13;32332596;A;C
13;32332596;A;G
13;32332597;G;A
13;32332601;C;T
13;32332602;C;A
13;32332602;C;T
13;32332605;T;G
13;32332605;T;C
13;32332609;G;C
13;32332614;G;A
13;32332614;GA;G
13;32332615;A;T
13;32332619;G;A
13;32332620;A;G
13;32332621;CAAA;C
13;32332621;CA;C
13;32332622;A;C
13;32332623;A;G
13;32332624;A;T
13;32332629;C;T
13;32332631;A;C
13;32332633;G;T
13;32332634;G;A
13;32332636;AGTT;A
13;32332637;G;T
13;32332638;T;C
13;32332638;T;G
13;32332640;G;C
13;32332644;C;T
13;32332644;C;A
13;32332645;G;A
13;32332645;G;C
13;32332649;T;C
13;32332649;T;G
13;32332651;G;C
13;32332651;G;A
13;32332654;CT;C
13;32332654;C;T
13;32332656;G;A
13;32332657;T;C
13;32332659;A;G
13;32332659;A;C
13;32332661;T;G
13;32332663;G;T
13;32332665;C;T
13;32332667;C;CTTAG
13;32332671;T;C
13;32332672;A;T
13;32332673;AC;A
13;32332675;C;T
13;32332675;C;G
13;32332680;C;G
13;32332681;AG;A
13;32332683;G;C
13;32332689;A;G
13;32332689;A;T
13;32332694;G;A
13;32332695;C;G
13;32332696;C;G
13;32332697;C;G
13;32332698;A;C
13;32332700;A;G
13;32332701;T;A
13;32332703;G;A
13;32332710;T;C
13;32332710;T;TA
13;32332711;A;G
13;32332712;C;G
13;32332713;C;T
13;32332713;C;G
13;32332714;C;A
13;32332714;C;T
13;32332715;CT;C
13;32332717;A;G
13;32332720;G;A
13;32332722;A;G
13;32332724;A;G
13;32332725;T;G
13;32332728;C;G
13;32332732;A;C
13;32332732;A;G
13;32332733;T;C
13;32332734;GT;G
13;32332736;G;A
13;32332736;G;T
13;32332737;A;G
13;32332738;C;T
13;32332739;C;G
13;32332739;CA;C
13;32332741;A;G
13;32332743;A;G
13;32332743;A;C
13;32332750;A;G
13;32332752;A;G
13;32332753;A;G
13;32332754;A;G
13;32332755;A;C
13;32332757;G;T
13;32332757;G;C
13;32332759;C;A
13;32332759;C;G
13;32332760;C;G
13;32332762;A;G
13;32332765;A;G
13;32332766;G;A
13;32332768;C;T
13;32332769;A;C
13;32332770;C;A
13;32332770;C;T
13;32332772;G;A
13;32332773;A;C
13;32332777;C;A
13;32332778;AAAAG;A
13;32332779;A;G
13;32332780;A;C
13;32332780;A;G
13;32332783;A;G
13;32332785;A;G
13;32332790;G;T
13;32332790;G;A
13;32332791;A;G
13;32332792;T;C
13;32332793;T;G
13;32332794;T;G
13;32332795;T;C
13;32332797;T;G
13;32332798;T;TA
13;32332804;A;G
13;32332805;G;A
13;32332807;G;T
13;32332812;C;A
13;32332814;T;C
13;32332819;A;G
13;32332820;C;G
13;32332820;C;T
13;32332821;G;A
13;32332823;A;G
13;32332825;T;C
13;32332829;A;G
13;32332830;G;A
13;32332832;C;A
13;32332832;C;T
13;32332833;T;C
13;32332836;C;G
13;32332836;CA;C
13;32332837;A;T
13;32332840;A;G
13;32332843;A;G
13;32332844;G;A
13;32332846;G;C
13;32332848;A;G
13;32332849;G;A
13;32332850;C;T
13;32332851;C;G
13;32332853;T;A
13;32332854;T;C
13;32332857;A;G
13;32332859;G;A
13;32332861;G;A
13;32332862;G;C
13;32332863;A;G
13;32332866;C;G
13;32332866;CAG;C
13;32332868;G;A
13;32332869;T;C
13;32332870;G;T
13;32332870;G;A
13;32332871;G;A
13;32332873;A;C
13;32332874;A;T
13;32332875;A;G
13;32332877;A;T
13;32332881;G;A
13;32332883;G;C
13;32332887;A;C
13;32332892;C;T
13;32332893;A;T
13;32332896;A;T
13;32332899;T;C
13;32332902;A;G
13;32332903;A;G
13;32332905;C;G
13;32332908;A;G
13;32332910;A;T
13;32332911;C;A
13;32332916;T;G
13;32332917;G;A
13;32332919;A;G
13;32332925;G;C
13;32332925;G;A
13;32332926;C;T
13;32332928;G;C
13;32332930;A;G
13;32332933;G;A
13;32332934;C;G
13;32332934;C;T
13;32332935;A;G
13;32332935;A;C
13;32332938;C;A
13;32332938;C;T
13;32332940;A;G
13;32332942;A;G
13;32332944;C;T
13;32332944;C;G
13;32332945;T;A
13;32332950;C;G
13;32332951;T;A
13;32332952;T;A
13;32332956;C;T
13;32332957;A;G
13;32332958;G;T
13;32332958;G;A
13;32332959;T;G
13;32332960;G;A
13;32332961;G;A
13;32332962;C;G
13;32332963;T;A
13;32332966;T;A
13;32332968;C;T
13;32332968;C;G
13;32332969;A;T
13;32332970;T;C
13;32332972;T;G
13;32332972;T;C
13;32332975;G;C
13;32332975;G;A
13;32332976;G;A
13;32332979;A;G
13;32332981;C;T
13;32332981;C;G
13;32332982;A;G
13;32332982;A;C
13;32332987;G;A
13;32332988;T;C
13;32332991;A;G
13;32332992;T;C
13;32332993;A;G
13;32332995;T;A
13;32332995;T;C
13;32332996;C;G
13;32333006;G;A
13;32333010;C;A
13;32333013;C;G
13;32333013;C;T
13;32333015;A;G
13;32333016;A;G
13;32333017;A;G
13;32333018;G;C
13;32333020;G;C
13;32333021;A;G
13;32333023;T;C
13;32333023;T;G
13;32333025;T;A
13;32333026;C;G
13;32333028;A;G
13;32333029;T;C
13;32333030;G;A
13;32333030;G;C
13;32333031;C;T
13;32333031;C;A
13;32333032;A;T
13;32333033;A;C
13;32333034;GT;G
13;32333034;G;C
13;32333036;T;G
13;32333041;A;G
13;32333041;A;C
13;32333042;G;C
13;32333045;C;G
13;32333045;C;A
13;32333045;C;T
13;32333046;A;G
13;32333047;T;C
13;32333049;T;A
13;32333050;G;C
13;32333050;G;T
13;32333052;C;G
13;32333052;C;T
13;32333054;G;C
13;32333055;A;G
13;32333056;T;C
13;32333057;C;T
13;32333058;C;G
13;32333059;A;C
13;32333061;A;G
13;32333062;CTT;C
13;32333062;C;CTTT
13;32333062;C;T
13;32333065;TAAA;T
13;32333069;A;G
13;32333070;A;G
13;32333071;A;C
13;32333071;A;G
13;32333072;G;C
13;32333072;G;A
13;32333076;C;T
13;32333077;T;C
13;32333078;G;A
13;32333080;A;G
13;32333081;G;T
13;32333082;C;T
13;32333083;C;T
13;32333084;T;A
13;32333091;G;T
13;32333091;G;A
13;32333093;G;A
13;32333094;G;T
13;32333095;A;C
13;32333096;C;G
13;32333099;G;T
13;32333102;A;G
13;32333103;T;C
13;32333105;C;A
13;32333105;C;T
13;32333108;A;G
13;32333109;C;T
13;32333111;G;C
13;32333112;T;G
13;32333115;G;T
13;32333116;C;T
13;32333119;A;G
13;32333120;CAGA;C
13;32333120;C;T
13;32333121;A;G
13;32333122;G;A
13;32333123;AAGG;A
13;32333125;G;A
13;32333131;C;T
13;32333131;CT;C
13;32333132;T;G
13;32333135;T;C
13;32333136;T;C
13;32333137;A;G
13;32333138;T;C
13;32333139;G;A
13;32333140;T;G
13;32333144;A;G
13;32333146;T;A
13;32333147;T;A
13;32333148;TA;T
13;32333150;A;G
13;32333157;A;G
13;32333160;G;A
13;32333163;G;A
13;32333166;G;C
13;32333167;G;A
13;32333167;G;C
13;32333169;C;T
13;32333171;G;A
13;32333172;C;T
13;32333175;C;G
13;32333175;C;T
13;32333181;C;T
13;32333182;A;G
13;32333182;A;C
13;32333183;C;A
13;32333184;A;G
13;32333185;G;C
13;32333191;T;C
13;32333192;G;A
13;32333192;G;C
13;32333194;A;G
13;32333195;G;A
13;32333196;C;G
13;32333197;T;C
13;32333205;A;G
13;32333206;T;A
13;32333207;G;T
13;32333207;G;C
13;32333209;A;G
13;32333210;G;C
13;32333211;G;A
13;32333215;A;C
13;32333216;A;G
13;32333218;A;G
13;32333220;C;T
13;32333220;C;A
13;32333221;C;T
13;32333222;A;G
13;32333222;A;C
13;32333227;G;A
13;32333228;AAAAAG;A
13;32333232;AGAAAAC;A
13;32333233;GA;G
13;32333234;A;G
13;32333235;A;G
13;32333235;A;C
13;32333237;A;G
13;32333237;A;C
13;32333238;CAAAT;C
13;32333239;A;G
13;32333240;A;G
13;32333241;A;G
13;32333242;T;G
13;32333242;T;C
13;32333243;A;G
13;32333243;A;C
13;32333244;A;C
13;32333245;GTTTA;G
13;32333245;G;C
13;32333246;T;C
13;32333247;T;G
13;32333249;A;C
13;32333249;A;G
13;32333249;A;T
13;32333253;A;G
13;32333254;T;C
13;32333256;C;T
13;32333258;A;C
13;32333258;A;T
13;32333258;A;G
13;32333261;C;T
13;32333261;C;A
13;32333262;A;G
13;32333262;A;C
13;32333264;G;C
13;32333264;G;T
13;32333266;T;C
13;32333270;A;C
13;32333270;A;G
13;32333271;C;T
13;32333271;CATCTT;C
13;32333272;A;G
13;32333272;ATCT;A
13;32333276;T;C
13;32333278;T;A
13;32333278;T;C
13;32333281;A;C
13;32333282;G;A
13;32333282;G;T
13;32333283;G;GA
13;32333283;GA;G
13;32333283;G;T
13;32333284;A;G
13;32333285;A;G
13;32333288;A;G
13;32333292;T;C
13;32333292;T;A
13;32333294;C;T
13;32333294;C;A
13;32333295;C;T
13;32333295;C;G
13;32333296;G;A
13;32333298;A;G
13;32333298;A;C
13;32333300;G;A
13;32333302;C;G
13;32333302;C;T
13;32333303;C;A
13;32333303;C;G
13;32333304;A;G
13;32333306;A;C
13;32333310;C;T
13;32333311;A;G
13;32333312;G;T
13;32333313;A;T
13;32333314;A;G
13;32333316;T;G
13;32333317;A;G
13;32333318;A;AT
13;32333323;C;A
13;32333324;T;A
13;32333325;G;C
13;32333325;G;A
13;32333327;T;C
13;32333328;C;T
13;32333329;A;G
13;32333333;C;T
13;32333338;T;G
13;32333343;C;T
13;32333343;C;G
13;32333349;C;T
13;32333353;T;A
13;32333353;T;C
13;32333354;G;A
13;32333358;C;A
13;32333359;A;G
13;32333360;C;T
13;32333361;C;T
13;32333362;A;G
13;32333363;CTTACATT;C
13;32333363;C;T
13;32333365;T;TA
13;32333366;A;G
13;32333366;AC;A
13;32333367;C;T
13;32333367;C;A
13;32333374;A;G
13;32333381;G;C
13;32333383;T;G
13;32333383;T;A
13;32333385;C;T
13;32333386;A;G
13;32333387;G;T
13;32333388;G;A
13;32333388;G;T
13;32333390;A;G
13;32333391;C;G
13;32333392;C;A
13;32333394;CTG;C
13;32333394;C;CT
13;32333396;G;GT
13;32333397;TC;T
13;32333398;C;CT
13;32333398;CTT;C
13;32333398;C;CA
13;32333398;CT;C
13;32333398;C;T
13;32333398;C;CTT
13;32333400;T;A
13;32333404;T;G
13;32333406;T;G
13;32333408;T;C
13;32333409;T;A
13;32333409;T;G
13;32333411;T;C
13;32333412;A;G
13;32333413;A;G
13;32333416;A;G
13;32333417;G;T
13;32333419;A;G
13;32333420;C;T
13;32333421;A;C
13;32333422;T;C
13;32333423;A;G
13;32333424;T;C
13;32333425;A;G
13;32333427;T;G
13;32333427;T;C
13;32333430;T;C
13;32333432;T;A
13;32333433;A;G
13;32333436;T;C
13;32333437;G;C
13;32333439;C;T
13;32333440;G;T
13;32333440;G;A
13;32333441;A;AT
13;32333442;T;G
13;32333442;T;A
13;32333443;T;G
13;32333444;C;T
13;32333444;C;A
13;32333445;CTTCT;C
13;32333445;C;A
13;32333448;CTG;C
13;32333450;G;C
13;32333452;G;GT
13;32333453;T;C
13;32333454;T;G
13;32333455;T;G
13;32333458;T;C
13;32333459;T;C
13;32333462;G;A
13;32336190;T;G
13;32336190;T;C
13;32336191;T;C
13;32336192;A;T
13;32336195;T;C
13;32336198;G;C
13;32336199;T;C
13;32336200;G;T
13;32336200;G;C
13;32336205;ATATT;A
13;32336206;T;A
13;32336208;T;A
13;32336208;T;C
13;32336210;T;C
13;32336212;G;A
13;32336214;G;T
13;32336215;A;G
13;32336218;G;A
13;32336220;G;T
13;32336220;G;C
13;32336222;T;C
13;32336223;T;C
13;32336225;A;C
13;32336225;A;G
13;32336226;T;C
13;32336228;G;C
13;32336229;T;C
13;32336229;TACTTTA;T
13;32336231;C;A
13;32336234;T;C
13;32336239;T;C
13;32336242;T;C
13;32336243;C;T
13;32336245;C;A
13;32336250;T;G
13;32336259;G;C
13;32336262;T;C
13;32336265;GT;G
13;32336266;T;C
13;32336267;T;G
13;32336272;G;A
13;32336273;C;A
13;32336274;A;C
13;32336277;C;T
13;32336281;T;C
13;32336282;G;T
13;32336283;TG;T
13;32336291;A;C
13;32336292;G;A
13;32336293;C;T
13;32336294;T;C
13;32336295;G;A
13;32336298;C;T
13;32336301;A;C
13;32336302;G;A
13;32336304;A;G
13;32336305;T;C
13;32336306;G;T
13;32336307;A;G
13;32336308;T;G
13;32336312;G;C
13;32336315;G;A
13;32336318;C;T
13;32336319;C;T
13;32336319;C;A
13;32336319;C;G
13;32336321;A;G
13;32336322;C;T
13;32336323;T;A
13;32336324;T;C
13;32336325;T;A
13;32336326;G;A
13;32336328;C;T
13;32336332;A;T
13;32336334;C;G
13;32336335;T;C
13;32336336;A;G
13;32336339;T;A
13;32336340;C;G
13;32336343;T;C
13;32336344;T;C
13;32336346;G;A
13;32336348;A;G
13;32336350;A;G
13;32336351;A;G
13;32336354;C;T
13;32336359;G;A
13;32336361;A;G
13;32336366;T;C
13;32336368;T;C
13;32336369;A;G
13;32336373;A;G
13;32336377;A;G
13;32336379;C;G
13;32336379;C;T
13;32336380;A;G
13;32336381;T;C
13;32336385;C;A
13;32336388;A;G
13;32336388;A;C
13;32336390;A;T
13;32336390;A;G
13;32336391;A;G
13;32336392;T;A
13;32336394;C;T
13;32336398;A;G
13;32336401;C;T
13;32336405;C;G
13;32336411;C;A
13;32336412;T;G
13;32336413;TGATTA;T
13;32336414;G;T
13;32336418;A;G
13;32336419;T;C
13;32336422;A;T
13;32336426;G;A
13;32336427;C;T
13;32336427;C;A
13;32336427;CAAA;C
13;32336432;T;C
13;32336433;G;A
13;32336437;T;C
13;32336438;A;G
13;32336444;A;G
13;32336445;AACT;A
13;32336446;A;G
13;32336446;AC;A
13;32336446;A;ATTTT
13;32336448;T;C
13;32336449;A;G
13;32336450;C;T
13;32336452;G;A
13;32336452;G;T
13;32336457;T;C
13;32336459;A;G
13;32336463;C;T
13;32336464;C;T
13;32336466;C;T
13;32336468;G;C
13;32336471;G;A
13;32336473;T;C
13;32336474;G;A
13;32336475;A;T
13;32336476;T;C
13;32336477;T;A
13;32336480;C;T
13;32336480;C;G
13;32336482;G;C
13;32336482;G;A
13;32336484;C;T
13;32336488;C;G
13;32336488;C;T
13;32336490;T;C
13;32336491;G;A
13;32336492;C;T
13;32336493;A;T
13;32336498;G;A
13;32336500;A;G
13;32336503;G;C
13;32336504;T;A
13;32336504;T;G
13;32336507;G;A
13;32336508;A;G
13;32336508;A;C
13;32336511;A;G
13;32336512;T;A
13;32336515;T;A
13;32336517;C;A
13;32336517;C;G
13;32336518;A;G
13;32336524;CA;C
13;32336526;A;G
13;32336528;A;G
13;32336530;A;G
13;32336531;G;C
13;32336532;T;C
13;32336538;A;C
13;32336541;T;C
13;32336542;A;G
13;32336544;A;T
13;32336548;A;AGAGGTC
13;32336549;G;C
13;32336550;A;C
13;32336551;G;A
13;32336552;G;A
13;32336557;G;A
13;32336560;T;C
13;32336561;G;A
13;32336562;C;T
13;32336563;A;G
13;32336564;G;T
13;32336566;A;G
13;32336567;T;C
13;32336568;G;A
13;32336572;C;T
13;32336574;C;T
13;32336575;A;T
13;32336576;G;A
13;32336579;C;A
13;32336579;C;T
13;32336580;A;G
13;32336581;A;C
13;32336581;A;G
13;32336584;T;C
13;32336586;C;T
13;32336586;C;A
13;32336587;A;C
13;32336588;A;G
13;32336593;G;A
13;32336595;A;G
13;32336596;A;G
13;32336599;C;T
13;32336600;A;C
13;32336600;A;G
13;32336603;G;C
13;32336604;A;G
13;32336605;T;TA
13;32336607;C;T
13;32336608;T;G
13;32336610;A;G
13;32336611;C;T
13;32336613;T;C
13;32336614;T;C
13;32336615;C;G
13;32336616;A;C
13;32336617;A;G
13;32336618;T;A
13;32336622;A;G
13;32336623;G;A
13;32336624;A;G
13;32336624;A;T
13;32336625;A;G
13;32336629;T;C
13;32336629;T;G
13;32336631;T;C
13;32336632;TTTATA;T
13;32336634;T;C
13;32336635;A;C
13;32336636;T;C
13;32336637;A;G
13;32336641;T;C
13;32336642;C;G
13;32336643;A;G
13;32336644;T;G
13;32336645;G;C
13;32336652;C;A
13;32336654;A;G
13;32336654;A;C
13;32336658;C;T
13;32336659;T;A
13;32336660;C;T
13;32336661;T;C
13;32336663;A;G
13;32336667;T;G
13;32336667;T;C
13;32336671;T;C
13;32336672;C;T
13;32336673;CT;C
13;32336674;T;G
13;32336675;A;G
13;32336676;C;T
13;32336677;T;C
13;32336677;T;G
13;32336680;C;T
13;32336681;A;C
13;32336684;G;GA
13;32336685;A;G
13;32336687;G;A
13;32336690;C;G
13;32336691;T;G
13;32336692;G;A
13;32336692;G;T
13;32336694;C;G
13;32336698;C;T
13;32336698;C;A
13;32336699;C;G
13;32336702;G;A
13;32336703;T;C
13;32336703;T;G
13;32336705;A;G
13;32336706;T;G
13;32336706;T;C
13;32336708;A;G
13;32336708;A;C
13;32336709;T;C
13;32336710;T;G
13;32336712;C;G
13;32336715;G;C
13;32336716;A;G
13;32336718;G;A
13;32336719;C;T
13;32336721;A;G
13;32336722;A;G
13;32336723;G;A
13;32336726;T;C
13;32336728;A;G
13;32336729;T;C
13;32336730;A;G
13;32336731;C;G
13;32336731;C;T
13;32336735;A;G
13;32336738;T;G
13;32336738;T;C
13;32336740;A;C
13;32336744;A;G
13;32336744;A;C
13;32336746;G;A
13;32336748;T;G
13;32336748;T;C
13;32336749;C;A
13;32336751;A;G
13;32336752;AG;A
13;32336754;G;A
13;32336754;G;T
13;32336756;A;G
13;32336758;CAAT;C
13;32336760;A;G
13;32336762;T;TA
13;32336764;T;G
13;32336767;A;G
13;32336768;T;C
13;32336771;G;C
13;32336772;A;G
13;32336772;A;T
13;32336773;T;G
13;32336783;A;G
13;32336784;C;T
13;32336785;C;T
13;32336786;A;G
13;32336798;A;C
13;32336798;A;G
13;32336799;T;C
13;32336801;G;A
13;32336806;G;T
13;32336807;A;C
13;32336813;G;C
13;32336813;G;T
13;32336814;A;G
13;32336816;G;A
13;32336816;G;C
13;32336819;T;C
13;32336822;G;A
13;32336822;G;C
13;32336826;T;C
13;32336828;A;C
13;32336828;A;G
13;32336831;G;GA
13;32336831;G;T
13;32336832;A;C
13;32336834;AATT;A
13;32336837;T;C
13;32336839;T;G
13;32336839;T;C
13;32336840;A;G
13;32336843;A;G
13;32336845;C;G
13;32336845;C;CT
13;32336845;C;T
13;32336845;C;A
13;32336846;G;C
13;32336846;G;A
13;32336847;T;C
13;32336851;G;A
13;32336852;C;CTGT
13;32336852;C;T
13;32336854;G;A
13;32336857;G;A
13;32336858;C;A
13;32336859;C;T
13;32336861;C;T
13;32336862;C;T
13;32336864;G;C
13;32336867;A;G
13;32336870;T;C
13;32336872;C;T
13;32336873;A;G
13;32336874;T;C
13;32336875;G;C
13;32336875;G;A
13;32336877;G;C
13;32336877;G;A
13;32336879;G;C
13;32336881;A;G
13;32336881;A;C
13;32336882;G;T
13;32336883;C;T
13;32336887;A;C
13;32336889;C;T
13;32336890;T;C
13;32336890;T;G
13;32336893;A;C
13;32336894;A;G
13;32336900;G;T
13;32336902;A;G
13;32336905;A;G
13;32336908;C;A
13;32336908;C;T
13;32336909;A;C
13;32336913;A;G
13;32336913;A;C
13;32336916;A;G
13;32336917;C;G
13;32336923;T;C
13;32336924;C;T
13;32336924;C;G
13;32336926;A;G
13;32336927;A;G
13;32336930;G;A
13;32336930;G;C
13;32336931;TA;T
13;32336936;CA;C
13;32336936;C;CA
13;32336936;C;G
13;32336936;C;A
13;32336942;A;C
13;32336943;AT;A
13;32336943;A;G
13;32336944;T;A
13;32336945;C;T
13;32336946;A;T
13;32336948;G;A
13;32336948;G;C
13;32336951;G;C
13;32336951;G;A
13;32336952;A;T
13;32336953;A;T
13;32336953;A;G
13;32336954;A;G
13;32336956;T;G
13;32336957;A;C
13;32336959;T;C
13;32336961;C;T
13;32336961;C;G
13;32336963;A;G
13;32336967;C;A
13;32336971;A;G
13;32336972;A;AT
13;32336976;C;T
13;32336976;C;G
13;32336980;C;T
13;32336982;A;C
13;32336982;A;G
13;32336984;C;G
13;32336984;C;T
13;32336984;C;A
13;32336985;C;T
13;32336988;ACT;A
13;32336988;A;T
13;32336988;A;G
13;32336990;T;C
13;32336996;G;A
13;32336998;A;G
13;32336999;C;A
13;32337001;T;A
13;32337003;T;C
13;32337004;CTCAGACAATGA;C
13;32337005;TCAGA;T
13;32337005;T;G
13;32337006;C;T
13;32337009;A;T
13;32337011;A;C
13;32337012;A;T
13;32337012;A;G
13;32337013;T;C
13;32337015;A;G
13;32337016;G;C
13;32337016;G;A
13;32337020;A;G
13;32337026;G;C
13;32337026;G;A
13;32337027;T;A
13;32337030;TC;T
13;32337031;C;A
13;32337034;A;C
13;32337035;G;T
13;32337035;G;A
13;32337038;G;A
13;32337038;G;T
13;32337040;T;C
13;32337043;T;C
13;32337044;G;A
13;32337044;G;C
13;32337048;G;A
13;32337048;G;C
13;32337050;A;G
13;32337053;A;G
13;32337055;TC;T
13;32337055;T;G
13;32337057;T;C
13;32337058;T;A
13;32337059;G;T
13;32337060;C;T
13;32337069;A;G
13;32337071;A;G
13;32337072;C;T
13;32337072;CTAAGGAACT;C
13;32337074;A;G
13;32337078;A;C
13;32337083;C;T
13;32337084;A;G
13;32337090;C;G
13;32337091;AGACTT;A
13;32337092;G;T
13;32337094;C;T
13;32337097;G;C
13;32337099;C;G
13;32337102;G;C
13;32337102;G;A
13;32337103;T;C
13;32337104;G;A
13;32337105;T;C
13;32337105;TA;T
13;32337106;A;G
13;32337109;C;T
13;32337110;G;A
13;32337113;C;T
13;32337113;C;A
13;32337114;C;T
13;32337115;C;A
13;32337121;C;A
13;32337121;C;T
13;32337126;ACT;A
13;32337126;A;T
13;32337127;C;T
13;32337130;T;C
13;32337134;A;G
13;32337135;T;C
13;32337141;T;C
13;32337142;A;G
13;32337143;T;C
13;32337144;A;G
13;32337146;G;A
13;32337149;G;T
13;32337150;A;G
13;32337150;A;T
13;32337154;A;G
13;32337158;G;C
13;32337158;G;A
13;32337159;AT;A
13;32337160;T;C
13;32337160;TA;T
13;32337160;TAAAC;T
13;32337165;A;G
13;32337165;A;C
13;32337166;A;G
13;32337167;G;A
13;32337168;C;A
13;32337168;C;T
13;32337169;A;G
13;32337171;C;T
13;32337171;C;A
13;32337172;C;T
13;32337173;C;G
13;32337173;C;A
13;32337174;A;G
13;32337175;A;G
13;32337176;G;A
13;32337177;T;G
13;32337178;G;A
13;32337179;T;C
13;32337180;CAATT;C
13;32337182;A;G
13;32337184;TAA;T
13;32337184;TAAA;T
13;32337185;A;T
13;32337189;A;T
13;32337189;AAG;A
13;32337190;A;C
13;32337191;G;T
13;32337191;G;C
13;32337191;G;A
13;32337192;A;G
13;32337193;T;C
13;32337193;T;G
13;32337194;T;C
13;32337195;T;C
13;32337196;G;T
13;32337197;G;A
13;32337198;T;C
13;32337199;T;G
13;32337200;T;G
13;32337202;T;C
13;32337203;G;T
13;32337203;G;A
13;32337204;T;A
13;32337208;T;C
13;32337209;G;T
13;32337210;C;T
13;32337211;AGAG;A
13;32337213;A;C
13;32337216;A;C
13;32337217;G;A
13;32337222;A;G
13;32337227;A;G
13;32337229;T;C
13;32337230;G;A
13;32337231;T;C
13;32337233;A;G
13;32337235;G;C
13;32337236;C;G
13;32337237;A;T
13;32337238;G;A
13;32337239;C;T
13;32337243;T;C
13;32337246;A;G
13;32337247;A;T
13;32337250;G;C
13;32337250;G;T
13;32337251;ACT;A
13;32337252;C;T
13;32337260;C;G
13;32337260;C;A
13;32337262;A;G
13;32337263;G;A
13;32337263;G;T
13;32337268;A;G
13;32337270;A;G
13;32337273;C;T
13;32337273;C;G
13;32337274;G;A
13;32337274;G;GGAC
13;32337275;G;A
13;32337277;C;G
13;32337278;A;T
13;32337278;A;G
13;32337279;T;G
13;32337279;T;A
13;32337279;TCTC;T
13;32337280;CT;C
13;32337280;C;T
13;32337281;T;A
13;32337282;C;T
13;32337283;C;T
13;32337286;G;A
13;32337286;G;C
13;32337288;A;G
13;32337289;T;C
13;32337290;A;G
13;32337291;T;C
13;32337292;A;G
13;32337293;G;T
13;32337293;G;C
13;32337294;A;G
13;32337295;T;C
13;32337295;T;A
13;32337296;A;G
13;32337299;A;C
13;32337300;T;C
13;32337301;A;G
13;32337301;A;C
13;32337302;C;T
13;32337304;A;G
13;32337306;A;G
13;32337310;AAAT;A
13;32337312;A;AG
13;32337312;A;G
13;32337312;A;T
13;32337315;A;T
13;32337315;A;G
13;32337317;G;T
13;32337318;A;G
13;32337318;A;T
13;32337323;A;G
13;32337323;A;C
13;32337324;TGAACAAATGGGCA;T
13;32337325;G;C
13;32337326;A;G
13;32337330;A;G
13;32337331;A;T
13;32337335;G;A
13;32337336;C;T
13;32337336;C;G
13;32337337;A;C
13;32337339;G;A
13;32337339;G;T
13;32337339;G;C
13;32337341;C;G
13;32337342;T;G
13;32337343;C;T
13;32337343;C;G
13;32337345;T;A
13;32337346;AGG;A
13;32337347;G;A
13;32337347;G;T
13;32337347;G;C
13;32337348;G;A
13;32337349;T;G
13;32337354;T;C
13;32337355;T;A
13;32337355;T;C
13;32337357;C;T
13;32337359;A;G
13;32337360;A;C
13;32337362;C;G
13;32337364;C;T
13;32337366;G;A
13;32337375;G;T
13;32337376;T;C
13;32337377;A;G
13;32337379;C;T
13;32337379;C;A
13;32337387;C;G
13;32337395;A;G
13;32337399;A;C
13;32337401;G;T
13;32337403;A;G
13;32337405;T;C
13;32337406;C;A
13;32337409;G;A
13;32337410;C;T
13;32337410;C;G
13;32337411;T;C
13;32337415;T;C
13;32337416;GAACAT;G
13;32337418;A;G
13;32337419;C;T
13;32337419;C;A
13;32337420;ATAACAT;A
13;32337420;A;G
13;32337423;A;C
13;32337424;C;A
13;32337424;CATT;C
13;32337425;A;C
13;32337425;A;G
13;32337427;T;TAAG
13;32337427;T;G
13;32337428;A;G
13;32337430;G;T
13;32337430;GAA;G
13;32337431;A;G
13;32337431;A;T
13;32337432;A;G
13;32337433;G;A
13;32337434;AG;A
13;32337435;G;A
13;32337437;A;C
13;32337440;A;C
13;32337440;A;G
13;32337443;T;G
13;32337445;C;G
13;32337445;C;A
13;32337450;A;G
13;32337452;GAT;G
13;32337452;G;C
13;32337452;G;T
13;32337453;A;T
13;32337453;A;G
13;32337455;A;G
13;32337456;T;C
13;32337457;T;C
13;32337457;T;G
13;32337458;G;T
13;32337460;A;G
13;32337461;G;A
13;32337461;G;T
13;32337463;A;G
13;32337464;C;A
13;32337464;C;T
13;32337466;A;G
13;32337470;CCTA;C
13;32337474;C;A
13;32337474;C;T
13;32337475;T;A
13;32337477;G;C
13;32337481;A;C
13;32337481;AGCTTGTGT;A
13;32337482;G;T
13;32337483;C;T
13;32337485;T;G
13;32337492;A;G
13;32337495;T;C
13;32337497;G;A
13;32337505;C;G
13;32337505;C;T
13;32337507;T;C
13;32337508;G;A
13;32337509;G;A
13;32337510;C;T
13;32337512;TTAGA;T
13;32337513;T;G
13;32337514;A;T
13;32337521;CAAAAG;C
13;32337521;C;A
13;32337521;C;CAA
13;32337521;CAAAA;C
13;32337521;CAAA;C
13;32337522;A;G
13;32337523;AAAG;A
13;32337523;A;G
13;32337524;A;C
13;32337528;A;G
13;32337529;A;G
13;32337531;T;G
13;32337532;G;A
13;32337534;G;A
13;32337535;C;T
13;32337537;A;G
13;32337538;G;A
13;32337540;C;T
13;32337543;A;G
13;32337546;CAATT;C
13;32337549;T;A
13;32337549;T;C
13;32337550;T;C
13;32337550;T;A
13;32337552;A;T
13;32337552;A;G
13;32337553;TA;T
13;32337555;C;A
13;32337556;T;C
13;32337556;T;G
13;32337557;G;A
13;32337559;A;G
13;32337563;G;T
13;32337566;C;T
13;32337567;A;G
13;32337571;A;G
13;32337572;C;A
13;32337573;A;G
13;32337574;G;A
13;32337575;A;G
13;32337575;A;T
13;32337578;A;T
13;32337580;T;C
13;32337581;G;A
13;32337582;T;C
13;32337583;A;G
13;32337583;AGTT;A
13;32337590;T;G
13;32337593;G;C
13;32337596;T;A
13;32337596;T;G
13;32337597;G;T
13;32337597;G;A
13;32337599;A;G
13;32337600;A;G
13;32337602;A;C
13;32337602;A;G
13;32337603;A;G
13;32337604;T;C
13;32337605;A;G
13;32337606;G;A
13;32337607;T;C
13;32337608;C;A
13;32337609;A;G
13;32337610;T;TA
13;32337611;A;G
13;32337614;A;T
13;32337615;C;T
13;32337617;C;G
13;32337617;C;T
13;32337618;C;CT
13;32337618;C;A
13;32337619;T;C
13;32337623;A;G
13;32337624;T;G
13;32337625;G;C
13;32337633;C;G
13;32337634;CA;C
13;32337635;A;C
13;32337637;G;A
13;32337643;T;C
13;32337644;T;C
13;32337648;A;G
13;32337648;AT;A
13;32337649;T;C
13;32337651;C;A
13;32337654;A;G
13;32337654;A;T
13;32337656;C;G
13;32337656;C;T
13;32337657;A;G
13;32337659;A;T
13;32337661;TTTAACACCTAGCCAAA;T
13;32337662;T;G
13;32337664;A;G
13;32337665;A;C
13;32337668;C;A
13;32337669;C;T
13;32337670;T;C
13;32337670;T;A
13;32337673;C;G
13;32337676;A;G
13;32337678;A;C
13;32337679;G;C
13;32337680;G;T
13;32337680;G;A
13;32337681;C;T
13;32337684;A;G
13;32337684;A;C
13;32337684;A;T
13;32337685;A;C
13;32337686;A;G
13;32337687;T;C
13;32337688;T;G
13;32337690;C;T
13;32337691;A;G
13;32337692;G;A
13;32337695;C;T
13;32337698;T;C
13;32337699;C;G
13;32337703;T;C
13;32337704;A;G
13;32337705;T;C
13;32337706;A;T
13;32337709;A;G
13;32337712;A;C
13;32337713;G;C
13;32337714;A;G
13;32337717;C;A
13;32337717;C;G
13;32337720;G;A
13;32337722;A;G
13;32337723;G;C
13;32337726;A;C
13;32337731;G;T
13;32337733;A;G
13;32337737;A;G
13;32337738;C;G
13;32337738;C;T
13;32337740;C;T
13;32337740;C;CA
13;32337742;G;A
13;32337745;T;G
13;32337747;G;C
13;32337747;G;GA
13;32337750;A;G
13;32337751;A;G
13;32337752;C;T
13;32337756;G;C
13;32337759;A;G
13;32337760;C;A
13;32337761;A;G
13;32337762;T;C
13;32337763;A;G
13;32337764;T;C
13;32337764;T;A
13;32337768;A;T
13;32337769;G;C
13;32337770;A;G
13;32337771;A;G
13;32337772;G;A
13;32337772;G;T
13;32337773;A;C
13;32337774;G;A
13;32337774;G;C
13;32337775;T;C
13;32337775;T;A
13;32337777;C;T
13;32337781;T;A
13;32337782;G;A
13;32337785;G;A
13;32337786;T;G
13;32337787;G;C
13;32337788;C;T
13;32337790;T;C
13;32337791;G;T
13;32337792;A;G
13;32337792;A;T
13;32337798;A;G
13;32337799;G;C
13;32337800;A;G
13;32337801;T;A
13;32337801;T;C
13;32337802;G;A
13;32337802;G;T
13;32337803;A;T
13;32337804;C;CT
13;32337805;T;A
13;32337806;A;G
13;32337806;A;C
13;32337808;C;G
13;32337810;T;G
13;32337813;A;G
13;32337814;G;T
13;32337816;C;A
13;32337816;C;G
13;32337817;C;T
13;32337817;C;G
13;32337818;A;G
13;32337819;C;G
13;32337822;C;T
13;32337826;G;C
13;32337832;C;CAG
13;32337833;A;C
13;32337834;G;A
13;32337835;A;G
13;32337836;G;C
13;32337836;G;A
13;32337837;A;G
13;32337838;T;G
13;32337839;G;A
13;32337840;C;T
13;32337840;C;G
13;32337841;TG;T
13;32337844;T;G
13;32337845;C;A
13;32337846;T;A
13;32337848;C;A
13;32337849;A;C
13;32337849;A;G
13;32337850;T;C
13;32337851;G;A
13;32337852;T;A
13;32337852;T;C
13;32337853;C;T
13;32337853;CAT;C
13;32337854;A;G
13;32337855;T;C
13;32337856;A;G
13;32337858;T;C
13;32337858;T;A
13;32337859;G;T
13;32337860;A;C
13;32337861;A;G
13;32337861;A;C
13;32337862;T;C
13;32337863;G;A
13;32337864;C;T
13;32337866;C;G
13;32337867;C;T
13;32337870;C;G
13;32337870;C;A
13;32337870;C;T
13;32337871;G;A
13;32337871;G;T
13;32337872;A;T
13;32337873;T;C
13;32337874;T;C
13;32337874;T;G
13;32337876;G;A
13;32337877;T;C
13;32337877;T;G
13;32337878;C;T
13;32337879;A;G
13;32337880;G;A
13;32337881;G;A
13;32337882;T;C
13;32337884;G;A
13;32337885;A;T
13;32337885;A;C
13;32337887;A;G
13;32337891;G;A
13;32337894;A;G
13;32337895;G;A
13;32337895;G;C
13;32337898;A;G
13;32337898;ATT;A
13;32337906;G;C
13;32337907;T;C
13;32337908;A;G
13;32337910;A;G
13;32337917;A;G
13;32337923;C;T
13;32337924;G;A
13;32337925;G;T
13;32337925;G;C
13;32337927;A;G
13;32337930;T;G
13;32337932;G;C
13;32337933;C;T
13;32337934;T;C
13;32337935;G;A
13;32337936;G;A
13;32337937;C;G
13;32337939;T;C
13;32337940;G;A
13;32337940;G;C
13;32337941;T;C
13;32337941;T;A
13;32337945;A;G
13;32337946;A;C
13;32337950;G;A
13;32337952;C;T
13;32337952;CTG;C
13;32337953;T;A
13;32337954;G;T
13;32337954;G;C
13;32337958;C;G
13;32337958;C;T
13;32337960;A;G
13;32337963;G;T
13;32337963;G;A
13;32337965;G;A
13;32337965;GCTT;G
13;32337967;T;C
13;32337970;T;C
13;32337972;G;A
13;32337972;G;T
13;32337975;A;G
13;32337982;A;G
13;32337983;GATGAAA;G
13;32337983;G;A
13;32337984;A;T
13;32337985;T;C
13;32337986;G;A
13;32337990;A;T
13;32337991;T;C
13;32337994;A;T
13;32337995;G;A
13;32337997;G;A
13;32337998;G;A
13;32337999;G;T
13;32337999;G;A
13;32338004;A;T
13;32338004;A;G
13;32338005;G;A
13;32338009;C;G
13;32338010;T;G
13;32338012;T;C
13;32338013;T;C
13;32338016;T;C
13;32338017;C;T
13;32338021;T;G
13;32338022;C;T
13;32338025;G;T
13;32338026;G;A
13;32338026;G;T
13;32338027;C;T
13;32338029;C;T
13;32338030;A;G
13;32338032;A;T
13;32338034;CTG;C
13;32338034;CTGAA;C
13;32338036;G;C
13;32338037;A;G
13;32338039;T;C
13;32338043;T;C
13;32338043;T;G
13;32338043;TC;T
13;32338045;T;C
13;32338046;A;G
13;32338047;C;T
13;32338048;T;C
13;32338049;G;C
13;32338050;A;G
13;32338052;G;T
13;32338052;G;A
13;32338053;C;T
13;32338055;C;A
13;32338055;C;T
13;32338056;T;G
13;32338058;C;T
13;32338058;C;CA
13;32338064;G;C
13;32338066;T;G
13;32338066;T;C
13;32338067;G;A
13;32338068;T;G
13;32338069;G;A
13;32338069;GA;G
13;32338070;A;G
13;32338071;A;T
13;32338072;A;G
13;32338073;C;T
13;32338073;CTGTT;C
13;32338075;G;A
13;32338078;T;C
13;32338079;A;C
13;32338085;A;G
13;32338086;T;C
13;32338095;T;C
13;32338096;TAGTG;T
13;32338100;G;A
13;32338103;G;GA
13;32338104;A;G
13;32338111;T;C
13;32338112;G;A
13;32338113;C;G
13;32338115;G;A
13;32338117;G;T
13;32338118;G;A
13;32338118;G;T
13;32338119;T;C
13;32338119;T;G
13;32338120;A;G
13;32338120;A;T
13;32338121;C;T
13;32338122;A;C
13;32338122;A;G
13;32338123;T;G
13;32338125;C;T
13;32338125;CA;C
13;32338126;A;G
13;32338127;A;G
13;32338128;T;A
13;32338130;A;C
13;32338131;G;A
13;32338131;G;GT
13;32338131;GTT;G
13;32338137;CTTCAAGTAAATGTCATGATTCTGTTGT;C
13;32338137;C;T
13;32338140;C;A
13;32338140;C;T
13;32338140;C;G
13;32338141;A;T
13;32338141;A;C
13;32338142;A;G
13;32338144;T;C
13;32338148;T;A
13;32338149;G;T
13;32338151;C;T
13;32338152;A;G
13;32338154;G;A
13;32338155;A;G
13;32338157;T;A
13;32338160;G;T
13;32338162;T;C
13;32338163;G;A
13;32338166;T;C
13;32338169;A;G
13;32338171;G;A
13;32338172;T;A
13;32338174;TAAGA;T
13;32338175;A;C
13;32338176;A;G
13;32338179;T;C
13;32338180;A;G
13;32338181;GA;G
13;32338181;G;A
13;32338183;AAATCAT;A
13;32338187;C;A
13;32338187;CATAATG;C
13;32338188;A;G
13;32338189;T;A
13;32338189;T;C
13;32338190;AATG;A
13;32338190;A;G
13;32338191;A;G
13;32338192;T;A
13;32338192;T;C
13;32338194;A;T
13;32338195;T;C
13;32338200;CTG;C
13;32338200;C;T
13;32338201;T;C
13;32338202;G;A
13;32338203;T;C
13;32338204;A;G
13;32338206;G;A
13;32338207;T;A
13;32338207;T;G
13;32338208;G;GA
13;32338208;GAAA;G
13;32338208;GA;G
13;32338209;A;G
13;32338213;AAAT;A
13;32338214;A;T
13;32338216;TAATA;T
13;32338217;A;T
13;32338218;A;G
13;32338218;A;T
13;32338220;A;AAAT
13;32338220;A;G
13;32338222;A;C
13;32338224;G;A
13;32338226;CA;C
13;32338226;C;T
13;32338228;A;G
13;32338229;C;T
13;32338232;A;C
13;32338234;A;G
13;32338235;T;C
13;32338236;T;A
13;32338238;C;T
13;32338238;C;A
13;32338240;A;G
13;32338240;AAAT;A
13;32338241;A;G
13;32338248;T;G
13;32338248;T;C
13;32338249;T;G
13;32338249;T;C
13;32338249;T;A
13;32338250;G;T
13;32338252;A;G
13;32338254;TGAC;T
13;32338255;G;A
13;32338256;A;T
13;32338257;C;G
13;32338258;T;C
13;32338259;A;T
13;32338259;A;G
13;32338260;C;T
13;32338261;T;A
13;32338263;G;A
13;32338264;C;A
13;32338265;A;G
13;32338268;TTTG;T
13;32338269;T;C
13;32338269;T;G
13;32338271;G;C
13;32338271;G;A
13;32338272;T;C
13;32338274;G;A
13;32338276;A;G
13;32338277;G;T
13;32338277;G;A
13;32338280;A;G
13;32338281;T;C
13;32338284;C;A
13;32338285;T;C
13;32338288;A;G
13;32338289;A;G
13;32338291;T;C
13;32338293;A;C
13;32338295;A;C
13;32338296;A;G
13;32338297;G;A
13;32338300;A;G
13;32338301;A;G
13;32338304;A;T
13;32338305;C;A
13;32338305;C;T
13;32338306;T;C
13;32338307;G;A
13;32338308;A;G
13;32338315;A;G
13;32338316;G;C
13;32338316;G;A
13;32338317;A;T
13;32338317;A;G
13;32338318;TAAC;T
13;32338320;A;G
13;32338320;A;C
13;32338321;C;A
13;32338321;C;G
13;32338321;C;T
13;32338322;A;T
13;32338326;A;G
13;32338327;T;C
13;32338329;C;CTGCT
13;32338333;T;C
13;32338336;C;T
13;32338338;G;C
13;32338338;G;A
13;32338339;T;C
13;32338340;A;G
13;32338341;G;C
13;32338342;A;T
13;32338344;A;G
13;32338347;C;G
13;32338350;A;G
13;32338351;T;A
13;32338354;C;T
13;32338354;C;G
13;32338358;G;T
13;32338362;T;C
13;32338362;T;TCATC
13;32338364;G;T
13;32338366;T;C
13;32338366;T;G
13;32338367;G;T
13;32338368;G;A
13;32338369;C;T
13;32338369;C;A
13;32338372;T;C
13;32338375;T;G
13;32338375;T;C
13;32338377;C;A
13;32338378;A;C
13;32338379;A;G
13;32338386;A;C
13;32338387;T;C
13;32338388;G;C
13;32338391;AC;A
13;32338391;A;G
13;32338393;TGTTTG;T
13;32338394;G;C
13;32338395;T;C
13;32338397;T;A
13;32338398;G;A
13;32338398;G;C
13;32338398;G;T
13;32338399;T;C
13;32338400;A;G
13;32338401;T;C
13;32338403;C;A
13;32338403;C;G
13;32338405;T;G
13;32338405;T;A
13;32338409;G;T
13;32338411;TGAAAC;T
13;32338416;C;T
13;32338417;G;A
13;32338417;G;T
13;32338418;G;T
13;32338420;C;T
13;32338421;T;G
13;32338422;T;C
13;32338423;G;A
13;32338423;G;T
13;32338424;C;T
13;32338425;T;G
13;32338425;T;C
13;32338426;A;C
13;32338426;A;G
13;32338427;T;C
13;32338434;A;T
13;32338435;TCAG;T
13;32338436;C;G
13;32338438;G;A
13;32338439;CA;C
13;32338440;A;G
13;32338443;A;G
13;32338444;C;G
13;32338445;A;C
13;32338445;A;G
13;32338446;T;C
13;32338449;G;A
13;32338450;T;C
13;32338455;A;G
13;32338456;A;G
13;32338457;T;C
13;32338460;T;C
13;32338464;G;T
13;32338465;C;T
13;32338467;A;G
13;32338468;G;T
13;32338470;T;G
13;32338471;T;G
13;32338472;A;G
13;32338473;T;C
13;32338473;T;G
13;32338475;A;G
13;32338477;G;A
13;32338480;G;T
13;32338480;G;A
13;32338482;G;T
13;32338482;G;A
13;32338485;A;G
13;32338486;C;CTGAGGA
13;32338486;C;T
13;32338487;A;G
13;32338490;C;G
13;32338491;A;G
13;32338492;G;T
13;32338492;G;A
13;32338495;T;G
13;32338495;TAAA;T
13;32338496;AAAG;A
13;32338496;A;G
13;32338501;A;G
13;32338502;G;A
13;32338505;T;A
13;32338505;T;C
13;32338509;C;G
13;32338511;G;A
13;32338512;A;T
13;32338513;T;G
13;32338514;T;A
13;32338515;T;C
13;32338515;T;TGGAAG
13;32338516;AACTTT;A
13;32338517;AC;A
13;32338518;C;A
13;32338518;C;G
13;32338519;T;A
13;32338520;T;G
13;32338523;T;C
13;32338528;A;G
13;32338529;GT;G
13;32338529;G;A
13;32338531;T;TG
13;32338533;C;G
13;32338533;C;T
13;32338534;G;A
13;32338538;G;T
13;32338538;G;GC
13;32338542;A;G
13;32338542;A;T
13;32338543;A;G
13;32338544;G;A
13;32338547;G;C
13;32338547;G;A
13;32338549;A;G
13;32338552;T;C
13;32338554;A;T
13;32338554;A;G
13;32338555;T;C
13;32338557;G;GTAA
13;32338559;A;C
13;32338561;T;C
13;32338563;C;T
13;32338564;T;C
13;32338565;TC;T
13;32338566;C;G
13;32338566;C;T
13;32338568;A;G
13;32338570;TAAA;T
13;32338570;TAAAG;T
13;32338571;A;G
13;32338575;A;G
13;32338577;C;T
13;32338577;C;A
13;32338577;C;G
13;32338577;CAGTT;C
13;32338578;A;G
13;32338579;G;A
13;32338581;T;C
13;32338592;A;G
13;32338595;A;G
13;32338596;C;T
13;32338597;G;A
13;32338597;G;T
13;32338598;G;A
13;32338598;G;T
13;32338599;AG;A
13;32338599;A;G
13;32338600;G;C
13;32338600;G;A
13;32338603;A;G
13;32338606;T;C
13;32338607;A;G
13;32338608;T;C
13;32338608;TAA;T
13;32338609;A;G
13;32338611;A;G
13;32338612;AG;A
13;32338613;G;T
13;32338614;A;AT
13;32338616;T;C
13;32338618;T;G
13;32338622;A;G
13;32338624;T;C
13;32338625;TCTG;T
13;32338626;C;G
13;32338629;A;G
13;32338630;T;TA
13;32338631;A;G
13;32338632;C;G
13;32338632;C;T
13;32338633;A;G
13;32338633;AT;A
13;32338633;A;AT
13;32338634;T;A
13;32338639;T;G
13;32338640;C;G
13;32338642;G;C
13;32338642;G;T
13;32338645;T;G
13;32338649;A;G
13;32338651;T;G
13;32338652;G;T
13;32338653;G;A
13;32338654;GA;G
13;32338654;G;A
13;32338654;G;C
13;32338656;A;T
13;32338658;AAT;A
13;32338660;T;C
13;32338661;A;G
13;32338662;T;C
13;32338664;A;C
13;32338666;T;G
13;32338669;C;T
13;32338669;C;A
13;32338670;G;A
13;32338671;C;A
13;32338673;A;C
13;32338673;A;G
13;32338674;A;G
13;32338675;A;C
13;32338675;A;G
13;32338676;G;C
13;32338677;A;T
13;32338678;G;A
13;32338680;C;G
13;32338681;A;G
13;32338682;T;C
13;32338686;A;C
13;32338689;A;C
13;32338689;A;G
13;32338690;A;T
13;32338692;T;C
13;32338698;A;T
13;32338699;T;G
13;32338699;T;C
13;32338706;G;T
13;32338709;C;G
13;32338710;A;G
13;32338711;G;A
13;32338712;A;G
13;32338715;C;G
13;32338716;C;G
13;32338716;C;T
13;32338720;A;G
13;32338721;G;A
13;32338722;A;G
13;32338724;T;C
13;32338726;G;A
13;32338726;G;C
13;32338727;C;T
13;32338730;A;C
13;32338731;A;G
13;32338732;CTT;C
13;32338732;C;G
13;32338733;T;C
13;32338736;T;G
13;32338739;T;G
13;32338743;A;G
13;32338745;T;G
13;32338747;T;C
13;32338749;AATTAC;A
13;32338750;A;G
13;32338754;C;T
13;32338755;A;T
13;32338757;T;A
13;32338758;CTGACA;C
13;32338760;G;C
13;32338760;G;A
13;32338761;A;T
13;32338763;A;G
13;32338764;TAAGA;T
13;32338765;A;G
13;32338765;A;C
13;32338767;G;T
13;32338767;GAA;G
13;32338769;A;G
13;32338772;A;T
13;32338773;A;G
13;32338775;A;G
13;32338778;A;G
13;32338779;T;G
13;32338781;G;A
13;32338782;A;G
13;32338784;A;T
13;32338784;A;G
13;32338785;T;C
13;32338787;C;T
13;32338789;A;G
13;32338791;G;C
13;32338791;G;A
13;32338794;A;G
13;32338795;T;C
13;32338798;G;A
13;32338798;G;GGAAACA
13;32338800;A;G
13;32338803;CA;C
13;32338803;C;A
13;32338805;G;A
13;32338806;A;C
13;32338807;C;T
13;32338808;ATAGT;A
13;32338813;TAAACAC;T
13;32338814;A;T
13;32338815;A;C
13;32338816;A;G
13;32338818;A;C
13;32338818;AC;A
13;32338818;A;G
13;32338819;C;A
13;32338825;A;G
13;32338826;C;T
13;32338826;CTGAA;C
13;32338827;TGAAA;T
13;32338827;T;C
13;32338833;A;G
13;32338833;A;T
13;32338835;A;G
13;32338837;T;C
13;32338838;G;A
13;32338839;T;A
13;32338840;C;G
13;32338842;C;T
13;32338843;A;G
13;32338844;G;C
13;32338845;T;A
13;32338849;T;A
13;32338853;G;A
13;32338855;A;C
13;32338857;A;G
13;32338858;T;C
13;32338859;C;A
13;32338859;C;G
13;32338861;A;G
13;32338861;A;C
13;32338863;T;C
13;32338864;A;G
13;32338868;A;G
13;32338870;C;T
13;32338871;T;C
13;32338874;C;G
13;32338875;A;G
13;32338877;G;A
13;32338879;A;G
13;32338880;C;T
13;32338881;A;T
13;32338881;A;G
13;32338882;A;G
13;32338882;A;C
13;32338885;C;G
13;32338885;C;T
13;32338886;G;A
13;32338888;A;G
13;32338889;C;A
13;32338889;C;T
13;32338890;G;C
13;32338890;G;A
13;32338894;T;G
13;32338895;G;GA
13;32338898;A;G
13;32338903;C;G
13;32338904;A;G
13;32338905;A;G
13;32338906;AG;A
13;32338909;A;G
13;32338911;C;G
13;32338912;T;C
13;32338913;A;G
13;32338914;C;G
13;32338915;T;A
13;32338915;T;C
13;32338916;CTA;C
13;32338916;C;A
13;32338916;C;T
13;32338917;T;C
13;32338918;A;C
13;32338918;A;G
13;32338918;A;T
13;32338919;T;C
13;32338922;G;C
13;32338923;G;A
13;32338923;G;T
13;32338925;T;G
13;32338925;T;C
13;32338926;T;G
13;32338927;T;G
13;32338929;A;G
13;32338929;A;T
13;32338929;A;C
13;32338930;T;C
13;32338932;C;T
13;32338933;A;C
13;32338933;A;G
13;32338939;C;G
13;32338939;C;T
13;32338940;G;A
13;32338941;G;A
13;32338941;G;C
13;32338942;G;GA
13;32338943;A;T
13;32338946;A;G
13;32338949;G;A
13;32338949;GTTAAAA;G
13;32338952;A;G
13;32338954;A;C
13;32338959;C;T
13;32338960;A;T
13;32338960;A;G
13;32338962;A;G
13;32338964;G;C
13;32338966;A;G
13;32338967;T;C
13;32338968;C;T
13;32338969;T;C
13;32338972;G;T
13;32338976;A;C
13;32338977;A;G
13;32338979;G;A
13;32338979;G;T
13;32338981;G;T
13;32338981;G;GA
13;32338981;GA;G
13;32338981;G;A
13;32338986;A;AG
13;32338987;CCTT;C
13;32338987;C;T
13;32338988;C;CT
13;32338988;CT;C
13;32338989;T;C
13;32338992;T;C
13;32338993;T;A
13;32338997;G;A
13;32338999;A;G
13;32339000;A;G
13;32339003;G;C
13;32339003;G;T
13;32339004;A;G
13;32339006;C;G
13;32339007;A;G
13;32339008;A;C
13;32339010;G;A
13;32339010;G;T
13;32339010;G;C
13;32339011;T;C
13;32339013;C;T
13;32339013;C;G
13;32339015;A;G
13;32339016;G;C
13;32339017;T;G
13;32339019;A;G
13;32339021;A;G
13;32339025;C;G
13;32339027;A;G
13;32339027;A;C
13;32339028;GT;G
13;32339032;T;C
13;32339034;G;A
13;32339036;C;A
13;32339040;A;C
13;32339041;A;G
13;32339044;G;A
13;32339044;G;T
13;32339045;G;GC
13;32339050;G;T
13;32339050;G;A
13;32339051;A;G
13;32339052;C;T
13;32339053;C;A
13;32339053;C;T
13;32339054;C;T
13;32339056;A;G
13;32339058;A;G
13;32339059;G;A
13;32339060;T;A
13;32339062;CAG;C
13;32339062;C;T
13;32339064;G;A
13;32339065;AG;A
13;32339066;G;A
13;32339067;A;G
13;32339067;A;T
13;32339068;G;C
13;32339069;G;A
13;32339070;C;G
13;32339070;C;T
13;32339071;C;T
13;32339071;C;G
13;32339073;G;T
13;32339073;G;A
13;32339074;T;TA
13;32339075;A;G
13;32339078;G;T
13;32339078;G;A
13;32339080;C;T
13;32339081;C;G
13;32339084;G;T
13;32339086;A;G
13;32339087;T;C
13;32339090;G;T
13;32339091;C;T
13;32339093;T;C
13;32339096;G;A
13;32339096;G;C
13;32339100;C;T
13;32339102;A;G
13;32339102;A;T
13;32339110;C;T
13;32339111;A;G
13;32339112;C;T
13;32339114;G;A
13;32339117;G;T
13;32339121;C;G
13;32339121;C;A
13;32339122;A;G
13;32339127;G;A
13;32339129;A;G
13;32339131;A;C
13;32339131;A;G
13;32339132;G;A
13;32339134;A;C
13;32339137;G;T
13;32339139;A;C
13;32339144;T;G
13;32339145;C;A
13;32339146;T;C
13;32339149;CAAT;C
13;32339149;C;T
13;32339149;C;G
13;32339149;C;A
13;32339151;A;G
13;32339152;T;C
13;32339153;AATG;A
13;32339153;A;G
13;32339153;A;AATT
13;32339156;G;T
13;32339156;G;C
13;32339157;A;G
13;32339157;A;T
13;32339158;T;C
13;32339158;T;TA
13;32339159;A;T
13;32339163;AC;A
13;32339164;C;T
13;32339165;C;T
13;32339168;G;A
13;32339172;C;T
13;32339174;A;G
13;32339174;A;T
13;32339175;TTG;T
13;32339177;G;T
13;32339178;A;C
13;32339180;A;G
13;32339180;A;C
13;32339181;CTG;C
13;32339181;C;A
13;32339183;G;A
13;32339185;G;A
13;32339186;G;T
13;32339187;T;C
13;32339188;G;A
13;32339189;C;T
13;32339190;C;T
13;32339191;A;G
13;32339193;C;T
13;32339194;T;G
13;32339195;A;T
13;32339195;A;G
13;32339200;C;T
13;32339203;A;C
13;32339205;G;A
13;32339207;G;A
13;32339208;A;G
13;32339209;T;A
13;32339211;A;G
13;32339213;T;C
13;32339214;T;G
13;32339214;T;C
13;32339215;AT;A
13;32339215;A;G
13;32339216;T;G
13;32339216;T;C
13;32339217;G;A
13;32339217;G;T
13;32339226;C;G
13;32339228;G;A
13;32339228;GAA;G
13;32339229;A;C
13;32339232;A;G
13;32339233;T;A
13;32339234;C;G
13;32339236;C;G
13;32339238;A;G
13;32339239;A;G
13;32339240;A;G
13;32339244;C;G
13;32339244;C;CAA
13;32339244;C;T
13;32339246;A;G
13;32339249;A;C
13;32339249;A;G
13;32339250;G;A
13;32339252;A;T
13;32339253;T;C
13;32339254;C;A
13;32339255;T;A
13;32339256;T;C
13;32339258;T;C
13;32339258;T;TC
13;32339260;G;T
13;32339261;A;G
13;32339265;T;G
13;32339266;T;G
13;32339266;T;TA
13;32339266;T;C
13;32339267;A;G
13;32339268;A;C
13;32339269;A;G
13;32339270;G;A
13;32339273;C;T
13;32339273;C;A
13;32339274;A;G
13;32339278;A;G
13;32339280;A;G
13;32339280;A;C
13;32339281;T;C
13;32339282;G;A
13;32339282;G;T
13;32339283;T;C
13;32339285;GAAA;G
13;32339285;G;C
13;32339286;A;C
13;32339287;AAAAG;A
13;32339288;AAAG;A
13;32339288;A;G
13;32339291;G;A
13;32339293;A;G
13;32339297;G;A
13;32339298;C;G
13;32339300;A;G
13;32339301;A;G
13;32339304;G;A
13;32339306;C;T
13;32339307;C;G
13;32339307;C;T
13;32339309;G;C
13;32339309;G;A
13;32339310;C;T
13;32339311;A;G
13;32339312;A;G
13;32339315;T;G
13;32339318;T;TA
13;32339319;AC;A
13;32339320;C;G
13;32339320;C;A
13;32339321;A;C
13;32339323;A;C
13;32339323;A;G
13;32339328;A;G
13;32339329;G;A
13;32339330;T;C
13;32339330;T;G
13;32339332;C;T
13;32339333;C;T
13;32339334;CT;C
13;32339335;T;G
13;32339336;T;C
13;32339338;T;C
13;32339338;T;A
13;32339338;TTCAG;T
13;32339341;A;C
13;32339342;G;A
13;32339342;G;C
13;32339343;T;C
13;32339344;C;A
13;32339345;A;G
13;32339346;T;C
13;32339348;G;A
13;32339351;A;G
13;32339353;T;C
13;32339356;A;C
13;32339357;G;C
13;32339357;G;A
13;32339358;C;G
13;32339358;C;T
13;32339359;C;T
13;32339360;T;A
13;32339369;T;C
13;32339370;A;G
13;32339371;C;T
13;32339372;A;T
13;32339372;A;G
13;32339372;A;C
13;32339373;C;T
13;32339375;A;G
13;32339378;T;C
13;32339378;TGTA;T
13;32339379;G;A
13;32339380;T;C
13;32339383;T;A
13;32339383;T;C
13;32339384;A;G
13;32339385;G;C
13;32339385;G;A
13;32339385;G;T
13;32339388;A;C
13;32339390;A;C
13;32339393;T;A
13;32339394;C;A
13;32339394;C;T
13;32339396;G;A
13;32339397;TGAGTCA;T
13;32339400;G;A
13;32339400;G;C
13;32339402;C;T
13;32339402;CAGACTTCATTACTTGA;C
13;32339404;G;A
13;32339404;G;T
13;32339404;G;C
13;32339406;C;G
13;32339412;T;C
13;32339414;C;T
13;32339414;C;G
13;32339415;T;C
13;32339416;T;A
13;32339416;T;G
13;32339420;G;A
13;32339421;C;CA
13;32339421;C;A
13;32339421;C;T
13;32339421;CA;C
13;32339425;A;C
13;32339428;A;G
13;32339428;A;T
13;32339432;C;CT
13;32339435;A;G
13;32339436;G;C
13;32339436;G;A
13;32339439;A;G
13;32339439;A;T
13;32339440;A;G
13;32339442;G;T
13;32339447;T;G
13;32339450;G;A
13;32339450;G;C
13;32339451;A;G
13;32339453;G;A
13;32339455;T;G
13;32339455;T;C
13;32339456;C;A
13;32339457;A;G
13;32339458;A;G
13;32339459;C;T
13;32339460;CAGAA;C
13;32339461;A;G
13;32339463;A;C
13;32339465;A;G
13;32339466;GAATA;G
13;32339468;A;G
13;32339469;T;G
13;32339470;A;G
13;32339472;A;C
13;32339474;AC;A
13;32339475;C;T
13;32339476;T;C
13;32339480;G;A
13;32339480;G;T
13;32339481;A;C
13;32339481;A;G
13;32339482;TTATG;T
13;32339482;T;G
13;32339485;T;C
13;32339486;G;A
13;32339490;G;A
13;32339493;ATTAT;A
13;32339497;T;C
13;32339498;TTGTA;T
13;32339499;T;C
13;32339501;T;C
13;32339502;A;G
13;32339508;A;G
13;32339514;C;A
13;32339515;A;G
13;32339516;A;G
13;32339518;CAG;C
13;32339519;A;T
13;32339520;G;T
13;32339521;T;C
13;32339522;A;T
13;32339522;A;G
13;32339524;T;C
13;32339525;A;G
13;32339526;T;C
13;32339529;C;T
13;32339530;T;C
13;32339537;G;A
13;32339541;A;C
13;32339541;A;G
13;32339543;A;T
13;32339544;A;G
13;32339546;C;T
13;32339546;C;A
13;32339547;ATC;A
13;32339550;T;C
13;32339551;C;T
13;32339553;C;T
13;32339554;C;T
13;32339554;C;G
13;32339555;G;A
13;32339556;A;T
13;32339557;A;T
13;32339557;A;C
13;32339560;A;G
13;32339561;C;G
13;32339562;A;G
13;32339563;A;G
13;32339565;ATACT;A
13;32339566;T;C
13;32339567;A;T
13;32339568;CTTAT;C
13;32339568;C;T
13;32339569;T;G
13;32339569;TTA;T
13;32339571;A;G
13;32339571;ATTTAAG;A
13;32339571;ATTTAAGT;A
13;32339572;T;C
13;32339572;T;A
13;32339573;T;C
13;32339573;TTAAG;T
13;32339575;AAGTAAC;A
13;32339575;A;C
13;32339580;A;T
13;32339580;AC;A
13;32339581;C;G
13;32339581;CAGT;C
13;32339581;C;A
13;32339582;A;G
13;32339583;G;A
13;32339585;A;G
13;32339586;G;A
13;32339586;G;T
13;32339587;C;T
13;32339588;A;G
13;32339589;T;A
13;32339592;C;T
13;32339592;C;CT
13;32339593;T;C
13;32339594;A;T
13;32339594;A;G
13;32339596;C;CTA
13;32339596;C;T
13;32339597;AG;A
13;32339600;T;C
13;32339601;A;C
13;32339601;A;G
13;32339602;T;G
13;32339604;C;G
13;32339604;C;T
13;32339607;A;C
13;32339609;C;A
13;32339611;T;C
13;32339613;C;G
13;32339614;T;C
13;32339615;G;T
13;32339615;G;C
13;32339616;A;G
13;32339616;A;T
13;32339620;G;A
13;32339621;G;A
13;32339622;TATATAATGATTCAGG;T
13;32339622;T;A
13;32339623;A;G
13;32339624;TATA;T
13;32339625;A;G
13;32339627;A;G
13;32339628;A;G
13;32339632;T;C
13;32339633;T;A
13;32339633;T;G
13;32339634;C;G
13;32339637;G;A
13;32339639;T;G
13;32339640;ATC;A
13;32339641;T;G
13;32339641;T;A
13;32339644;C;T
13;32339646;C;T
13;32339646;C;CA
13;32339646;C;A
13;32339651;AATAAACTTG;A
13;32339654;A;G
13;32339655;A;C
13;32339656;A;G
13;32339657;CTT;C
13;32339660;G;T
13;32339661;A;G
13;32339661;A;T
13;32339662;T;C
13;32339664;C;G
13;32339667;G;A
13;32339667;G;T
13;32339668;T;C
13;32339669;A;G
13;32339672;G;C
13;32339674;G;A
13;32339676;CA;C
13;32339676;C;T
13;32339678;G;C
13;32339680;A;G
13;32339682;TGAA;T
13;32339682;T;G
13;32339686;G;A
13;32339689;T;C
13;32339690;G;A
13;32339691;T;C
13;32339692;TGAA;T
13;32339696;G;A
13;32339697;A;G
13;32339698;T;A
13;32339699;C;CA
13;32339699;C;G
13;32339699;CAA;C
13;32339699;C;A
13;32339702;A;G
13;32339705;A;G
13;32339705;A;C
13;32339707;C;A
13;32339708;A;G
13;32339711;A;G
13;32339712;G;GT
13;32339723;G;A
13;32339726;A;G
13;32339728;A;G
13;32339729;T;C
13;32339730;C;T
13;32339732;A;G
13;32339733;A;G
13;32339734;T;C
13;32339738;A;G
13;32339741;G;T
13;32339743;T;C
13;32339745;C;G
13;32339749;T;C
13;32339750;G;A
13;32339751;C;T
13;32339755;C;T
13;32339756;C;T
13;32339757;C;A
13;32339757;C;G
13;32339758;A;G
13;32339760;A;T
13;32339760;A;G
13;32339761;A;C
13;32339762;A;G
13;32339763;C;A
13;32339763;CTG;C
13;32339765;G;A
13;32339766;T;C
13;32339769;A;G
13;32339770;TGAA;T
13;32339773;A;C
13;32339773;A;G
13;32339777;A;G
13;32339778;T;C
13;32339782;C;T
13;32339783;G;A
13;32339785;TGAG;T
13;32339787;A;C
13;32339788;G;A
13;32339789;G;A
13;32339791;A;T
13;32339791;A;C
13;32339792;C;A
13;32339795;G;T
13;32339797;G;T
13;32339800;T;C
13;32339804;T;G
13;32339805;C;G
13;32339808;C;A
13;32339809;A;G
13;32339810;C;T
13;32339811;C;T
13;32339812;C;G
13;32339814;G;A
13;32339815;C;T
13;32339817;A;G
13;32339818;A;C
13;32339820;A;T
13;32339825;A;C
13;32339829;C;T
13;32339834;A;G
13;32339839;A;G
13;32339842;G;T
13;32339845;C;G
13;32339845;C;T
13;32339846;A;G
13;32339847;T;C
13;32339850;C;G
13;32339850;C;A
13;32339852;A;G
13;32339853;A;G
13;32339854;T;G
13;32339855;A;T
13;32339855;A;G
13;32339856;G;T
13;32339858;A;G
13;32339872;A;G
13;32339875;G;A
13;32339880;C;T
13;32339882;G;T
13;32339884;A;T
13;32339884;A;C
13;32339888;A;G
13;32339890;G;C
13;32339891;A;G
13;32339892;T;C
13;32339893;A;G
13;32339896;CA;C
13;32339899;T;A
13;32339901;G;A
13;32339902;T;G
13;32339906;A;G
13;32339906;A;T
13;32339907;T;G
13;32339908;C;T
13;32339908;C;G
13;32339909;G;T
13;32339909;G;C
13;32339909;G;A
13;32339912;T;C
13;32339919;C;G
13;32339921;C;T
13;32339922;A;G
13;32339923;T;C
13;32339923;TG;T
13;32339927;A;G
13;32339928;CAATT;C
13;32339929;A;G
13;32339930;A;G
13;32339933;A;G
13;32339934;A;G
13;32339938;A;G
13;32339939;G;C
13;32339941;G;A
13;32339945;G;A
13;32339946;A;G
13;32339947;CAT;C
13;32339947;C;T
13;32339948;A;G
13;32339951;T;C
13;32339953;TACAG;T
13;32339954;A;G
13;32339957;G;T
13;32339957;GAC;G
13;32339958;A;G
13;32339959;C;T
13;32339960;A;G
13;32339961;G;A
13;32339965;C;G
13;32339965;C;T
13;32339965;CAGTAA;C
13;32339967;G;A
13;32339968;T;C
13;32339970;A;C
13;32339972;GTAAT;G
13;32339976;T;G
13;32339977;T;G
13;32339979;A;C
13;32339979;A;G
13;32339980;G;T
13;32339981;G;A
13;32339983;AAAC;A
13;32339985;AC;A
13;32339986;C;G
13;32339986;C;T
13;32339987;A;G
13;32339989;C;T
13;32339989;C;G
13;32339989;C;A
13;32339990;G;A
13;32339991;A;G
13;32339992;G;A
13;32339995;T;G
13;32339997;A;T
13;32339999;T;C
13;32340000;C;A
13;32340001;A;G
13;32340004;A;C
13;32340005;A;G
13;32340006;T;C
13;32340007;T;C
13;32340007;T;G
13;32340008;T;C
13;32340009;G;A
13;32340010;C;A
13;32340010;C;T
13;32340011;C;A
13;32340014;A;G
13;32340015;C;T
13;32340016;G;T
13;32340016;G;A
13;32340017;A;G
13;32340018;A;G
13;32340019;A;T
13;32340023;A;G
13;32340024;T;C
13;32340026;G;A
13;32340027;C;T
13;32340028;A;G
13;32340029;GGTT;G
13;32340030;G;A
13;32340032;T;G
13;32340035;T;TA
13;32340037;C;G
13;32340037;C;T
13;32340038;G;A
13;32340040;G;A
13;32340043;A;G
13;32340044;T;C
13;32340046;G;T
13;32340047;G;T
13;32340047;G;A
13;32340048;A;G
13;32340049;T;G
13;32340050;G;A
13;32340055;A;C
13;32340055;A;G
13;32340057;A;T
13;32340059;G;A
13;32340062;A;G
13;32340063;T;C
13;32340065;C;G
13;32340065;C;T
13;32340066;T;A
13;32340066;TTCATAACTC;T
13;32340068;C;A
13;32340069;A;T
13;32340069;A;G
13;32340070;T;C
13;32340072;ACT;A
13;32340073;C;T
13;32340074;T;G
13;32340077;CTAGAT;C
13;32340077;C;T
13;32340078;T;C
13;32340079;AGATAAT;A
13;32340079;A;G
13;32340080;G;C
13;32340080;G;A
13;32340080;GATA;G
13;32340083;A;G
13;32340084;A;G
13;32340084;A;T
13;32340085;T;C
13;32340088;T;G
13;32340088;T;C
13;32340089;G;T
13;32340090;A;C
13;32340090;A;G
13;32340090;A;T
13;32340092;T;C
13;32340092;T;G
13;32340095;A;G
13;32340096;G;C
13;32340096;G;T
13;32340096;G;A
13;32340097;C;T
13;32340099;C;T
13;32340100;G;A
13;32340101;C;T
13;32340101;C;G
13;32340101;CATTCACATA;C
13;32340102;A;G
13;32340107;C;T
13;32340107;CAT;C
13;32340108;A;G
13;32340108;A;C
13;32340112;G;T
13;32340113;GTTTTT;G
13;32340114;T;G
13;32340117;T;C
13;32340119;GC;G
13;32340121;T;G
13;32340122;G;T
13;32340123;A;C
13;32340124;C;T
13;32340125;A;G
13;32340125;A;T
13;32340128;C;T
13;32340132;G;A
13;32340133;T;C
13;32340135;A;G
13;32340136;A;C
13;32340137;G;A
13;32340137;G;T
13;32340139;A;C
13;32340140;A;G
13;32340142;T;C
13;32340142;T;G
13;32340145;A;C
13;32340148;ACAT;A
13;32340148;A;G
13;32340149;CAT;C
13;32340150;A;T
13;32340162;T;C
13;32340163;G;A
13;32340167;G;A
13;32340167;G;C
13;32340168;G;C
13;32340170;T;C
13;32340171;T;C
13;32340172;G;A
13;32340175;G;A
13;32340178;A;G
13;32340180;T;G
13;32340182;TC;T
13;32340184;TA;T
13;32340190;A;G
13;32340190;A;T
13;32340191;T;A
13;32340191;T;C
13;32340193;A;C
13;32340194;C;G
13;32340194;C;T
13;32340196;T;C
13;32340198;G;T
13;32340198;G;A
13;32340201;A;G
13;32340201;A;T
13;32340202;TGTTA;T
13;32340202;T;C
13;32340206;A;G
13;32340212;G;T
13;32340215;A;G
13;32340216;C;T
13;32340219;C;T
13;32340219;C;A
13;32340222;A;T
13;32340222;A;G
13;32340224;A;G
13;32340225;T;C
13;32340227;T;C
13;32340228;G;A
13;32340231;A;C
13;32340233;T;TGTA
13;32340233;TGTA;T
13;32340233;T;G
13;32340234;G;A
13;32340235;T;C
13;32340237;G;T
13;32340237;G;A
13;32340238;T;C
13;32340239;A;G
13;32340240;T;C
13;32340240;T;G
13;32340241;A;G
13;32340242;G;T
13;32340242;G;A
13;32340243;G;A
13;32340244;G;A
13;32340246;A;G
13;32340247;G;T
13;32340248;C;A
13;32340248;C;T
13;32340249;T;G
13;32340250;T;G
13;32340251;C;T
13;32340252;A;T
13;32340252;A;G
13;32340253;T;C
13;32340255;A;G
13;32340256;G;A
13;32340257;T;G
13;32340258;C;T
13;32340258;C;A
13;32340262;C;T
13;32340262;C;A
13;32340264;C;T
13;32340264;C;A
13;32340266;T;C
13;32340266;TC;T
13;32340268;T;C
13;32340272;A;C
13;32340274;T;C
13;32340276;C;T
13;32340277;T;C
13;32340279;G;C
13;32340279;G;A
13;32340280;T;C
13;32340282;G;T
13;32340282;G;A
13;32340283;G;T
13;32340284;A;AT
13;32340284;A;T
13;32340289;T;C
13;32340291;G;A
13;32340292;C;T
13;32340292;C;G
13;32340293;A;C
13;32340294;C;T
13;32340296;G;GC
13;32340297;C;A
13;32340300;G;A
13;32340300;GT;G
13;32340300;G;C
13;32340305;A;G
13;32340306;A;G
13;32340307;A;C
13;32340307;A;G
13;32340309;C;G
13;32340315;A;G
13;32340316;G;T
13;32340317;G;A
13;32340318;T;C
13;32340320;T;A
13;32340324;A;C
13;32340325;T;G
13;32340325;T;C
13;32340327;C;G
13;32340328;T;G
13;32340329;T;TCA
13;32340330;C;T
13;32340331;A;C
13;32340331;A;G
13;32340332;T;C
13;32340333;T;G
13;32340334;A;G
13;32340340;C;T
13;32340341;G;T
13;32340341;G;A
13;32340342;C;T
13;32340343;A;G
13;32340347;C;T
13;32340348;A;G
13;32340349;A;G
13;32340350;G;A
13;32340351;T;C
13;32340352;G;A
13;32340353;T;C
13;32340355;T;C
13;32340356;T;G
13;32340356;T;C
13;32340363;T;C
13;32340363;TAGA;T
13;32340367;A;G
13;32340368;G;T
13;32340369;A;T
13;32340369;A;G
13;32340369;A;C
13;32340371;A;G
13;32340372;G;C
13;32340373;T;A
13;32340375;C;T
13;32340375;C;A
13;32340377;A;G
13;32340378;A;AG
13;32340379;G;C
13;32340381;A;C
13;32340382;A;G
13;32340384;T;A
13;32340384;T;G
13;32340385;C;A
13;32340385;C;CT
13;32340385;C;T
13;32340385;CT;C
13;32340392;A;G
13;32340395;G;T
13;32340397;A;G
13;32340398;T;C
13;32340398;T;G
13;32340399;T;C
13;32340400;G;C
13;32340402;TTAAAAG;T
13;32340403;T;G
13;32340406;AAG;A
13;32340407;A;T
13;32340409;T;C
13;32340412;C;A
13;32340412;C;T
13;32340413;G;A
13;32340413;GAACA;G
13;32340413;G;C
13;32340414;A;G
13;32340417;A;T
13;32340420;C;G
13;32340422;G;C
13;32340424;C;T
13;32340425;C;G
13;32340426;A;G
13;32340427;G;C
13;32340428;C;G
13;32340432;C;CA
13;32340432;CAAGAG;C
13;32340432;C;T
13;32340433;A;C
13;32340433;A;G
13;32340436;A;G
13;32340437;G;T
13;32340439;A;C
13;32340439;A;G
13;32340441;A;G
13;32340443;A;G
13;32340444;A;G
13;32340445;T;C
13;32340450;C;T
13;32340451;T;A
13;32340452;A;G
13;32340453;T;TATTAA
13;32340453;T;A
13;32340455;C;A
13;32340455;C;T
13;32340456;G;A
13;32340460;T;C
13;32340461;C;T
13;32340462;C;G
13;32340462;C;T
13;32340464;G;A
13;32340464;G;T
13;32340467;C;G
13;32340467;C;A
13;32340467;C;T
13;32340470;T;A
13;32340472;A;C
13;32340473;A;G
13;32340475;A;C
13;32340476;T;C
13;32340478;C;G
13;32340479;C;A
13;32340479;CA;C
13;32340479;C;T
13;32340480;A;C
13;32340480;A;G
13;32340486;G;T
13;32340486;G;C
13;32340487;C;T
13;32340487;C;A
13;32340493;A;G
13;32340495;A;G
13;32340497;A;G
13;32340497;A;C
13;32340498;A;T
13;32340498;A;C
13;32340499;TGTG;T
13;32340499;T;C
13;32340500;G;T
13;32340504;T;G
13;32340504;T;C
13;32340505;A;C
13;32340510;C;G
13;32340512;T;C
13;32340514;T;C
13;32340519;T;C
13;32340525;G;A
13;32340525;G;T
13;32340526;A;G
13;32340527;T;C
13;32340527;T;A
13;32340528;T;A
13;32340531;G;A
13;32340531;GT;G
13;32340536;G;A
13;32340536;G;C
13;32340540;G;A
13;32340541;T;A
13;32340541;T;C
13;32340543;G;A
13;32340544;A;G
13;32340547;G;A
13;32340549;A;C
13;32340550;A;C
13;32340550;A;G
13;32340551;G;A
13;32340554;T;A
13;32340554;T;G
13;32340557;A;C
13;32340559;T;C
13;32340564;A;G
13;32340567;G;T
13;32340567;G;C
13;32340569;TC;T
13;32340570;C;G
13;32340570;C;A
13;32340571;C;G
13;32340575;C;T
13;32340575;C;A
13;32340577;C;A
13;32340580;A;C
13;32340581;G;A
13;32340585;A;C
13;32340586;G;A
13;32340586;G;C
13;32340586;G;T
13;32340588;G;T
13;32340589;AG;A
13;32340590;G;C
13;32340591;T;C
13;32340592;G;C
13;32340592;G;A
13;32340593;T;G
13;32340594;T;C
13;32340596;G;C
13;32340603;T;C
13;32340605;G;T
13;32340607;T;C
13;32340608;T;C
13;32340608;T;G
13;32340610;A;C
13;32340613;C;CCTCTAACTGAGGATTAAGA
13;32340613;C;G
13;32340618;C;T
13;32340619;T;C
13;32340620;G;T
13;32340621;AG;A
13;32340623;CA;C
13;32340623;CAT;C
13;32340623;C;T
13;32340624;A;G
13;32340626;A;C
13;32340628;T;A
13;32340629;CTT;C
13;32340632;C;T
13;32340633;A;G
13;32340633;A;T
13;32340633;A;C
13;32340636;A;G
13;32340636;A;C
13;32340641;C;T
13;32340642;C;G
13;32340643;T;G
13;32340644;A;G
13;32340645;C;T
13;32340646;G;A
13;32340648;C;G
13;32340648;C;T
13;32340650;A;G
13;32340651;G;A
13;32340651;G;C
13;32340651;GACAAAA;G
13;32340652;A;G
13;32340653;C;A
13;32340654;AAAATGT;A
13;32340654;A;G
13;32340655;A;G
13;32340656;A;C
13;32340658;T;C
13;32340658;T;TCC
13;32340659;G;A
13;32340661;A;T
13;32340666;A;G
13;32340668;A;G
13;32340670;A;G
13;32340672;T;C
13;32340672;TTCC;T
13;32340674;C;G
13;32340677;C;T
13;32340678;G;A
13;32340678;G;T
13;32340678;G;C
13;32340680;G;A
13;32340682;T;C
13;32340683;G;A
13;32340684;A;C
13;32340684;A;G
13;32340685;T;TA
13;32340685;T;A
13;32340685;TAAG;T
13;32340686;AAG;A
13;32340686;A;G
13;32340688;G;A
13;32340688;G;C
13;32340692;A;G
13;32340693;A;G
13;32340694;C;G
13;32340695;C;A
13;32340695;C;G
13;32340699;A;G
13;32340700;G;A
13;32340701;C;T
13;32340702;A;G
13;32340702;A;T
13;32340703;C;G
13;32340703;C;T
13;32340704;T;G
13;32340707;G;A
13;32340716;G;C
13;32340717;A;G
13;32340718;A;T
13;32340720;T;G
13;32340722;GA;G
13;32340722;G;GA
13;32340724;A;C
13;32340727;A;C
13;32340728;A;T
13;32340729;C;A
13;32340729;C;G
13;32340733;C;T
13;32340737;A;G
13;32340738;A;C
13;32340739;A;G
13;32340740;G;T
13;32340741;A;T
13;32340741;A;G
13;32340743;T;C
13;32340748;A;G
13;32340748;A;T
13;32340751;A;G
13;32340751;A;T
13;32340753;CAAA;C
13;32340753;C;T
13;32340754;A;G
13;32340755;A;G
13;32340755;A;C
13;32340756;ATAACT;A
13;32340756;A;G
13;32340758;A;T
13;32340758;A;C
13;32340760;C;G
13;32340765;A;G
13;32340766;T;A
13;32340767;G;T
13;32340768;T;A
13;32340770;G;A
13;32340771;A;T
13;32340772;A;G
13;32340773;G;A
13;32340774;G;T
13;32340777;G;T
13;32340778;T;G
13;32340779;T;C
13;32340782;T;G
13;32340785;G;A
13;32340786;A;G
13;32340787;A;C
13;32340789;A;G
13;32340790;T;C
13;32340792;A;G
13;32340794;C;T
13;32340795;A;G
13;32340796;C;G
13;32340796;C;T
13;32340797;T;G
13;32340797;T;C
13;32340798;C;A
13;32340798;CT;C
13;32340798;C;T
13;32340799;T;C
13;32340799;TATTAA;T
13;32340803;A;C
13;32340803;A;G
13;32340805;A;C
13;32340806;G;A
13;32340808;T;G
13;32340809;T;A
13;32340810;C;A
13;32340812;C;T
13;32340813;C;T
13;32340814;A;T
13;32340816;A;C
13;32340816;ATC;A
13;32340816;A;ATC
13;32340818;C;G
13;32340818;C;A
13;32340819;T;G
13;32340820;C;G
13;32340820;C;T
13;32340822;C;T
13;32340824;C;G
13;32340824;C;T
13;32340826;A;G
13;32340829;TCAA;T
13;32340830;C;G
13;32340831;A;G
13;32340831;A;C
13;32340832;A;G
13;32340834;A;G
13;32340835;A;G
13;32340836;G;A
13;32340836;G;C
13;32340836;GACAA;G
13;32340837;A;G
13;32340838;C;G
13;32340838;CAA;C
13;32340839;AAAC;A
13;32340840;A;G
13;32340841;A;G
13;32340844;A;G
13;32340845;CAGTT;C
13;32340848;T;C
13;32340851;G;T
13;32340855;T;C
13;32340856;A;G
13;32340857;G;A
13;32340858;G;A
13;32340859;A;C
13;32340863;A;G
13;32340864;A;G
13;32340865;A;C
13;32340868;G;C
13;32340868;G;T
13;32340869;T;C
13;32340869;T;G
13;32340870;C;T
13;32340871;A;G
13;32340876;T;C
13;32340878;G;C
13;32340880;G;C
13;32340881;A;G
13;32340882;A;ACATTCATG
13;32340883;C;T
13;32340885;T;A
13;32340885;T;C
13;32340886;T;A
13;32340887;C;G
13;32340888;A;G
13;32340889;T;C
13;32340890;G;GA
13;32340895;G;C
13;32340896;G;C
13;32340898;A;T
13;32340898;A;G
13;32340901;A;G
13;32340902;G;T
13;32340904;A;G
13;32340905;C;G
13;32340906;AG;A
13;32340906;A;G
13;32340908;G;A
13;32340908;G;C
13;32340909;C;T
13;32340914;C;T
13;32340915;C;T
13;32340916;T;C
13;32340917;A;G
13;32340922;C;A
13;32340922;C;T
13;32340923;G;A
13;32340923;G;T
13;32340925;A;C
13;32340932;G;T
13;32340935;A;G
13;32340936;T;C
13;32340937;T;C
13;32340940;TAA;T
13;32340941;A;G
13;32340944;A;G
13;32340945;CTG;C
13;32340945;C;T
13;32340948;A;G
13;32340951;CTTT;C
13;32340951;CTT;C
13;32340954;T;C
13;32340956;TC;T
13;32340958;T;C
13;32340960;A;T
13;32340961;T;C
13;32340962;G;T
13;32340965;C;T
13;32340966;C;A
13;32340966;C;T
13;32340967;T;C
13;32340968;G;A
13;32340969;T;G
13;32340971;AAAAC;A
13;32340974;A;G
13;32340976;A;G
13;32340978;A;T
13;32340978;A;G
13;32340979;T;C
13;32340980;A;G
13;32340981;T;C
13;32340981;T;A
13;32340982;A;C
13;32340987;T;C
13;32340988;T;C
13;32340991;T;C
13;32340993;C;T
13;32340993;C;G
13;32340995;A;G
13;32340996;C;T
13;32340996;CT;C
13;32340998;TACTC;T
13;32340999;A;G
13;32341000;C;T
13;32341001;T;G
13;32341002;C;G
13;32341002;C;T
13;32341007;G;C
13;32341007;G;T
13;32341007;G;A
13;32341012;A;G
13;32341014;A;C
13;32341016;A;T
13;32341020;A;G
13;32341023;T;C
13;32341024;T;C
13;32341025;G;C
13;32341028;A;G
13;32341030;A;G
13;32341031;G;A
13;32341032;A;G
13;32341032;A;C
13;32341038;T;C
13;32341042;A;C
13;32341043;A;G
13;32341046;G;A
13;32341046;G;C
13;32341048;T;C
13;32341048;T;G
13;32341049;A;G
13;32341050;A;T
13;32341053;C;A
13;32341055;T;C
13;32341061;G;C
13;32341061;G;A
13;32341062;A;T
13;32341062;A;G
13;32341063;AGAT;A
13;32341064;G;A
13;32341064;G;C
13;32341066;T;C
13;32341068;A;T
13;32341068;A;G
13;32341069;T;G
13;32341069;T;C
13;32341070;GAACTGACAGATTCTA;G
13;32341071;A;G
13;32341073;C;T
13;32341074;T;C
13;32341074;T;A
13;32341077;C;T
13;32341077;C;CA
13;32341077;CAG;C
13;32341079;G;A
13;32341080;A;T
13;32341089;T;A
13;32341090;G;GC
13;32341091;C;G
13;32341091;C;A
13;32341092;C;G
13;32341093;A;G
13;32341094;A;G
13;32341096;T;A
13;32341098;A;G
13;32341099;T;A
13;32341103;A;G
13;32341105;A;C
13;32341105;A;G
13;32341106;C;T
13;32341107;A;T
13;32341107;A;G
13;32341108;TTC;T
13;32341109;T;C
13;32341111;T;C
13;32341112;C;G
13;32341112;CT;C
13;32341115;T;C
13;32341116;T;A
13;32341117;T;C
13;32341119;C;T
13;32341120;A;G
13;32341120;A;T
13;32341121;T;C
13;32341122;G;A
13;32341126;C;G
13;32341126;C;T
13;32341127;G;GA
13;32341127;G;A
13;32341132;TGAG;T
13;32341134;A;G
13;32341138;A;C
13;32341138;A;G
13;32341139;A;G
13;32341140;T;TG
13;32341140;T;G
13;32341141;G;T
13;32341141;G;A
13;32341145;T;C
13;32341146;T;G
13;32341147;G;C
13;32341149;C;A
13;32341151;A;C
13;32341157;A;G
13;32341158;G;A
13;32341158;G;C
13;32341160;ATTGGAAAAAGAAGAGGAGAGCCCC;A
13;32341161;T;C
13;32341162;T;C
13;32341163;G;A
13;32341164;GA;G
13;32341165;A;G
13;32341167;AAAG;A
13;32341167;A;G
13;32341168;AAGAAG;A
13;32341170;G;A
13;32341172;AGAG;A
13;32341173;G;A
13;32341176;G;T
13;32341178;G;A
13;32341182;C;A
13;32341183;C;T
13;32341184;C;G
13;32341187;A;G
13;32341190;T;C
13;32341192;A;T
13;32341192;A;G
13;32341193;G;T
13;32341194;T;C
13;32341194;TG;T
13;32341196;G;C
13;32341197;G;A
13;32341199;A;G
13;32341203;G;A
13;32341206;C;A
13;32341207;A;G
13;32341211;T;C
13;32341213;A;G
13;32341214;C;T
13;32341214;C;A
13;32341215;CT;C
13;32341215;C;G
13;32341219;C;T
13;32341219;C;G
13;32341220;G;A
13;32341220;G;C
13;32341222;G;A
13;32341224;T;G
13;32341226;C;A
13;32341227;C;A
13;32341228;A;C
13;32341228;A;G
13;32341229;A;G
13;32341230;T;C
13;32341231;C;T
13;32341233;C;CT
13;32341233;C;T
13;32341234;T;A
13;32341235;A;T
13;32341235;A;AT
13;32341235;AT;A
13;32341235;A;G
13;32341236;T;G
13;32341240;T;A
13;32341243;AGT;A
13;32341250;A;T
13;32341250;A;G
13;32341251;T;G
13;32341253;C;T
13;32341258;G;T
13;32341259;A;G
13;32341261;T;C
13;32341263;G;A
13;32341264;G;T
13;32341264;G;C
13;32341266;A;G
13;32341266;A;T
13;32341268;G;A
13;32341269;C;G
13;32341270;T;C
13;32341271;A;T
13;32344485;T;C
13;32344485;T;A
13;32344486;G;T
13;32344487;G;C
13;32344488;T;C
13;32344490;T;C
13;32344491;A;C
13;32344491;A;G
13;32344493;A;T
13;32344493;A;G
13;32344495;A;G
13;32344496;C;A
13;32344497;T;G
13;32344499;T;C
13;32344502;A;T
13;32344506;A;C
13;32344507;T;C
13;32344509;A;T
13;32344509;A;C
13;32344511;AC;A
13;32344512;CTG;C
13;32344514;G;A
13;32344515;A;C
13;32344517;A;T
13;32344518;T;C
13;32344519;T;G
13;32344519;T;A
13;32344520;A;T
13;32344524;G;A
13;32344525;C;A
13;32344526;CTTAAAAACATATATGAAATATTTCTTTT;C
13;32344528;TA;T
13;32344529;A;T
13;32344534;CAT;C
13;32344535;A;C
13;32344535;A;G
13;32344536;T;A
13;32344537;A;G
13;32344538;T;A
13;32344538;T;C
13;32344539;A;T
13;32344539;A;C
13;32344539;A;G
13;32344544;A;G
13;32344544;A;T
13;32344545;TATTTC;T
13;32344547;T;C
13;32344547;T;A
13;32344550;C;T
13;32344550;C;G
13;32344551;T;G
13;32344553;T;C
13;32344555;T;C
13;32344555;TA;T
13;32344556;A;C
13;32344557;G;A
13;32344558;G;A
13;32344558;G;T
13;32344560;G;A
13;32344562;A;G
13;32344563;C;G
13;32344563;C;A
13;32344564;C;A
13;32344564;C;T
13;32344565;C;G
13;32344566;T;G
13;32344568;A;G
13;32344569;A;G
13;32344569;A;C
13;32344571;CAAAAG;C
13;32344572;A;C
13;32344575;A;T
13;32344575;A;G
13;32344578;A;C
13;32344579;A;T
13;32344581;T;C
13;32344584;T;C
13;32344587;A;G
13;32344591;A;G
13;32344591;A;C
13;32344593;T;C
13;32344595;T;G
13;32344600;G;A
13;32344600;G;C
13;32344601;G;A
13;32344602;A;T
13;32344602;A;C
13;32344604;A;G
13;32344604;A;T
13;32344607;A;C
13;32344607;A;G
13;32344608;G;A
13;32344610;A;T
13;32344611;A;G
13;32344614;C;CAAGAAAAA
13;32344616;A;G
13;32344617;G;C
13;32344617;G;A
13;32344621;A;T
13;32344622;A;G
13;32344624;C;T
13;32344625;C;T
13;32344628;A;G
13;32344629;A;G
13;32344631;G;A
13;32344631;G;C
13;32344632;G;T
13;32344632;G;C
13;32344633;C;T
13;32344637;A;G
13;32344638;A;G
13;32344639;A;C
13;32344642;G;A
13;32344643;C;T
13;32344645;C;T
13;32344645;C;A
13;32344647;C;A
13;32344650;G;C
13;32344651;A;G
13;32344651;A;T
13;32344660;T;G
13;32344661;T;C
13;32344662;A;C
13;32344663;G;A
13;32344664;CTTTTTA;C
13;32344664;CT;C
13;32344664;C;G
13;32344666;T;G
13;32344666;T;C
13;32344668;T;C
13;32344669;T;C
13;32344670;A;T
13;32344671;TTTA;T
13;32344674;A;T
13;32344674;A;G
13;32344675;T;C
13;32344676;A;G
13;32344678;C;G
13;32344680;G;A
13;32344682;T;A
13;32344683;C;G
13;32344683;C;A
13;32344687;C;T
13;32344690;T;C
13;32344691;A;C
13;32344691;A;G
13;32344691;A;T
13;32344694;G;C
13;32344695;G;T
13;32344695;G;A
13;32344697;A;G
13;32344697;A;C
13;32344699;G;A
13;32344700;G;A
13;32344702;A;G
13;32344704;A;G
13;32344705;T;C
13;32344706;A;C
13;32344707;ATAT;A
13;32344709;A;ATTACTAATTTTAACATTAATCAATTTACAT
13;32344709;A;T
13;32344710;T;G
13;32344712;C;A
13;32344714;G;T
13;32344715;A;C
13;32344716;C;T
13;32344717;C;T
13;32344718;T;G
13;32344720;A;C
13;32344720;A;G
13;32344723;T;TG
13;32344723;T;A
13;32344726;TC;T
13;32344727;C;G
13;32344727;C;T
13;32344728;C;A
13;32346754;T;C
13;32346755;T;C
13;32346756;G;C
13;32346760;A;G
13;32346766;A;G
13;32346768;T;C
13;32346772;A;G
13;32346772;AT;A
13;32346773;T;G
13;32346775;G;T
13;32346775;G;A
13;32346781;CT;C
13;32346783;C;A
13;32346784;T;C
13;32346785;T;C
13;32346787;G;T
13;32346788;A;AT
13;32346792;T;G
13;32346794;A;G
13;32346795;C;G
13;32346795;C;T
13;32346795;CTAATATG;C
13;32346799;T;A
13;32346800;A;G
13;32346801;T;C
13;32346804;A;G
13;32346806;T;TATA
13;32346806;TATAAA;T
13;32346807;A;G
13;32346808;T;A
13;32346812;A;G
13;32346817;T;C
13;32346818;G;A
13;32346824;T;C
13;32346824;T;A
13;32346827;GCA;G
13;32346830;C;A
13;32346830;C;T
13;32346830;CAATA;C
13;32346831;A;G
13;32346832;A;C
13;32346834;A;G
13;32346834;A;C
13;32346835;A;G
13;32346836;A;G
13;32346841;C;T
13;32346841;C;G
13;32346842;G;A
13;32346845;G;C
13;32346846;A;G
13;32346846;A;C
13;32346847;T;TTGTTTA
13;32346848;T;C
13;32346849;G;A
13;32346852;T;C
13;32346853;A;G
13;32346854;T;C
13;32346855;G;A
13;32346855;G;T
13;32346859;C;T
13;32346860;A;C
13;32346860;A;G
13;32346862;G;C
13;32346864;T;C
13;32346866;CT;C
13;32346867;T;G
13;32346869;T;C
13;32346872;A;G
13;32346872;A;C
13;32346873;G;C
13;32346875;C;T
13;32346876;G;A
13;32346877;A;G
13;32346878;T;TTACCTGG
13;32346879;T;G
13;32346880;A;G
13;32346883;T;C
13;32346884;G;C
13;32346884;G;GT
13;32346885;T;C
13;32346886;G;GT
13;32346890;C;CAAA
13;32346890;C;A
13;32346890;C;T
13;32346891;C;CA
13;32346893;T;G
13;32346894;T;C
13;32346895;C;T
13;32346896;G;C
13;32346896;G;A
13;32346896;G;T
13;32346897;G;C
13;32346898;T;C
13;32346900;A;C
13;32346901;G;A
13;32346902;A;T
13;32346903;CAT;C
13;32346912;A;G
13;32346913;T;G
13;32346914;T;A
13;32346918;C;A
13;32346920;A;G
13;32346925;C;G
13;32346926;T;C
13;32346927;A;C
13;32346927;A;G
13;32346927;A;T
13;32346929;T;TA
13;32346930;A;G
13;32346931;C;T
13;32346932;A;G
13;32346936;T;C
13;32346944;G;A
13;32346944;G;T
13;32346946;C;A
13;32346948;C;T
13;32346948;C;A
13;32346949;GT;G
13;32346949;G;A
13;32346951;T;A
13;32346953;T;A
13;32346954;TATAA;T
13;32346954;T;C
13;32346956;T;A
13;32346957;A;G
13;32346965;A;T
13;32346966;T;G
13;32346970;T;G
13;32354788;G;A
13;32354789;C;A
13;32354791;A;G
13;32354792;C;T
13;32354792;C;A
13;32354795;A;T
13;32354796;G;C
13;32354797;G;A
13;32354798;C;A
13;32354799;A;G
13;32354804;C;G
13;32354805;C;G
13;32354809;A;G
13;32354810;T;C
13;32354811;A;G
13;32354812;T;C
13;32354813;T;TTA
13;32354815;A;G
13;32354817;A;G
13;32354819;G;C
13;32354819;G;A
13;32354820;T;C
13;32354822;T;A
13;32354823;A;G
13;32354823;AC;A
13;32354826;A;T
13;32354827;G;A
13;32354828;T;G
13;32354828;T;C
13;32354829;C;A
13;32354830;A;C
13;32354831;A;G
13;32354831;A;C
13;32354831;A;T
13;32354836;C;G
13;32354836;CTT;C
13;32354836;C;T
13;32354837;T;G
13;32354837;TTATA;T
13;32354838;T;G
13;32354839;A;G
13;32354839;AT;A
13;32354840;T;C
13;32354841;A;G
13;32354841;ATATT;A
13;32354843;AT;A
13;32354846;T;G
13;32354848;C;G
13;32354849;T;C
13;32354850;C;T
13;32354851;C;A
13;32354852;C;T
13;32354854;A;AT
13;32354854;A;G
13;32354855;T;C
13;32354859;A;T
13;32354860;G;A
13;32354861;C;T
13;32354862;A;G
13;32354863;C;T
13;32354868;A;C
13;32354870;G;C
13;32354874;C;T
13;32354875;G;A
13;32354877;C;G
13;32354878;A;C
13;32354879;A;G
13;32354883;A;G
13;32354884;T;G
13;32354886;C;G
13;32354887;A;G
13;32354890;A;G
13;32354892;C;G
13;32354892;C;A
13;32354893;C;A
13;32354895;A;C
13;32354896;A;G
13;32354898;T;C
13;32354901;A;C
13;32354902;C;T
13;32354903;C;T
13;32354904;G;A
13;32354904;G;T
13;32354904;G;C
13;32354905;C;G
13;32354908;C;T
13;32354909;T;A
13;32354910;G;C
13;32354913;C;G
13;32354915;A;G
13;32354916;G;A
13;32354916;G;T
13;32354917;A;G
13;32354919;T;G
13;32354920;TTC;T
13;32354921;T;A
13;32354921;T;C
13;32354922;C;A
13;32354922;C;T
13;32354924;G;A
13;32354924;G;C
13;32354925;T;C
13;32354926;C;G
13;32354934;C;T
13;32354935;A;G
13;32354939;G;A
13;32354941;A;G
13;32354943;G;A
13;32354946;C;T
13;32354948;T;A
13;32354949;C;G
13;32354951;G;A
13;32354953;C;T
13;32354955;T;G
13;32354957;G;A
13;32354959;A;G
13;32354964;T;C
13;32354965;C;A
13;32354967;T;G
13;32354967;T;C
13;32354968;C;G
13;32354971;G;A
13;32354974;A;G
13;32354979;G;A
13;32354981;A;G
13;32354989;G;A
13;32354990;A;G
13;32354994;C;G
13;32354994;C;T
13;32354995;C;A
13;32354995;C;T
13;32354996;A;AT
13;32355000;T;C
13;32355003;C;A
13;32355010;C;A
13;32355013;C;T
13;32355014;T;C
13;32355015;A;G
13;32355021;A;G
13;32355023;T;G
13;32355024;G;GA
13;32355025;A;G
13;32355027;A;G
13;32355030;A;G
13;32355031;T;C
13;32355033;A;T
13;32355034;G;C
13;32355035;A;G
13;32355037;A;C
13;32355039;T;C
13;32355041;G;A
13;32355041;G;T
13;32355042;ATTAC;A
13;32355044;T;A
13;32355044;T;C
13;32355046;C;G
13;32355048;A;G
13;32355049;C;T
13;32355050;A;G
13;32355051;G;A
13;32355052;G;A
13;32355053;C;A
13;32355054;A;G
13;32355068;CTT;C
13;32355068;C;T
13;32355070;T;C
13;32355070;TTG;T
13;32355072;G;A
13;32355074;T;A
13;32355075;C;T
13;32355075;C;G
13;32355077;A;G
13;32355078;C;A
13;32355079;C;T
13;32355084;A;G
13;32355085;A;C
13;32355086;A;C
13;32355087;A;G
13;32355088;C;T
13;32355088;C;G
13;32355088;C;A
13;32355092;A;G
13;32355094;C;T
13;32355095;A;T
13;32355095;A;G
13;32355096;C;T
13;32355097;AT;A
13;32355097;A;G
13;32355101;TCA;T
13;32355102;C;A
13;32355103;A;C
13;32355103;A;G
13;32355104;C;G
13;32355105;A;G
13;32355106;G;C
13;32355109;T;C
13;32355110;T;C
13;32355115;A;C
13;32355116;G;C
13;32355120;G;T
13;32355120;G;A
13;32355124;G;C
13;32355131;T;A
13;32355132;A;C
13;32355137;G;A
13;32355140;G;A
13;32355143;A;G
13;32355147;A;G
13;32355148;G;A
13;32355152;A;G
13;32355154;A;C
13;32355156;C;G
13;32355157;A;G
13;32355158;A;G
13;32355160;A;T
13;32355162;A;G
13;32355164;T;C
13;32355164;T;A
13;32355165;G;T
13;32355165;G;A
13;32355166;A;G
13;32355166;A;T
13;32355169;G;A
13;32355170;A;G
13;32355172;A;G
13;32355173;T;C
13;32355175;G;C
13;32355177;T;C
13;32355181;A;G
13;32355182;T;C
13;32355182;T;A
13;32355184;A;T
13;32355187;G;A
13;32355189;A;G
13;32355190;A;C
13;32355190;A;G
13;32355192;A;G
13;32355193;A;C
13;32355194;TAA;T
13;32355194;T;C
13;32355196;A;G
13;32355200;T;C
13;32355200;T;G
13;32355202;A;T
13;32355203;T;C
13;32355204;G;A
13;32355205;A;G
13;32355207;A;G
13;32355208;A;G
13;32355209;T;C
13;32355211;A;C
13;32355212;GA;G
13;32355213;A;T
13;32355214;T;G
13;32355217;A;G
13;32355220;A;C
13;32355221;G;C
13;32355223;T;G
13;32355226;A;C
13;32355229;A;G
13;32355229;AAAAC;A
13;32355232;A;G
13;32355237;T;C
13;32355239;C;A
13;32355240;A;G
13;32355241;A;G
13;32355242;T;A
13;32355243;C;G
13;32355245;A;G
13;32355247;C;T
13;32355249;G;A
13;32355250;T;C
13;32355251;A;T
13;32355252;G;A
13;32355253;C;T
13;32355255;G;A
13;32355256;T;C
13;32355256;T;A
13;32355257;A;C
13;32355264;A;G
13;32355266;A;G
13;32355268;A;T
13;32355268;AGT;A
13;32355268;A;C
13;32355269;G;A
13;32355271;G;A
13;32355272;TGAA;T
13;32355272;T;C
13;32355273;G;A
13;32355276;GA;G
13;32355277;A;G
13;32355281;A;G
13;32355282;C;A
13;32355283;C;A
13;32355283;C;CT
13;32355284;T;C
13;32355287;A;T
13;32355287;A;C
13;32355290;T;A
13;32355293;T;G
13;32355293;T;C
13;32355294;G;A
13;32355296;A;G
13;32355298;G;A
13;32355301;A;AATTT
13;32355301;A;G
13;32355302;AT;A
13;32355302;A;G
13;32355304;T;C
13;32355306;G;C
13;32355308;G;A
13;32355309;T;G
13;32355311;A;G
13;32355313;G;C
13;32355315;A;G
13;32355316;T;G
13;32355317;T;C
13;32355322;C;T
13;32355324;T;C
13;32355328;A;G
13;32355332;A;C
13;32355333;G;C
13;32355334;A;G
13;32355335;T;C
13;32355339;T;C
13;32355340;C;A
13;32355341;C;T
13;32355342;G;A
13;32355342;G;T
13;32355344;T;C
13;32355349;A;C
13;32355354;T;C
13;32355354;T;A
13;32355355;G;C
13;32355357;C;T
13;32355359;T;C
13;32355361;A;T
13;32356353;A;G
13;32356354;G;C
13;32356356;C;T
13;32356358;C;T
13;32356359;T;C
13;32356360;G;A
13;32356362;G;T
13;32356364;C;T
13;32356366;G;A
13;32356368;C;T
13;32356368;C;A
13;32356370;A;G
13;32356371;G;A
13;32356374;G;A
13;32356376;T;C
13;32356377;G;A
13;32356379;G;A
13;32356380;C;A
13;32356383;T;C
13;32356385;T;G
13;32356386;A;C
13;32356390;T;G
13;32356391;T;C
13;32356392;C;G
13;32356392;C;A
13;32356394;A;G
13;32356395;T;C
13;32356395;T;A
13;32356398;T;G
13;32356398;T;A
13;32356398;T;C
13;32356404;TG;T
13;32356406;C;G
13;32356409;A;G
13;32356410;G;A
13;32356412;A;G
13;32356414;T;G
13;32356415;T;G
13;32356416;A;G
13;32356416;A;T
13;32356417;T;C
13;32356418;T;C
13;32356418;T;A
13;32356419;C;A
13;32356424;A;G
13;32356428;A;G
13;32356430;T;G
13;32356431;T;C
13;32356433;A;T
13;32356433;A;G
13;32356436;A;G
13;32356437;C;G
13;32356438;A;G
13;32356439;A;G
13;32356440;G;C
13;32356440;G;A
13;32356445;C;A
13;32356445;C;T
13;32356449;A;G
13;32356454;A;G
13;32356455;G;A
13;32356456;A;G
13;32356456;A;C
13;32356457;G;T
13;32356458;A;G
13;32356459;T;C
13;32356461;T;C
13;32356462;A;G
13;32356463;C;T
13;32356464;A;G
13;32356465;G;A
13;32356468;T;C
13;32356469;A;T
13;32356470;T;C
13;32356470;T;G
13;32356472;C;T
13;32356472;C;A
13;32356473;G;A
13;32356474;A;T
13;32356475;A;AT
13;32356476;T;C
13;32356477;TAAG;T
13;32356480;G;C
13;32356480;GAAGA;G
13;32356483;G;A
13;32356485;A;C
13;32356487;C;A
13;32356487;C;G
13;32356489;A;G
13;32356491;G;A
13;32356491;G;C
13;32356495;A;T
13;32356495;A;G
13;32356496;C;T
13;32356497;G;A
13;32356498;C;G
13;32356498;C;T
13;32356499;G;A
13;32356500;T;G
13;32356501;C;T
13;32356501;C;G
13;32356504;T;A
13;32356507;A;G
13;32356508;C;T
13;32356510;G;A
13;32356510;G;T
13;32356512;C;A
13;32356513;A;G
13;32356514;G;A
13;32356515;G;A
13;32356516;C;T
13;32356522;G;A
13;32356523;T;C
13;32356526;C;T
13;32356529;G;A
13;32356529;G;C
13;32356530;C;CA
13;32356530;C;A
13;32356530;C;T
13;32356531;A;G
13;32356532;A;G
13;32356536;C;T
13;32356537;A;G
13;32356539;C;T
13;32356539;C;G
13;32356540;C;T
13;32356541;A;G
13;32356541;A;C
13;32356542;C;G
13;32356546;G;GC
13;32356546;G;C
13;32356548;C;T
13;32356548;C;G
13;32356550;C;T
13;32356551;G;A
13;32356551;G;T
13;32356551;G;C
13;32356553;A;G
13;32356553;ATC;A
13;32356555;C;A
13;32356557;C;T
13;32356559;C;T
13;32356561;G;A
13;32356561;G;C
13;32356567;A;T
13;32356568;GCAGT;G
13;32356570;A;G
13;32356571;G;T
13;32356571;G;GT
13;32356572;T;C
13;32356574;G;GA
13;32356575;G;A
13;32356577;G;A
13;32356580;C;T
13;32356581;A;C
13;32356581;A;G
13;32356582;A;G
13;32356585;T;A
13;32356586;C;T
13;32356587;C;T
13;32356588;C;G
13;32356588;C;T
13;32356590;C;G
13;32356590;C;T
13;32356592;G;A
13;32356593;C;T
13;32356594;G;T
13;32356594;G;C
13;32356594;G;A
13;32356596;G;A
13;32356597;T;G
13;32356602;A;G
13;32356603;T;G
13;32356607;C;T
13;32356608;A;G
13;32356609;G;T
13;32356610;G;A
13;32356610;G;GT
13;32356611;T;G
13;32356612;A;G
13;32356613;T;C
13;32356613;T;G
13;32356614;G;C
13;32356615;T;A
13;32356619;TG;T
13;32356620;G;C
13;32356620;G;A
13;32356622;C;T
13;32356625;C;T
13;32356627;A;G
13;32356628;T;C
13;32356629;A;G
13;32356631;T;G
13;32356634;T;C
13;32356636;G;T
13;32356637;C;T
13;32356639;T;G
13;32356639;T;C
13;32356640;T;C
13;32356644;G;A
13;32356645;A;T
13;32356646;C;T
13;32356646;CAG;C
13;32356647;A;G
13;32356648;G;C
13;32356648;G;A
13;32356650;G;A
13;32356651;T;A
13;32356652;G;A
13;32356655;A;AT
13;32356659;T;C
13;32356662;T;G
13;32356664;C;A
13;32356669;A;G
13;32356670;C;T
13;32356672;A;G
13;32356675;A;G
13;32356677;C;CA
13;32356680;C;A
13;32356681;A;C
13;32356682;A;C
13;32356682;A;G
13;32357667;TATA;T
13;32357668;A;G
13;32357669;T;C
13;32357669;T;G
13;32357671;A;T
13;32357671;A;G
13;32357674;GT;G
13;32357674;G;T
13;32357674;GTTTTTA;G
13;32357676;T;C
13;32357677;TTTA;T
13;32357678;T;G
13;32357680;A;G
13;32357681;T;C
13;32357683;G;T
13;32357683;G;A
13;32357684;T;G
13;32357685;G;A
13;32357686;T;A
13;32357687;G;A
13;32357689;T;C
13;32357690;A;C
13;32357690;A;T
13;32357692;A;G
13;32357692;A;T
13;32357693;T;C
13;32357694;GTTTAC;G
13;32357698;A;T
13;32357701;T;G
13;32357705;A;G
13;32357707;T;G
13;32357708;G;GT
13;32357708;GTTTTTC;G
13;32357710;TTTTC;T
13;32357711;T;G
13;32357712;T;G
13;32357714;CT;C
13;32357714;C;CTT
13;32357714;CTT;C
13;32357714;C;CT
13;32357715;T;A
13;32357716;T;C
13;32357716;T;G
13;32357716;TTTTTG;T
13;32357717;T;C
13;32357718;T;TTTGTGTGTG
13;32357718;T;C
13;32357719;T;TTG
13;32357719;TTG;T
13;32357719;T;G
13;32357719;TTGTG;T
13;32357720;T;C
13;32357721;G;A
13;32357721;G;T
13;32357723;G;A
13;32357723;G;T
13;32357724;T;C
13;32357725;GTGTT;G
13;32357725;G;C
13;32357725;G;T
13;32357726;T;G
13;32357726;T;A
13;32357731;A;G
13;32357733;T;C
13;32357737;T;C
13;32357737;T;G
13;32357739;T;C
13;32357742;C;A
13;32357744;G;A
13;32357749;C;T
13;32357749;C;A
13;32357750;G;C
13;32357750;G;A
13;32357752;A;G
13;32357753;T;C
13;32357754;G;C
13;32357755;G;A
13;32357756;C;G
13;32357756;C;T
13;32357757;G;A
13;32357759;T;A
13;32357761;C;T
13;32357761;C;G
13;32357762;T;C
13;32357763;A;G
13;32357767;A;G
13;32357768;T;C
13;32357770;G;A
13;32357771;C;T
13;32357772;A;C
13;32357772;A;G
13;32357773;TA;T
13;32357774;A;T
13;32357775;A;C
13;32357776;AAATT;A
13;32357780;T;A
13;32357780;TAAC;T
13;32357783;C;T
13;32357784;A;G
13;32357785;G;A
13;32357787;A;G
13;32357788;A;G
13;32357791;A;C
13;32357791;A;T
13;32357793;G;A
13;32357794;CAG;C
13;32357795;A;G
13;32357797;A;T
13;32357800;CTT;C
13;32357800;C;G
13;32357804;T;G
13;32357805;C;T
13;32357806;A;G
13;32357806;A;T
13;32357807;G;A
13;32357808;T;C
13;32357812;A;G
13;32357813;C;T
13;32357814;A;C
13;32357815;C;G
13;32357816;T;C
13;32357817;G;A
13;32357818;A;C
13;32357820;G;GA
13;32357820;G;T
13;32357821;A;T
13;32357823;T;G
13;32357824;A;T
13;32357829;GGTAAGGAAA;G
13;32357830;G;A
13;32357833;A;C
13;32357834;G;A
13;32357835;G;A
13;32357836;A;G
13;32357838;A;G
13;32357849;T;C
13;32357850;G;A
13;32357863;A;G
13;32357865;T;C
13;32357867;G;A
13;32357868;G;A
13;32357868;G;C
13;32357871;G;A
13;32357873;T;C
13;32357875;G;A
13;32357877;G;A
13;32357879;A;G
13;32357880;T;C
13;32357881;G;A
13;32357882;G;C
13;32357883;C;T
13;32357883;C;G
13;32357885;CA;C
13;32357886;A;G
13;32357888;A;T
13;32357889;C;A
13;32357890;C;A
13;32357891;C;G
13;32357891;C;T
13;32357892;T;C
13;32357893;C;G
13;32357895;A;G
13;32357895;A;C
13;32357896;A;G
13;32357897;T;C
13;32357899;A;G
13;32357901;G;A
13;32357905;A;G
13;32357906;G;T
13;32357907;G;T
13;32357907;G;C
13;32357909;T;TGGG
13;32357910;G;A
13;32357912;A;T
13;32357913;AAAG;A
13;32357920;A;C
13;32357928;A;G
13;32357929;G;A
13;32357930;G;A
13;32357932;A;C
13;32357933;C;T
13;32357935;CTA;C
13;32357935;C;G
13;32357937;A;G
13;32357938;T;A
13;32357939;G;T
13;32357939;G;A
13;32357940;C;A
13;32357942;A;G
13;32357949;T;A
13;32357951;T;C
13;32357952;G;A
13;32357954;G;A
13;32357954;G;T
13;32357955;T;C
13;32357956;T;C
13;32357958;A;C
13;32357959;CTTTT;C
13;32357963;T;G
13;32357964;A;G
13;32357966;G;A
13;32357967;T;C
13;32357968;A;G
13;32357971;C;A
13;32357972;C;G
13;32357973;C;G
13;32357973;C;T
13;32357975;C;A
13;32357976;A;G
13;32357978;C;A
13;32357980;C;T
13;32357981;T;C
13;32357982;C;T
13;32357983;T;C
13;32357984;TTCTTC;T
13;32357986;C;A
13;32357988;TCTC;T
13;32357989;C;G
13;32357990;T;C
13;32357994;A;G
13;32357999;T;C
13;32358001;T;C
13;32358002;C;T
13;32358004;C;A
13;32358004;C;T
13;32358004;C;G
13;32362442;G;C
13;32362442;G;A
13;32362442;G;T
13;32362445;C;T
13;32362446;A;C
13;32362451;A;T
13;32362453;AGTT;A
13;32362455;T;C
13;32362456;TGTA;T
13;32362457;G;A
13;32362458;T;C
13;32362458;T;G
13;32362461;T;C
13;32362463;G;A
13;32362463;G;C
13;32362466;G;T
13;32362466;GA;G
13;32362472;A;C
13;32362472;A;G
13;32362473;GTATCATCC;G
13;32362475;A;G
13;32362475;A;T
13;32362477;C;T
13;32362479;T;C
13;32362479;T;G
13;32362480;C;A
13;32362481;C;T
13;32362481;C;A
13;32362483;A;T
13;32362483;A;C
13;32362483;A;G
13;32362485;G;A
13;32362486;T;A
13;32362487;G;C
13;32362494;A;G
13;32362497;A;G
13;32362498;T;G
13;32362498;T;C
13;32362504;T;C
13;32362505;C;T
13;32362508;CT;C
13;32362509;T;C
13;32362509;T;A
13;32362512;T;C
13;32362512;T;G
13;32362513;A;T
13;32362516;TG;T
13;32362517;G;C
13;32362517;G;T
13;32362519;T;C
13;32362520;C;A
13;32362524;G;T
13;32362524;G;A
13;32362525;C;T
13;32362527;CTG;C
13;32362529;G;A
13;32362531;G;A
13;32362534;A;G
13;32362535;C;T
13;32362537;C;T
13;32362539;C;A
13;32362539;C;G
13;32362540;C;A
13;32362543;G;C
13;32362543;G;A
13;32362545;G;A
13;32362546;T;C
13;32362547;G;T
13;32362547;G;A
13;32362548;GATCCAA;G
13;32362549;A;G
13;32362551;C;T
13;32362551;C;A
13;32362553;A;C
13;32362556;G;A
13;32362556;GCTTA;G
13;32362558;T;C
13;32362563;T;G
13;32362564;C;T
13;32362564;C;A
13;32362566;A;G
13;32362569;A;C
13;32362570;T;C
13;32362579;A;G
13;32362582;A;G
13;32362585;A;G
13;32362586;C;T
13;32362588;A;G
13;32362589;T;C
13;32362591;G;A
13;32362591;G;T
13;32362592;A;G
13;32362592;A;T
13;32362593;T;G
13;32362595;G;A
13;32362595;G;C
13;32362596;A;T
13;32362598;C;A
13;32362599;A;G
13;32362600;T;TA
13;32362600;T;C
13;32362601;A;G
13;32362603;G;A
13;32362606;A;G
13;32362607;A;G
13;32362609;T;C
13;32362611;G;A
13;32362612;C;T
13;32362613;A;T
13;32362614;G;T
13;32362615;C;G
13;32362616;T;A
13;32362617;A;G
13;32362619;G;A
13;32362620;G;C
13;32362624;G;A
13;32362626;GCCTTT;G
13;32362626;G;A
13;32362629;T;C
13;32362631;T;G
13;32362632;C;G
13;32362633;C;T
13;32362640;A;G
13;32362641;T;C
13;32362642;T;C
13;32362643;T;C
13;32362644;G;T
13;32362645;C;G
13;32362645;C;T
13;32362647;A;G
13;32362648;A;G
13;32362650;A;G
13;32362650;AG;A
13;32362650;A;T
13;32362651;G;A
13;32362655;C;T
13;32362656;C;T
13;32362656;C;G
13;32362658;A;G
13;32362662;C;G
13;32362663;C;CA
13;32362664;A;C
13;32362664;A;G
13;32362665;G;A
13;32362666;A;G
13;32362669;G;C
13;32362670;G;T
13;32362671;G;T
13;32362671;G;A
13;32362672;T;G
13;32362675;T;C
13;32362678;T;C
13;32362681;A;G
13;32362682;A;G
13;32362683;C;T
13;32362685;A;G
13;32362686;A;T
13;32362687;A;C
13;32362688;A;C
13;32362692;A;G
13;32362693;G;A
13;32362695;C;T
13;32362697;A;G
13;32362698;G;C
13;32362698;G;A
13;32362701;TA;T
13;32362705;G;A
13;32362707;A;G
13;32362710;A;G
13;32362711;C;A
13;32362712;A;G
13;32362714;T;G
13;32362716;C;A
13;32362716;C;T
13;32362717;G;A
13;32362718;T;A
13;32362720;A;G
13;32362723;A;G
13;32362726;T;G
13;32362728;C;A
13;32362728;C;T
13;32362729;G;A
13;32362730;G;A
13;32362730;G;T
13;32362734;T;C
13;32362735;A;G
13;32362737;G;A
13;32362738;G;C
13;32362742;A;G
13;32362743;G;C
13;32362744;G;T
13;32362744;G;C
13;32362746;T;A
13;32362750;G;C
13;32362752;G;A
13;32362756;T;A
13;32362757;CTG;C
13;32362768;A;T
13;32362768;A;G
13;32363106;T;G
13;32363106;T;C
13;32363108;A;C
13;32363109;G;C
13;32363109;G;A
13;32363109;G;T
13;32363110;T;C
13;32363112;A;T
13;32363113;C;T
13;32363116;G;T
13;32363119;T;G
13;32363122;A;T
13;32363123;C;G
13;32363123;C;A
13;32363126;T;C
13;32363126;TGG;T
13;32363128;G;A
13;32363130;A;C
13;32363132;T;TC
13;32363133;C;G
13;32363135;A;AAAGTTTAAG
13;32363136;G;C
13;32363139;T;C
13;32363139;T;G
13;32363142;C;T
13;32363142;C;A
13;32363143;A;G
13;32363144;C;G
13;32363145;T;G
13;32363146;TC;T
13;32363147;C;A
13;32363152;A;G
13;32363155;ATGCATTT;A
13;32363156;T;C
13;32363156;T;G
13;32363157;G;A
13;32363163;T;G
13;32363164;T;G
13;32363165;G;A
13;32363169;T;C
13;32363171;A;G
13;32363173;T;G
13;32363178;G;T
13;32363178;G;C
13;32363178;GATATGATACGGAA;G
13;32363180;T;G
13;32363187;C;A
13;32363187;C;T
13;32363187;C;G
13;32363188;G;A
13;32363189;G;A
13;32363190;A;T
13;32363194;T;G
13;32363194;T;A
13;32363194;T;C
13;32363195;G;T
13;32363196;A;G
13;32363197;T;C
13;32363199;G;C
13;32363203;CAGA;C
13;32363203;C;T
13;32363204;A;T
13;32363204;A;G
13;32363209;A;G
13;32363210;T;C
13;32363211;C;T
13;32363212;G;A
13;32363213;G;T
13;32363214;C;G
13;32363216;A;G
13;32363217;T;TA
13;32363217;TAA;T
13;32363217;T;C
13;32363218;A;T
13;32363224;G;T
13;32363225;A;C
13;32363225;A;G
13;32363229;T;C
13;32363234;A;G
13;32363236;G;A
13;32363238;A;G
13;32363239;T;A
13;32363241;A;G
13;32363242;C;G
13;32363244;C;G
13;32363247;C;T
13;32363249;G;A
13;32363252;A;G
13;32363253;A;G
13;32363255;A;T
13;32363257;A;G
13;32363257;A;C
13;32363257;A;T
13;32363258;C;G
13;32363259;T;C
13;32363260;T;C
13;32363261;G;A
13;32363261;G;T
13;32363262;T;C
13;32363263;T;C
13;32363264;C;G
13;32363265;T;C
13;32363266;C;T
13;32363266;C;G
13;32363268;G;A
13;32363270;G;A
13;32363272;T;C
13;32363274;C;T
13;32363278;C;A
13;32363279;A;G
13;32363280;T;C
13;32363281;A;G
13;32363283;T;C
13;32363286;C;T
13;32363288;T;C
13;32363289;T;C
13;32363292;G;A
13;32363293;C;T
13;32363294;G;A
13;32363295;C;T
13;32363298;A;G
13;32363299;T;C
13;32363300;A;C
13;32363300;A;G
13;32363303;T;C
13;32363304;C;G
13;32363305;T;G
13;32363306;G;C
13;32363309;A;G
13;32363313;C;G
13;32363313;C;T
13;32363315;A;G
13;32363316;G;A
13;32363316;G;C
13;32363316;G;T
13;32363317;C;G
13;32363318;A;T
13;32363318;A;G
13;32363319;A;G
13;32363320;T;C
13;32363321;A;G
13;32363324;A;G
13;32363325;C;T
13;32363326;T;C
13;32363326;T;G
13;32363327;A;G
13;32363329;T;C
13;32363331;G;A
13;32363333;G;T
13;32363335;A;G
13;32363336;G;A
13;32363337;A;T
13;32363337;A;C
13;32363338;T;C
13;32363340;C;T
13;32363340;C;A
13;32363341;C;A
13;32363342;C;G
13;32363343;A;C
13;32363343;A;G
13;32363344;A;G
13;32363346;A;G
13;32363351;G;T
13;32363351;G;A
13;32363353;C;T
13;32363354;A;G
13;32363355;T;C
13;32363356;T;C
13;32363358;T;C
13;32363359;T;G
13;32363365;T;C
13;32363366;A;G
13;32363367;C;T
13;32363368;A;C
13;32363369;G;C
13;32363370;A;C
13;32363370;A;T
13;32363370;A;G
13;32363371;T;A
13;32363371;T;C
13;32363372;G;T
13;32363373;G;C
13;32363373;G;A
13;32363375;TGGTATGCTG;T
13;32363378;T;A
13;32363379;A;G
13;32363380;T;C
13;32363381;G;T
13;32363382;C;G
13;32363384;G;A
13;32363384;G;C
13;32363385;T;C
13;32363386;TA;T
13;32363388;A;G
13;32363389;G;T
13;32363389;G;A
13;32363390;G;C
13;32363390;G;T
13;32363391;C;T
13;32363393;C;G
13;32363394;A;G
13;32363395;G;A
13;32363397;T;C
13;32363398;A;G
13;32363399;G;C
13;32363399;G;A
13;32363400;A;G
13;32363402;C;T
13;32363403;C;T
13;32363405;C;T
13;32363405;C;A
13;32363406;C;G
13;32363407;C;G
13;32363407;C;T
13;32363408;C;T
13;32363410;C;CTTAGCTGTCTTAAAGAATGGCAGACTGACAGTTGGTCAGAAGATTATTCTTCATGGAGCAGAACTGGTGGT
13;32363410;C;T
13;32363417;G;C
13;32363417;G;T
13;32363417;G;A
13;32363424;A;G
13;32363427;A;G
13;32363429;G;C
13;32363430;G;T
13;32363432;A;G
13;32363433;G;A
13;32363434;A;G
13;32363437;G;A
13;32363438;A;G
13;32363439;C;T
13;32363439;C;G
13;32363440;A;C
13;32363440;A;G
13;32363441;G;A
13;32363444;G;C
13;32363444;G;A
13;32363445;G;A
13;32363447;CAGA;C
13;32363447;CAG;C
13;32363449;G;A
13;32363455;T;C
13;32363455;T;G
13;32363456;A;T
13;32363456;ATTC;A
13;32363463;A;G
13;32363464;T;G
13;32363467;A;T
13;32363468;G;A
13;32363469;C;G
13;32363470;A;C
13;32363474;C;T
13;32363474;C;G
13;32363475;T;C
13;32363476;G;C
13;32363477;G;C
13;32363483;T;C
13;32363484;C;T
13;32363485;T;G
13;32363485;T;C
13;32363486;C;T
13;32363490;A;T
13;32363490;A;G
13;32363491;T;A
13;32363492;G;A
13;32363493;C;G
13;32363494;C;T
13;32363495;T;G
13;32363495;T;C
13;32363498;AC;A
13;32363498;A;T
13;32363498;A;G
13;32363499;C;A
13;32363500;A;G
13;32363501;C;T
13;32363501;C;A
13;32363502;C;T
13;32363502;C;G
13;32363504;C;T
13;32363505;T;A
13;32363505;T;C
13;32363507;G;C
13;32363509;A;C
13;32363509;A;G
13;32363511;C;A
13;32363512;C;T
13;32363514;C;T
13;32363517;A;C
13;32363518;A;G
13;32363523;T;G
13;32363523;T;A
13;32363525;A;G
13;32363526;T;C
13;32363526;T;G
13;32363529;T;G
13;32363534;G;A
13;32363535;T;C
13;32363535;T;A
13;32363536;A;C
13;32363541;A;C
13;32363547;C;T
13;32363548;A;G
13;32363549;C;G
13;32363549;C;T
13;32363550;T;A
13;32363554;G;A
13;32363555;G;C
13;32363556;T;TA
13;32363560;A;G
13;32363561;A;G
13;32363562;T;A
13;32363563;C;G
13;32363565;G;A
13;32363567;C;A
13;32363567;C;G
13;32363568;A;G
13;32363571;G;A
13;32363572;A;G
13;32363573;T;C
13;32363575;C;A
13;32363575;C;T
13;32363576;A;C
13;32363577;G;A
13;32363579;T;G
13;32363585;C;A
13;32363586;T;C
13;32363587;A;G
13;32363591;G;C
13;32363593;T;A
13;32363594;T;G
13;32363596;A;G
13;32363597;C;T
13;32363598;A;T
13;32363598;A;G
13;32363599;T;C
13;32363601;TA;T
13;32363605;T;A
13;32363608;T;A
13;32370329;ACT;A
13;32370330;C;T
13;32370331;T;C
13;32370332;C;G
13;32370333;T;C
13;32370334;TATG;T
13;32370334;T;C
13;32370336;T;G
13;32370336;T;C
13;32370336;TGA;T
13;32370337;GAT;G
13;32370337;G;A
13;32370338;A;G
13;32370340;A;G
13;32370341;T;C
13;32370344;G;A
13;32370344;GT;G
13;32370345;T;C
13;32370346;A;G
13;32370347;A;AT
13;32370350;G;T
13;32370350;G;C
13;32370351;A;C
13;32370352;A;G
13;32370353;T;C
13;32370353;T;A
13;32370360;C;G
13;32370360;C;T
13;32370361;A;C
13;32370369;C;G
13;32370370;T;C
13;32370370;T;G
13;32370374;A;G
13;32370375;A;C
13;32370377;T;G
13;32370378;C;A
13;32370378;C;G
13;32370378;C;CA
13;32370380;AT;A
13;32370381;T;C
13;32370382;A;G
13;32370383;T;C
13;32370387;T;A
13;32370388;A;G
13;32370390;T;A
13;32370391;A;G
13;32370391;A;T
13;32370392;A;C
13;32370396;G;T
13;32370398;C;G
13;32370398;C;T
13;32370399;C;G
13;32370410;T;C
13;32370412;A;G
13;32370415;G;C
13;32370415;G;A
13;32370420;C;T
13;32370421;G;A
13;32370422;G;T
13;32370422;G;A
13;32370424;C;T
13;32370424;C;G
13;32370425;T;C
13;32370426;G;A
13;32370429;C;T
13;32370430;G;A
13;32370430;G;T
13;32370432;T;G
13;32370433;G;A
13;32370433;G;T
13;32370436;A;G
13;32370437;T;C
13;32370439;C;T
13;32370443;A;G
13;32370445;T;C
13;32370446;T;G
13;32370447;G;A
13;32370448;G;A
13;32370449;A;G
13;32370449;A;T
13;32370452;C;G
13;32370453;T;A
13;32370453;T;G
13;32370455;T;C
13;32370456;C;T
13;32370462;C;T
13;32370466;G;A
13;32370468;C;A
13;32370468;C;T
13;32370475;C;T
13;32370476;T;C
13;32370478;T;A
13;32370478;T;G
13;32370480;C;G
13;32370482;C;T
13;32370483;TTA;T
13;32370484;T;C
13;32370486;T;C
13;32370487;C;T
13;32370488;A;T
13;32370490;C;T
13;32370491;G;A
13;32370492;C;G
13;32370494;T;C
13;32370497;C;T
13;32370498;A;G
13;32370499;G;A
13;32370500;T;G
13;32370500;T;C
13;32370502;A;G
13;32370503;T;C
13;32370505;G;A
13;32370507;G;A
13;32370508;G;A
13;32370510;A;G
13;32370511;A;G
13;32370511;ATGT;A
13;32370512;T;C
13;32370513;G;A
13;32370514;T;C
13;32370517;G;C
13;32370520;G;A
13;32370520;G;T
13;32370521;T;C
13;32370522;G;A
13;32370522;G;T
13;32370527;T;A
13;32370527;T;C
13;32370528;G;A
13;32370529;T;C
13;32370530;A;C
13;32370531;A;G
13;32370533;T;G
13;32370534;A;T
13;32370537;C;G
13;32370538;A;G
13;32370541;G;T
13;32370541;G;A
13;32370545;A;G
13;32370548;C;A
13;32370552;A;G
13;32370552;A;T
13;32370555;C;T
13;32370556;A;G
13;32370558;G;A
13;32370558;G;C
13;32370559;T;C
13;32370560;A;G
13;32370560;A;C
13;32370563;A;G
13;32370564;T;A
13;32370564;T;C
13;32370565;G;T
13;32370565;G;A
13;32370567;A;G
13;32370568;T;C
13;32370570;C;A
13;32370571;T;A
13;32370571;T;C
13;32370573;G;A
13;32370576;A;G
13;32370577;C;T
13;32370577;C;A
13;32370579;T;C
13;32370581;C;T
13;32370581;C;A
13;32370582;C;T
13;32370583;A;G
13;32370585;A;G
13;32370585;A;C
13;32370591;C;A
13;32370595;C;G
13;32370596;T;C
13;32370597;T;C
13;32370599;T;C
13;32370600;G;A
13;32370604;C;T
13;32370604;C;A
13;32370604;C;G
13;32370605;A;G
13;32370606;A;G
13;32370609;A;G
13;32370610;ATTTGTTTG;A
13;32370610;A;ATTTG
13;32370610;ATTTG;A
13;32370613;T;C
13;32370618;G;A
13;32370621;T;G
13;32370622;G;C
13;32370627;A;G
13;32370628;G;T
13;32370629;A;T
13;32370630;TG;T
13;32370631;G;A
13;32370882;T;C
13;32370884;T;G
13;32370886;C;A
13;32370886;C;T
13;32370887;C;G
13;32370890;G;A
13;32370890;G;T
13;32370891;C;A
13;32370894;G;C
13;32370897;A;G
13;32370898;C;G
13;32370898;C;A
13;32370900;A;G
13;32370902;T;G
13;32370904;A;T
13;32370904;A;G
13;32370906;T;C
13;32370908;G;C
13;32370910;A;G
13;32370914;T;TA
13;32370914;T;G
13;32370916;T;C
13;32370917;A;G
13;32370918;T;C
13;32370919;A;T
13;32370919;A;G
13;32370920;T;C
13;32370921;G;A
13;32370924;A;G
13;32370931;T;C
13;32370933;G;T
13;32370933;G;A
13;32370934;T;C
13;32370935;G;T
13;32370935;GT;G
13;32370935;G;A
13;32370937;G;A
13;32370938;T;C
13;32370939;G;T
13;32370940;T;C
13;32370941;A;G
13;32370941;A;T
13;32370942;A;G
13;32370944;A;G
13;32370944;A;C
13;32370944;A;ACAT
13;32370946;A;G
13;32370948;T;G
13;32370948;T;A
13;32370951;T;C
13;32370954;A;G
13;32370955;G;A
13;32370956;T;G
13;32370959;A;G
13;32370960;T;C
13;32370961;G;A
13;32370965;A;G
13;32370967;G;A
13;32370971;T;C
13;32370973;A;G
13;32370975;C;G
13;32370976;T;C
13;32370978;G;C
13;32370978;G;A
13;32370982;A;G
13;32370983;T;C
13;32370986;A;G
13;32370987;T;C
13;32370988;A;C
13;32370991;T;G
13;32370992;C;G
13;32370992;C;T
13;32370993;G;A
13;32370993;G;C
13;32370993;G;T
13;32370994;C;T
13;32370995;A;C
13;32370995;A;G
13;32370996;A;G
13;32370998;G;A
13;32370998;GAA;G
13;32370999;A;G
13;32371000;AAG;A
13;32371000;AAGAG;A
13;32371000;A;G
13;32371004;G;C
13;32371006;G;A
13;32371007;G;A
13;32371009;A;C
13;32371013;A;G
13;32371015;G;A
13;32371019;G;T
13;32371019;G;A
13;32371021;A;G
13;32371022;G;C
13;32371026;A;G
13;32371027;A;G
13;32371035;A;C
13;32371037;G;T
13;32371037;G;C
13;32371038;C;T
13;32371039;C;T
13;32371040;C;A
13;32371040;C;T
13;32371041;A;G
13;32371042;AC;A
13;32371043;C;A
13;32371047;A;G
13;32371050;G;T
13;32371051;A;G
13;32371052;C;T
13;32371052;C;CT
13;32371052;C;A
13;32371053;T;TAGA
13;32371054;A;G
13;32371055;G;GA
13;32371057;AGCC;A
13;32371058;G;T
13;32371058;G;A
13;32371059;C;G
13;32371059;C;T
13;32371060;C;T
13;32371061;T;G
13;32371061;T;C
13;32371063;A;T
13;32371064;T;C
13;32371067;A;C
13;32371070;A;G
13;32371071;A;G
13;32371073;A;C
13;32371075;T;A
13;32371076;C;G
13;32371077;A;G
13;32371078;G;A
13;32371079;G;A
13;32371082;G;A
13;32371086;T;G
13;32371087;T;C
13;32371088;G;A
13;32371091;G;A
13;32371094;C;T
13;32371095;A;G
13;32371097;G;C
13;32371098;A;G
13;32371105;A;G
13;32371106;A;G
13;32371110;G;A
13;32371111;T;TA
13;32371114;T;C
13;32371115;ATGG;A
13;32371115;A;G
13;32371117;G;C
13;32371118;G;A
13;32371119;T;C
13;32371119;T;A
13;32371120;A;G
13;32371121;C;A
13;32371122;A;G
13;32371122;A;T
13;32371123;C;T
13;32371124;A;C
13;32371124;A;G
13;32371125;T;C
13;32371127;G;A
13;32371127;G;T
13;32371130;AT;A
13;32371132;T;G
13;32371134;C;A
13;32371136;A;G
13;32371137;A;T
13;32371138;T;C
13;32371139;A;G
13;32371143;G;C
13;32371146;CAA;C
13;32371146;C;A
13;32371150;G;A
13;32371151;T;C
13;32371153;T;A
13;32371156;G;C
13;32371162;T;G
13;32371163;T;C
13;32371164;G;T
13;32371165;A;T
13;32371168;T;G
13;32371170;A;G
13;32371171;A;G
13;32371173;A;G
13;32371173;AT;A
13;32371174;T;A
13;32374887;T;C
13;32374890;A;G
13;32374892;C;T
13;32374896;A;C
13;32374904;A;G
13;32374911;A;T
13;32374915;C;G
13;32374920;A;T
13;32374923;G;A
13;32374932;G;A
13;32374940;A;G
13;32374951;T;C
13;32374953;G;T
13;32374968;A;G
13;32374972;C;T
13;32374976;G;T
13;32374977;G;T
13;32374979;G;C
13;32374979;GGCC;G
13;32374980;G;T
13;32374989;A;G
13;32374990;A;G
13;32374995;C;G
13;32374997;A;G
13;32375000;A;C
13;32375000;A;G
13;32375001;T;C
13;32375004;T;G
13;32375013;AAGG;A
13;32375019;A;G
13;32375023;A;G
13;32375024;A;G
13;32375029;C;G
13;32375044;G;C
13;32375046;A;G
13;32375047;G;A
13;32375050;AAG;A
13;32375061;G;A
13;32375068;C;T
13;32375071;TCA;T
13;32375074;C;T
13;32375082;C;CCATCAGATCT
13;32375084;A;G
13;32375088;G;C
13;32375089;A;G
13;32375098;G;C
13;32375101;C;T
13;32375108;A;G
13;32375110;T;C
13;32375111;A;G
13;32375124;A;G
13;32375128;G;A
13;32375136;G;A
13;32375136;GC;G
13;32375138;C;T
13;32375139;C;G
13;32375141;C;T
13;32375142;G;A
13;32375146;T;C
13;32375150;G;T
13;32375269;T;C
13;32375271;G;A
13;32375271;G;T
13;32375279;T;G
13;32375280;C;A
13;32375280;C;T
13;32375281;A;T
13;32375282;G;C
13;32375286;C;T
13;32375287;A;G
13;32375288;T;C
13;32375288;T;A
13;32375292;C;A
13;32375293;A;G
13;32375294;G;A
13;32375297;T;A
13;32375301;C;G
13;32375301;CTTCTAA;C
13;32375302;T;G
13;32375304;C;T
13;32375307;A;T
13;32375309;T;G
13;32375313;G;T
13;32375313;G;A
13;32375317;T;C
13;32375318;C;A
13;32375320;T;C
13;32375321;G;T
13;32375324;A;G
13;32375324;A;AT
13;32375327;T;C
13;32375330;A;T
13;32375332;C;A
13;32375333;A;G
13;32375335;A;G
13;32375336;T;C
13;32375346;C;T
13;32375348;T;G
13;32375351;T;G
13;32375353;C;G
13;32375355;C;G
13;32375357;G;C
13;32375359;A;C
13;32375359;A;G
13;32375360;G;A
13;32375363;T;G
13;32375365;G;A
13;32375367;AC;A
13;32375367;A;G
13;32375367;A;AC
13;32375368;C;G
13;32375368;C;A
13;32375371;C;T
13;32375371;C;G
13;32375372;C;A
13;32375372;C;G
13;32375375;A;G
13;32375385;T;C
13;32375387;A;C
13;32375388;G;A
13;32375390;G;T
13;32375391;T;C
13;32375391;T;A
13;32375394;G;A
13;32375395;A;C
13;32375396;A;G
13;32375398;C;A
13;32375398;C;G
13;32375402;T;C
13;32375404;C;G
13;32375406;G;A
13;32375407;G;A
13;32375412;C;T
13;32375412;CT;C
13;32375416;T;C
13;32375416;T;A
13;32375423;T;A
13;32375428;T;C
13;32375432;G;T
13;32375436;TC;T
13;32375440;A;G
13;32375441;T;C
13;32375442;G;T
13;32375443;A;G
13;32375445;A;G
13;32375447;A;C
13;32375449;T;A
13;32375451;G;A
13;32375453;G;A
13;32375454;T;A
13;32375457;T;C
13;32375461;T;C
13;32375463;G;A
13;32375465;A;AT
13;32375474;G;T
13;32375475;G;A
13;32375476;T;C
13;32375477;G;T
13;32375479;A;C
13;32376596;T;A
13;32376597;A;G
13;32376600;C;T
13;32376603;G;A
13;32376604;G;A
13;32376605;T;C
13;32376607;C;T
13;32376611;A;T
13;32376615;T;G
13;32376621;G;T
13;32376627;G;A
13;32376633;A;G
13;32376634;C;G
13;32376634;C;T
13;32376634;C;A
13;32376635;A;G
13;32376639;T;C
13;32376640;A;G
13;32376642;TGAATTAATAATCCTTTTGTTTTCTTA;T
13;32376642;T;G
13;32376643;G;A
13;32376644;A;G
13;32376645;A;G
13;32376646;TTAA;T
13;32376649;A;G
13;32376651;A;G
13;32376654;C;A
13;32376654;C;G
13;32376656;T;C
13;32376657;T;G
13;32376658;T;C
13;32376659;T;C
13;32376660;G;A
13;32376660;G;C
13;32376661;T;C
13;32376664;T;A
13;32376664;T;C
13;32376665;C;G
13;32376666;T;A
13;32376667;T;G
13;32376670;A;G
13;32376674;C;G
13;32376675;A;G
13;32376678;A;G
13;32376680;A;G
13;32376684;C;T
13;32376685;C;G
13;32376686;A;G
13;32376687;T;C
13;32376688;A;T
13;32376689;T;C
13;32376693;C;A
13;32376697;C;G
13;32376697;C;T
13;32376698;A;G
13;32376699;C;T
13;32376700;G;A
13;32376702;G;A
13;32376704;A;G
13;32376705;C;A
13;32376708;A;C
13;32376708;A;G
13;32376709;C;A
13;32376709;C;G
13;32376713;A;C
13;32376722;T;C
13;32376723;C;A
13;32376723;C;T
13;32376724;G;A
13;32376724;G;T
13;32376728;T;C
13;32376731;G;A
13;32376732;C;T
13;32376732;CAAGATGGTGCAGAGCTT;C
13;32376733;A;G
13;32376734;A;G
13;32376736;A;T
13;32376736;A;G
13;32376739;G;T
13;32376739;G;A
13;32376739;G;C
13;32376741;G;A
13;32376745;A;G
13;32376746;G;C
13;32376749;T;C
13;32376751;A;G
13;32376752;T;C
13;32376755;A;G
13;32376756;G;A
13;32376759;G;A
13;32376760;T;G
13;32376765;A;G
13;32376765;A;C
13;32376769;C;G
13;32376770;A;G
13;32376774;G;A
13;32376774;G;C
13;32376776;C;G
13;32376777;C;T
13;32376779;A;G
13;32376780;G;T
13;32376781;C;T
13;32376784;A;ACCT
13;32376791;G;A
13;32376795;A;G
13;32376796;G;A
13;32376797;A;C
13;32376797;AGAGT;A
13;32376798;G;C
13;32376800;G;A
13;32376800;G;C
13;32376801;T;C
13;32376803;A;G
13;32376808;A;G
13;32376809;C;G
13;32376809;CAT;C
13;32376809;C;T
13;32376810;A;T
13;32376811;TATA;T
13;32376813;T;C
13;32376814;A;G
13;32376815;A;C
13;32376817;GA;G
13;32376821;C;T
13;32376822;T;G
13;32376822;T;C
13;32376824;G;GATGATTATTC
13;32376825;A;G
13;32376825;A;C
13;32376829;T;C
13;32376830;T;C
13;32376830;T;G
13;32376831;A;T
13;32376832;T;C
13;32376834;C;G
13;32376834;C;A
13;32376834;C;T
13;32376837;G;A
13;32376838;G;A
13;32376838;G;GT
13;32376840;G;A
13;32376844;A;C
13;32376847;T;C
13;32376848;G;C
13;32376848;G;A
13;32376852;T;G
13;32376853;A;G
13;32376855;ACT;A
13;32376860;C;G
13;32376862;G;A
13;32376863;G;A
13;32376866;A;G
13;32379242;A;T
13;32379242;A;G
13;32379248;A;G
13;32379249;T;G
13;32379249;T;A
13;32379250;C;G
13;32379251;T;C
13;32379252;A;C
13;32379253;G;A
13;32379253;G;T
13;32379254;T;TTA
13;32379257;C;T
13;32379259;A;G
13;32379260;T;C
13;32379262;G;A
13;32379263;A;C
13;32379263;A;G
13;32379266;G;T
13;32379266;G;A
13;32379269;C;T
13;32379269;CT;C
13;32379270;T;A
13;32379272;T;C
13;32379275;T;A
13;32379278;T;G
13;32379286;C;G
13;32379292;A;G
13;32379295;C;T
13;32379298;A;G
13;32379298;A;T
13;32379299;T;C
13;32379300;A;G
13;32379305;A;G
13;32379307;A;G
13;32379308;T;C
13;32379309;G;A
13;32379310;G;A
13;32379310;G;T
13;32379312;C;A
13;32379313;A;G
13;32379315;AG;A
13;32379316;G;A
13;32379316;G;GGGTTATTTCAGTGAAGAGC
13;32379316;G;T
13;32379318;G;C
13;32379318;G;T
13;32379319;T;A
13;32379324;TCAGTGAAGAG;T
13;32379326;A;G
13;32379327;G;C
13;32379327;G;A
13;32379329;G;A
13;32379331;A;G
13;32379332;G;T
13;32379334;G;A
13;32379336;A;G
13;32379337;G;C
13;32379342;G;A
13;32379343;A;G
13;32379344;G;A
13;32379344;G;T
13;32379346;C;T
13;32379347;T;G
13;32379347;T;C
13;32379351;A;G
13;32379351;A;C
13;32379358;C;G
13;32379358;C;A
13;32379358;C;T
13;32379360;G;C
13;32379361;G;T
13;32379361;G;A
13;32379362;C;A
13;32379367;G;A
13;32379368;T;C
13;32379369;T;C
13;32379370;G;C
13;32379373;T;C
13;32379378;A;G
13;32379381;A;G
13;32379382;A;G
13;32379384;A;G
13;32379386;G;A
13;32379387;C;T
13;32379387;C;A
13;32379392;A;T
13;32379396;A;C
13;32379396;A;G
13;32379398;T;C
13;32379404;A;G
13;32379406;T;G
13;32379408;G;A
13;32379412;G;T
13;32379412;G;A
13;32379413;G;A
13;32379416;A;T
13;32379416;A;G
13;32379422;T;C
13;32379428;G;C
13;32379429;A;C
13;32379430;A;G
13;32379431;C;T
13;32379431;C;A
13;32379436;G;A
13;32379439;A;G
13;32379440;C;T
13;32379441;A;G
13;32379443;G;A
13;32379446;T;C
13;32379450;C;G
13;32379450;C;T
13;32379453;G;C
13;32379455;G;C
13;32379456;A;T
13;32379456;A;G
13;32379459;T;C
13;32379459;TCA;T
13;32379460;C;G
13;32379463;A;G
13;32379464;A;G
13;32379464;AC;A
13;32379465;C;T
13;32379466;C;T
13;32379466;C;G
13;32379467;G;A
13;32379467;G;C
13;32379468;T;C
13;32379469;G;C
13;32379469;G;A
13;32379472;G;T
13;32379476;T;A
13;32379476;T;G
13;32379476;T;C
13;32379477;T;G
13;32379479;C;G
13;32379479;C;T
13;32379480;G;A
13;32379482;A;G
13;32379485;G;A
13;32379487;A;G
13;32379488;A;C
13;32379490;C;T
13;32379490;C;G
13;32379491;T;TTGG
13;32379492;A;G
13;32379492;A;C
13;32379495;C;CA
13;32379495;C;A
13;32379503;GA;G
13;32379503;G;GA
13;32379503;G;A
13;32379503;GAA;G
13;32379504;A;G
13;32379506;A;C
13;32379507;A;G
13;32379514;A;G
13;32379516;G;A
13;32379516;G;T
13;32379518;A;G
13;32379521;T;C
13;32379521;T;G
13;32379524;G;A
13;32379525;T;C
13;32379526;A;C
13;32379530;G;T
13;32379531;C;T
13;32379532;T;G
13;32379532;T;C
13;32379539;T;C
13;32379544;A;C
13;32379549;T;C
13;32379553;A;G
13;32379555;C;T
13;32379556;T;C
13;32379557;TA;T
13;32379557;T;TA
13;32379558;A;G
13;32379560;A;AAAAT
13;32379563;A;G
13;32379563;A;T
13;32379565;G;T
13;32379565;G;A
13;32379567;C;A
13;32379568;C;G
13;32379568;C;T
13;32379577;A;C
13;32379578;A;C
13;32379582;G;C
13;32379582;G;T
13;32379583;AT;A
13;32379585;T;C
13;32379586;A;G
13;32379590;A;G
13;32379675;T;C
13;32379676;G;A
13;32379676;GTATT;G
13;32379677;TA;T
13;32379677;T;A
13;32379679;T;G
13;32379681;T;A
13;32379682;A;G
13;32379683;T;G
13;32379688;A;C
13;32379688;A;T
13;32379690;A;G
13;32379693;A;G
13;32379694;A;T
13;32379695;C;T
13;32379697;T;G
13;32379698;T;A
13;32379699;TA;T
13;32379700;A;T
13;32379702;A;G
13;32379705;A;G
13;32379706;T;TA
13;32379710;C;G
13;32379710;C;A
13;32379711;A;T
13;32379712;C;T
13;32379713;T;G
13;32379714;TC;T
13;32379715;C;G
13;32379718;CCATTG;C
13;32379719;C;T
13;32379720;A;G
13;32379720;A;T
13;32379721;T;G
13;32379722;T;C
13;32379722;T;G
13;32379723;G;T
13;32379723;G;A
13;32379723;GCATCTTTCT;G
13;32379724;C;T
13;32379725;A;G
13;32379726;T;A
13;32379727;C;G
13;32379727;C;T
13;32379728;T;C
13;32379730;T;C
13;32379733;C;T
13;32379737;T;C
13;32379739;T;A
13;32379742;CCAAA;C
13;32379743;C;T
13;32379747;C;T
13;32379749;G;A
13;32379750;T;G
13;32379751;T;TA
13;32379752;A;G
13;32379753;T;C
13;32379755;CTGAG;C
13;32379755;C;G
13;32379755;C;T
13;32379759;G;A
13;32379759;G;C
13;32379760;T;C
13;32379767;C;T
13;32379768;G;A
13;32379768;G;T
13;32379773;T;C
13;32379774;C;CTG
13;32379774;C;G
13;32379774;C;T
13;32379775;A;T
13;32379775;A;G
13;32379775;A;C
13;32379776;TCA;T
13;32379778;A;T
13;32379779;G;T
13;32379782;T;A
13;32379784;A;G
13;32379788;T;C
13;32379788;T;G
13;32379788;T;A
13;32379789;C;G
13;32379789;C;T
13;32379791;CTG;C
13;32379793;G;A
13;32379795;T;C
13;32379795;T;G
13;32379796;A;T
13;32379798;C;A
13;32379800;G;A
13;32379802;A;T
13;32379807;A;G
13;32379808;G;A
13;32379810;GAT;G
13;32379812;T;G
13;32379815;A;G
13;32379820;TTATCA;T
13;32379822;AT;A
13;32379823;T;G
13;32379826;T;C
13;32379827;C;G
13;32379828;T;C
13;32379831;C;A
13;32379834;C;T
13;32379835;T;A
13;32379837;C;T
13;32379837;C;A
13;32379839;A;G
13;32379843;C;A
13;32379843;CTAAAAG;C
13;32379845;A;G
13;32379849;G;C
13;32379849;GTA;G
13;32379852;A;G
13;32379857;G;C
13;32379857;G;A
13;32379858;AAAGAGCTAACATACAG;A
13;32379859;A;G
13;32379860;A;C
13;32379861;G;A
13;32379863;GCTAACATA;G
13;32379865;T;C
13;32379867;A;C
13;32379868;CAT;C
13;32379869;A;G
13;32379870;T;C
13;32379871;A;G
13;32379872;C;T
13;32379872;C;G
13;32379874;G;C
13;32379878;G;C
13;32379881;G;A
13;32379882;C;G
13;32379882;C;T
13;32379883;G;T
13;32379883;G;A
13;32379885;C;T
13;32379885;C;CA
13;32379886;A;C
13;32379892;A;C
13;32379893;A;C
13;32379893;A;G
13;32379894;C;T
13;32379897;A;G
13;32379898;G;C
13;32379898;G;T
13;32379898;G;GT
13;32379900;A;G
13;32379900;A;C
13;32379901;TCAA;T
13;32379902;C;G
13;32379904;A;G
13;32379905;C;T
13;32379906;A;AACT
13;32379907;A;T
13;32379909;T;G
13;32379910;A;G
13;32379912;C;G
13;32379912;C;T
13;32379913;G;A
13;32379914;G;A
13;32379917;C;T
13;32379917;C;G
13;32379921;C;A
13;32379922;C;T
13;32379923;T;A
13;32379925;T;G
13;32379925;T;A
13;32379927;A;G
13;32379928;T;C
13;32379929;T;G
13;32379929;T;C
13;32379929;T;TG
13;32379930;G;C
13;32379930;G;T
13;32379930;G;GT
13;32379933;A;G
13;32379938;T;G
13;32379939;C;T
13;32379941;G;C
13;32379941;GT;G
13;32379947;A;G
13;32379947;A;AT
13;32379948;T;C
13;32379951;G;A
13;32379953;G;A
13;32379956;T;C
13;32379957;G;A
13;32379957;G;T
13;32379958;T;C
13;32379964;T;G
13;32379965;A;G
13;32379967;G;T
13;32379968;G;T
13;32379968;G;A
13;32379969;A;C
13;32379972;C;G
13;32379975;C;T
13;32379976;A;G
13;32379977;T;C
13;32379978;A;G
13;32379979;T;C
13;32379980;G;A
13;32379985;A;G
13;32379986;T;A
13;32379987;T;G
13;32379987;T;C
13;32379989;T;C
13;32379993;T;C
13;32379996;G;A
13;32379997;T;C
13;32380000;T;C
13;32380001;C;T
13;32380001;C;A
13;32380003;G;A
13;32380005;A;G
13;32380010;T;A
13;32380013;G;A
13;32380016;G;T
13;32380018;A;G
13;32380023;T;C
13;32380024;A;G
13;32380025;T;C
13;32380026;T;G
13;32380030;G;C
13;32380034;T;A
13;32380035;A;G
13;32380038;A;G
13;32380039;G;A
13;32380040;C;G
13;32380042;A;G
13;32380043;CG;C
13;32380043;C;T
13;32380044;G;A
13;32380045;G;A
13;32380048;G;A
13;32380050;C;A
13;32380050;C;T
13;32380051;C;T
13;32380051;C;G
13;32380055;C;T
13;32380056;A;G
13;32380057;C;T
13;32380057;C;G
13;32380060;C;G
13;32380063;C;T
13;32380063;C;A
13;32380064;A;G
13;32380065;A;G
13;32380066;A;C
13;32380066;A;G
13;32380067;T;C
13;32380069;T;C
13;32380076;C;T
13;32380079;G;A
13;32380079;G;T
13;32380081;C;T
13;32380083;T;C
13;32380084;T;A
13;32380085;C;G
13;32380085;C;T
13;32380086;A;G
13;32380087;G;A
13;32380087;G;C
13;32380088;C;T
13;32380090;A;G
13;32380094;T;C
13;32380095;G;T
13;32380095;G;A
13;32380098;C;G
13;32380098;C;T
13;32380102;G;T
13;32380104;T;TGTA
13;32380105;G;A
13;32380108;C;T
13;32380109;C;T
13;32380111;A;G
13;32380113;T;C
13;32380115;G;A
13;32380116;G;A
13;32380117;A;T
13;32380119;T;A
13;32380121;G;T
13;32380123;C;T
13;32380123;CG;C
13;32380124;G;A
13;32380126;T;C
13;32380128;C;G
13;32380128;C;T
13;32380130;G;A
13;32380131;T;C
13;32380135;GA;G
13;32380135;G;GA
13;32380135;G;A
13;32380136;A;G
13;32380137;A;G
13;32380138;A;T
13;32380141;A;G
13;32380142;A;C
13;32380146;G;A
13;32380149;A;G
13;32380152;C;T
13;32380153;A;G
13;32380154;C;T
13;32380155;A;G
13;32380156;ATATAGT;A
13;32380157;T;C
13;32380158;A;G
13;32380159;T;G
13;32380159;T;C
13;32380160;A;G
13;32380165;A;T
13;32380165;AT;A
13;32380165;ATT;A
13;32380165;A;AT
13;32380166;T;A
13;32380166;T;C
13;32380167;T;G
13;32380173;T;A
13;32380174;A;G
13;32380180;T;G
13;32380181;C;T
13;32380185;T;TA
13;32380193;A;C
13;32380194;T;G
13;32380194;TTG;T
13;32380195;T;G
13;32380196;GT;G
13;32380196;G;A
13;32380198;C;CT
13;32380198;C;T
13;32380199;T;A
13;32380203;A;T
13;32380208;C;G
13;32380208;C;T
13;32380210;C;G
13;32380211;T;G
13;32380213;A;C
13;32380213;A;G
13;32380214;T;C
13;32380216;AT;A
13;32380217;T;G
13;32380218;T;G
13;32380220;G;A
13;32383835;G;C
13;32383861;G;A
13;32383865;A;G
13;32383866;TAA;T
13;32383874;T;C
13;32383876;G;T
13;32383878;G;T
13;32383880;A;G
13;32383889;G;A
13;32383903;G;A
13;32383903;G;C
13;32383905;G;C
13;32383911;T;G
13;32383924;C;G
13;32383930;G;A
13;32383934;GA;G
13;32383937;A;G
13;32383940;A;G
13;32383942;G;A
13;32383952;A;T
13;32383953;G;A
13;32383956;A;G
13;32383961;G;GT
13;32383966;G;C
13;32383985;A;T
13;32383985;A;G
13;32383996;T;G
13;32384000;G;A
13;32394614;G;C
13;32394614;G;A
13;32394616;G;A
13;32394621;C;T
13;32394621;C;G
13;32394624;T;A
13;32394624;T;G
13;32394625;C;A
13;32394626;T;C
13;32394628;G;C
13;32394629;C;T
13;32394629;C;A
13;32394630;A;G
13;32394631;TC;T
13;32394632;C;T
13;32394636;A;G
13;32394640;T;C
13;32394641;C;G
13;32394644;C;G
13;32394644;C;T
13;32394645;T;C
13;32394647;A;T
13;32394648;C;A
13;32394651;A;C
13;32394652;T;C
13;32394652;T;A
13;32394653;C;G
13;32394654;TA;T
13;32394654;T;C
13;32394655;A;G
13;32394657;A;G
13;32394657;A;T
13;32394658;A;G
13;32394659;T;C
13;32394661;A;G
13;32394661;A;T
13;32394662;C;CAT
13;32394663;ATTCTT;A
13;32394664;T;C
13;32394666;C;A
13;32394669;T;G
13;32394670;T;A
13;32394671;CT;C
13;32394671;C;CT
13;32394671;C;A
13;32394671;C;CTT
13;32394672;T;A
13;32394672;T;C
13;32394673;T;C
13;32394681;C;T
13;32394682;A;G
13;32394683;T;G
13;32394685;C;T
13;32394687;A;G
13;32394689;G;C
13;32394691;C;T
13;32394694;G;T
13;32394696;C;T
13;32394698;C;CT
13;32394698;C;G
13;32394702;C;G
13;32394702;C;T
13;32394703;G;A
13;32394707;A;G
13;32394707;A;T
13;32394709;T;C
13;32394709;T;A
13;32394710;T;A
13;32394710;T;C
13;32394717;C;T
13;32394717;C;G
13;32394718;G;A
13;32394720;A;G
13;32394723;T;C
13;32394724;T;C
13;32394726;C;G
13;32394726;C;A
13;32394728;A;G
13;32394731;T;C
13;32394733;C;T
13;32394734;T;A
13;32394734;T;G
13;32394735;G;A
13;32394736;G;A
13;32394739;A;G
13;32394741;A;G
13;32394744;G;A
13;32394750;G;C
13;32394751;A;G
13;32394752;T;C
13;32394753;A;C
13;32394759;T;TA
13;32394759;T;C
13;32394763;G;A
13;32394763;G;T
13;32394764;A;C
13;32394766;G;A
13;32394767;A;G
13;32394769;A;G
13;32394770;T;C
13;32394770;T;A
13;32394771;T;C
13;32394774;T;G
13;32394775;A;C
13;32394776;A;G
13;32394776;A;T
13;32394782;AT;A
13;32394782;A;G
13;32394783;T;C
13;32394784;A;G
13;32394785;T;C
13;32394786;GTTAA;G
13;32394786;G;A
13;32394794;C;G
13;32394795;T;C
13;32394796;G;A
13;32394797;C;T
13;32394798;A;G
13;32394799;A;G
13;32394801;C;T
13;32394803;A;T
13;32394804;C;T
13;32394809;A;G
13;32394810;G;T
13;32394810;G;A
13;32394812;G;A
13;32394814;C;T
13;32394815;G;A
13;32394816;A;G
13;32394817;C;T
13;32394819;A;G
13;32394820;GAATCCA;G
13;32394822;A;G
13;32394823;T;C
13;32394824;C;A
13;32394825;C;T
13;32394827;A;G
13;32394828;A;T
13;32394828;A;G
13;32394830;C;T
13;32394830;CA;C
13;32394831;A;G
13;32394833;G;T
13;32394833;G;C
13;32394833;G;A
13;32394834;C;A
13;32394835;C;T
13;32394835;C;A
13;32394839;T;C
13;32394840;T;C
13;32394841;A;T
13;32394841;A;G
13;32394842;C;T
13;32394842;C;CT
13;32394843;T;G
13;32394846;A;G
13;32394848;T;G
13;32394850;G;C
13;32394851;C;G
13;32394855;A;T
13;32394857;A;G
13;32394857;A;T
13;32394858;T;C
13;32394863;CTG;C
13;32394864;T;G
13;32394865;G;A
13;32394865;G;C
13;32394874;G;T
13;32394878;G;C
13;32394879;T;C
13;32394880;C;T
13;32394881;C;T
13;32394882;A;C
13;32394886;G;A
13;32394887;A;G
13;32394888;G;T
13;32394890;G;T
13;32394890;G;C
13;32394892;C;T
13;32394894;CT;C
13;32394894;C;T
13;32394897;T;G
13;32394897;T;A
13;32394900;A;G
13;32394903;GAC;G
13;32394904;A;G
13;32394906;A;G
13;32394909;C;A
13;32394912;C;T
13;32394917;TGAA;T
13;32394925;A;G
13;32394926;C;A
13;32394928;G;A
13;32394930;T;C
13;32394931;G;A
13;32394932;A;C
13;32394933;G;C
13;32394934;G;A
13;32394935;T;G
13;32394936;A;T
13;32394937;A;G
13;32394939;G;A
13;32394939;G;T
13;32394942;A;C
13;32394942;A;G
13;32394946;T;C
13;32394947;T;C
13;32394949;A;C
13;32394950;G;A
13;32394950;G;T
13;32394952;A;G
13;32394954;C;T
13;32394955;A;G
13;32394956;C;T
13;32394956;CCA;C
13;32394959;C;A
13;32394965;T;G
13;32394967;G;A
13;32394968;G;A
13;32394970;A;G
13;32394972;T;G
13;32394975;TC;T
13;32394978;AT;A
13;32394978;A;G
13;32394984;A;G
13;32394985;C;A
13;32394987;G;A
13;32394988;T;C
13;32394989;C;G
13;32394989;C;T
13;32394991;A;G
13;32394992;G;A
13;32394992;G;C
13;32394996;C;G
13;32394996;C;T
13;32394999;G;A
13;32395006;G;A
13;32395007;C;T
13;32395917;A;AT
13;32395917;A;C
13;32395918;T;C
13;32395918;T;G
13;32395921;C;G
13;32395929;T;C
13;32395929;T;G
13;32395931;C;T
13;32395934;C;T
13;32395938;C;T
13;32395939;A;G
13;32395939;A;ATTTTCTTTTT
13;32395948;T;TTTTCTTTC
13;32395948;TTTTC;T
13;32395948;T;C
13;32395948;T;TTTGC
13;32395952;C;CTTTT
13;32395952;C;CTTTTTTTTT
13;32395952;C;CTTTTTTTT
13;32395955;TCTTTC;T
13;32395955;TC;T
13;32395956;C;CTT
13;32395956;C;CTTTTTTTT
13;32395956;CTTTCTTTTTTTT;C
13;32395956;C;CT
13;32395956;C;CTTTT
13;32395956;CTTTCTT;C
13;32395956;C;CTTTTT
13;32395956;CTTTCTTT;C
13;32395956;C;CTTT
13;32395957;TTTC;T
13;32395959;TC;T
13;32395959;T;C
13;32395960;CTTTTTT;C
13;32395960;CTTTTTTT;C
13;32395960;CTTTTTTTTTTTTT;C
13;32395960;C;CTTTTTTTTTTTTTTTT
13;32395960;C;CTTT
13;32395960;C;CTTTCTTTTTTTTT
13;32395960;CTTTTTTTT;C
13;32395960;C;CTTTTTTTTTTTTTTTTTTTTTTTTTTTTTTTTTTT
13;32395960;C;CTTTTTT
13;32395960;C;CTTTTTTTTTTTTTTTTTTTTTTTTT
13;32395960;C;CTTTTTTTTTTT
13;32395960;C;CTTTTTTTTTT
13;32395960;C;CTTTTTTTTTTTTT
13;32395960;CTTTTTTTTTT;C
13;32395960;C;CTTTTTTTTTTTT
13;32395960;C;CTTTTTTTTTTTTTTTTTTTTTTTTTTTTTCTTTTTTTT
13;32395960;CTTTTT;C
13;32395960;C;CTTTTTTTT
13;32395960;C;CTTTCTTTTTTTT
13;32395960;C;CTTTTTTTTTTTATTTTTTTTTTTTTTTTTTTTTTCT
13;32395960;CTTTTTTTTTTTTTTT;C
13;32395960;C;CTTTTTTTTTTTTTTTTT
13;32395960;C;CTTTCTTTTTTT
13;32395960;C;CTTTTT
13;32395960;C;CTTTTTTTTTTTTTTTTTTTTTTTTTT
13;32395960;C;CTTTTTTTTTTTTTTTTTTTTTT
13;32395960;C;CTTTTTTTTTTTTTTTTTTTTTTTTTTT
13;32395960;CTTTTTTTTTTTTTTTTTT;C
13;32395960;C;CTTTTTTTTTTTTTTTTTTTTTTTTTTTTTTTT
13;32395960;C;CTTTT
13;32395960;CTTTT;C
13;32395960;C;CTTTTTTTTTTTTTTT
13;32395960;C;CTTTCTTTT
13;32395960;C;CTTTTTTTTTTTTTTTTTTTTT
13;32395960;CTT;C
13;32395960;C;CT
13;32395960;C;CTTTCTT
13;32395960;C;CTTTTTTTTTTTTTTTTTTTTTTT
13;32395960;C;CTTTTTTTTTTTTTTTTTTTTTTTTTTTTTTTTTT
13;32395960;C;CTTTTTTT
13;32395960;C;CTTTCTTTTTT
13;32395960;C;CTTTTTTTTTTTTTTTTTTTTTTTT
13;32395960;CTTTTTTTTTTTTTTTTT;C
13;32395960;C;CTTTCT
13;32395960;C;CTTTTTTTTTTTTTT
13;32395960;CTTT;C
13;32395960;CTTTTTTTTTTTTTT;C
13;32395960;C;CTTTTTTTTTTTTTTTTTTT
13;32395960;CTTTTTTTTTTTT;C
13;32395960;C;CTTTTTTTTT
13;32395960;C;CTTTTTTTTTTTTTTTTTT
13;32395960;C;CTT
13;32395960;C;CTTTCTTTTT
13;32395960;CTTTTTTTTTTTTTTTT;C
13;32395960;CTTTTTTTTT;C
13;32395960;CTTTTTTTTTTT;C
13;32395960;C;CTTTTTTTTTTTTTTTTTTTT
13;32395960;CT;C
13;32395961;T;TTTC
13;32395962;T;TG
13;32395962;T;TC
13;32395963;T;C
13;32395963;T;TCTTTC
13;32395964;T;C
13;32395964;T;A
13;32395966;T;TTTTTTTTTTTTTTTTTTTTTTTTTTTTTTG
13;32395966;T;TC
13;32395967;T;C
13;32395968;T;C
13;32395968;T;TTTC
13;32395969;T;C
13;32395970;T;C
13;32395971;T;C
13;32395971;T;TC
13;32395972;T;TC
13;32395972;T;C
13;32395974;T;C
13;32395975;T;C
13;32395977;T;C
13;32395978;T;C
13;32395979;T;C
13;32395980;T;TTTTTTTTTTTTTTTTTTTC
13;32395988;T;A
13;32395988;T;TA
13;32395988;T;TTA
13;32395988;T;TTTTTA
13;32395988;T;TTTTTTTTTA
13;32395993;A;T
13;32395994;CAG;C
13;32395994;C;CA
13;32395996;G;T
13;32395997;A;G
13;32396003;G;C
13;32396010;C;G
13;32396011;AC;A
13;32396020;C;T
13;32396023;G;A
13;32396027;A;T
13;32396028;C;T
13;32396029;A;G
13;32396039;T;C
13;32396039;T;G
13;32396040;C;A
13;32396042;C;T
13;32396043;G;A
13;32396044;G;A
13;32396054;G;A
13;32396056;G;A
13;32396059;T;C
13;32396062;C;G
13;32396072;C;A
13;32396076;C;T
13;32396077;G;A
13;32396083;C;T
13;32396084;G;T
13;32396084;G;A
13;32396088;C;G
13;32396089;T;TTA
13;32396106;T;C
13;32396111;C;T
13;32396117;G;A
13;32396120;C;T
13;32396121;G;A
13;32396122;T;C
13;32396124;C;A
13;32396128;C;T
13;32396130;C;T
13;32396131;G;A
13;32396135;A;C
13;32396139;A;G
13;32396150;T;G
13;32396157;A;G
13;32396163;A;G
13;32396823;T;G
13;32396824;A;C
13;32396825;AAGGAAATAC;A
13;32396826;A;G
13;32396827;G;T
13;32396832;T;C
13;32396833;A;G
13;32396834;C;T
13;32396836;T;G
13;32396837;TTGGAAA;T
13;32396837;T;C
13;32396840;G;A
13;32396841;A;C
13;32396843;A;G
13;32396844;CATAA;C
13;32396846;T;C
13;32396848;A;T
13;32396849;A;G
13;32396850;T;C
13;32396854;TG;T
13;32396855;G;A
13;32396856;G;T
13;32396857;G;T
13;32396857;G;A
13;32396858;T;A
13;32396861;G;A
13;32396863;A;C
13;32396864;A;G
13;32396866;T;G
13;32396868;A;T
13;32396869;T;C
13;32396869;TA;T
13;32396871;A;C
13;32396871;A;T
13;32396874;C;T
13;32396874;C;A
13;32396875;A;G
13;32396876;G;A
13;32396877;C;T
13;32396878;T;C
13;32396878;T;A
13;32396881;T;C
13;32396882;C;A
13;32396884;A;G
13;32396885;C;T
13;32396886;T;G
13;32396886;T;C
13;32396889;T;C
13;32396891;T;A
13;32396895;T;G
13;32396896;A;C
13;32396898;A;C
13;32396899;A;T
13;32396900;T;A
13;32396902;T;G
13;32396902;T;C
13;32396905;A;G
13;32396907;A;C
13;32396908;T;C
13;32396909;A;G
13;32396910;C;T
13;32396912;T;C
13;32396914;G;A
13;32396917;A;G
13;32396921;A;G
13;32396923;C;T
13;32396926;A;G
13;32396930;C;T
13;32396933;G;A
13;32396934;C;T
13;32396938;T;G
13;32396939;G;A
13;32396939;G;C
13;32396940;C;T
13;32396941;AT;A
13;32396941;A;G
13;32396943;A;C
13;32396943;A;G
13;32396944;T;C
13;32396947;T;C
13;32396948;G;C
13;32396952;G;A
13;32396956;A;G
13;32396960;T;C
13;32396960;T;A
13;32396961;C;G
13;32396963;C;G
13;32396968;G;A
13;32396969;G;C
13;32396969;G;A
13;32396969;G;T
13;32396971;C;T
13;32396973;ACC;A
13;32396977;C;A
13;32396978;A;G
13;32396979;A;G
13;32396980;C;G
13;32396982;A;G
13;32396985;G;C
13;32396987;C;G
13;32396987;CTG;C
13;32396988;T;C
13;32396989;G;A
13;32396989;G;C
13;32396990;T;C
13;32396995;C;G
13;32396996;AG;A
13;32396998;G;A
13;32396999;G;GC
13;32396999;G;A
13;32397000;C;T
13;32397001;C;T
13;32397002;G;C
13;32397002;G;A
13;32397004;A;G
13;32397005;C;T
13;32397006;A;G
13;32397007;C;G
13;32397009;G;A
13;32397009;G;C
13;32397010;C;T
13;32397010;CTCAAA;C
13;32397011;T;C
13;32397012;C;CAAA
13;32397012;C;G
13;32397015;A;G
13;32397016;T;C
13;32397016;T;A
13;32397021;C;T
13;32397024;G;A
13;32397028;C;T
13;32397028;C;A
13;32397030;G;C
13;32397030;G;A
13;32397031;G;A
13;32397032;A;T
13;32397033;A;G
13;32397034;A;G
13;32397035;C;T
13;32397038;G;C
13;32397040;T;C
13;32397041;T;A
13;32397042;C;T
13;32397043;T;C
13;32397045;G;A
13;32397045;G;C
13;32397049;G;A
13;32397054;T;C
13;32397054;T;G
13;32397060;C;G
13;32397062;C;T
13;32397063;A;G
13;32397064;A;G
13;32397066;G;C
13;32397067;A;T
13;32397068;A;G
13;32397071;T;C
13;32397071;T;G
13;32397072;T;C
13;32397073;A;T
13;32397076;AG;A
13;32397078;A;T
13;32397080;G;A
13;32397082;A;T
13;32397085;T;C
13;32397086;A;G
13;32397088;G;A
13;32397092;G;A
13;32397093;C;T
13;32397095;A;G
13;32397095;A;T
13;32397097;C;T
13;32397098;G;T
13;32397098;G;A
13;32397100;A;G
13;32397102;A;G
13;32397104;T;G
13;32397107;G;A
13;32397110;G;C
13;32397112;A;G
13;32397113;T;C
13;32397115;C;T
13;32397116;C;G
13;32398087;A;G
13;32398088;T;A
13;32398088;T;C
13;32398090;A;G
13;32398091;A;C
13;32398094;GTTAC;G
13;32398098;C;T
13;32398098;C;CT
13;32398099;TTTGA;T
13;32398107;A;C
13;32398108;G;T
13;32398108;G;A
13;32398108;GT;G
13;32398108;GTTT;G
13;32398111;TTTTATGTTACTACATA;T
13;32398113;T;C
13;32398113;T;G
13;32398113;TTA;T
13;32398115;A;G
13;32398117;G;C
13;32398117;GT;G
13;32398118;T;A
13;32398119;T;C
13;32398120;A;G
13;32398123;A;G
13;32398124;C;T
13;32398125;A;C
13;32398125;A;G
13;32398126;T;C
13;32398126;T;A
13;32398132;T;C
13;32398133;G;T
13;32398134;A;G
13;32398135;T;C
13;32398141;A;G
13;32398142;C;T
13;32398143;G;A
13;32398143;G;C
13;32398144;T;C
13;32398145;T;C
13;32398149;AT;A
13;32398149;A;AT
13;32398153;T;G
13;32398154;T;C
13;32398157;A;G
13;32398159;C;T
13;32398161;G;T
13;32398161;G;C
13;32398162;A;C
13;32398163;T;A
13;32398164;G;A
13;32398168;TCTC;T
13;32398169;C;T
13;32398175;A;C
13;32398176;T;C
13;32398177;T;C
13;32398178;G;A
13;32398178;GT;G
13;32398183;A;G
13;32398184;T;TA
13;32398185;A;T
13;32398186;T;C
13;32398189;T;C
13;32398190;A;G
13;32398197;T;A
13;32398199;CT;C
13;32398200;T;C
13;32398200;T;A
13;32398202;T;C
13;32398203;A;T
13;32398205;C;T
13;32398207;CT;C
13;32398207;C;T
13;32398209;TTGTA;T
13;32398211;G;A
13;32398211;G;T
13;32398211;G;C
13;32398212;T;C
13;32398213;A;G
13;32398220;A;G
13;32398225;A;T
13;32398227;G;A
13;32398229;C;A
13;32398231;G;A
13;32398231;GT;G
13;32398233;T;C
13;32398235;C;T
13;32398235;C;G
13;32398237;A;T
13;32398238;C;T
13;32398239;A;T
13;32398241;C;T
13;32398241;C;A
13;32398243;G;T
13;32398243;G;C
13;32398243;G;A
13;32398244;T;C
13;32398246;T;G
13;32398248;A;G
13;32398250;C;T
13;32398251;C;T
13;32398251;C;A
13;32398251;C;G
13;32398254;G;A
13;32398259;C;CT
13;32398259;C;T
13;32398261;T;A
13;32398261;T;G
13;32398264;A;G
13;32398266;G;T
13;32398267;T;C
13;32398267;T;A
13;32398271;G;A
13;32398272;T;G
13;32398276;G;A
13;32398276;G;C
13;32398279;GAGAA;G
13;32398280;A;G
13;32398283;A;G
13;32398284;A;G
13;32398287;G;A
13;32398296;C;T
13;32398298;A;C
13;32398299;A;G
13;32398307;G;A
13;32398313;A;C
13;32398313;A;G
13;32398317;A;C
13;32398320;AG;A
13;32398321;G;A
13;32398322;C;T
13;32398325;T;C
13;32398327;G;T
13;32398329;T;G
13;32398333;T;G
13;32398334;T;C
13;32398334;T;G
13;32398337;G;A
13;32398339;A;G
13;32398340;G;A
13;32398341;A;T
13;32398342;C;G
13;32398342;C;T
13;32398344;G;C
13;32398346;C;T
13;32398350;A;G
13;32398351;C;T
13;32398352;C;T
13;32398352;C;A
13;32398353;T;C
13;32398354;C;T
13;32398356;A;G
13;32398360;GTTAGTCCCATTTGTACA;G
13;32398362;T;A
13;32398363;A;G
13;32398367;C;T
13;32398371;T;A
13;32398372;T;C
13;32398375;A;G
13;32398376;C;T
13;32398377;A;C
13;32398377;A;G
13;32398382;T;C
13;32398385;C;G
13;32398388;C;A
13;32398388;C;T
13;32398389;G;A
13;32398395;A;T
13;32398397;A;C
13;32398398;G;A
13;32398403;C;CATTT
13;32398404;A;G
13;32398411;C;A
13;32398411;C;T
13;32398412;C;A
13;32398417;A;G
13;32398418;G;A
13;32398419;G;T
13;32398420;A;T
13;32398422;T;A
13;32398422;T;C
13;32398427;G;A
13;32398429;A;G
13;32398430;C;T
13;32398431;C;A
13;32398435;T;A
13;32398437;C;G
13;32398437;C;T
13;32398438;G;A
13;32398438;G;T
13;32398443;A;C
13;32398443;AC;A
13;32398447;A;G
13;32398448;T;C
13;32398449;A;G
13;32398452;GA;G
13;32398453;A;G
13;32398457;A;G
13;32398458;A;G
13;32398459;G;T
13;32398461;A;G
13;32398462;C;T
13;32398463;T;A
13;32398465;A;G
13;32398465;A;C
13;32398468;TCTC;T
13;32398469;C;T
13;32398469;C;A
13;32398474;C;T
13;32398476;G;T
13;32398479;G;GA
13;32398483;C;G
13;32398485;A;G
13;32398485;A;T
13;32398485;ATTTAAAAAATTCAATGAAATTTCTCTTTTGGAAAGTAATTCAATAGCTGACGAAGAACTTGCATTGATAAATACCCAAGCTCTTT;A
13;32398488;TA;T
13;32398488;T;TA
13;32398489;A;T
13;32398490;A;T
13;32398493;A;C
13;32398495;T;C
13;32398496;T;G
13;32398497;C;G
13;32398499;A;G
13;32398503;A;G
13;32398503;A;C
13;32398506;TTC;T
13;32398508;C;G
13;32398510;C;G
13;32398512;T;C
13;32398519;A;G
13;32398523;A;C
13;32398528;A;G
13;32398529;T;C
13;32398529;T;G
13;32398536;C;T
13;32398536;C;A
13;32398537;G;A
13;32398537;G;T
13;32398538;A;G
13;32398541;A;T
13;32398543;C;G
13;32398546;G;T
13;32398546;G;A
13;32398547;C;T
13;32398548;A;T
13;32398548;A;G
13;32398549;T;C
13;32398553;T;C
13;32398556;A;G
13;32398558;A;G
13;32398560;C;T
13;32398563;A;G
13;32398565;C;T
13;32398566;T;A
13;32398566;T;C
13;32398567;C;G
13;32398567;CT;C
13;32398568;T;C
13;32398570;T;C
13;32398574;CT;C
13;32398575;T;C
13;32398578;T;G
13;32398580;C;T
13;32398582;A;G
13;32398583;C;G
13;32398583;C;T
13;32398587;A;C
13;32398588;G;A
13;32398589;A;G
13;32398590;A;G
13;32398591;A;G
13;32398593;A;G
13;32398595;A;C
13;32398597;T;C
13;32398598;T;C
13;32398599;T;C
13;32398600;A;G
13;32398602;A;C
13;32398602;A;G
13;32398602;ATC;A
13;32398603;T;C
13;32398604;C;T
13;32398605;T;C
13;32398606;G;GTGAATTATA
13;32398606;G;A
13;32398608;C;T
13;32398608;C;CT
13;32398609;A;G
13;32398612;G;C
13;32398614;A;G
13;32398616;C;T
13;32398617;C;T
13;32398619;C;CT
13;32398620;T;C
13;32398620;T;G
13;32398621;A;G
13;32398622;G;C
13;32398623;G;A
13;32398624;A;G
13;32398626;T;C
13;32398627;G;C
13;32398627;G;A
13;32398628;C;G
13;32398630;C;T
13;32398631;C;T
13;32398632;C;T
13;32398633;A;G
13;32398634;C;T
13;32398635;C;T
13;32398637;G;A
13;32398637;G;T
13;32398640;C;G
13;32398644;A;G
13;32398644;A;C
13;32398646;A;G
13;32398649;A;C
13;32398655;G;C
13;32398656;A;G
13;32398657;C;T
13;32398663;C;T
13;32398664;G;A
13;32398665;A;T
13;32398665;A;G
13;32398666;C;T
13;32398666;CGTT;C
13;32398667;G;A
13;32398670;G;A
13;32398673;CT;C
13;32398673;C;T
13;32398673;C;G
13;32398674;T;G
13;32398675;A;G
13;32398676;C;A
13;32398678;T;G
13;32398679;C;T
13;32398680;T;G
13;32398683;G;C
13;32398684;A;G
13;32398686;C;G
13;32398686;CA;C
13;32398686;C;A
13;32398686;C;T
13;32398689;A;G
13;32398692;A;G
13;32398696;GA;G
13;32398699;A;G
13;32398701;T;C
13;32398704;C;T
13;32398707;G;A
13;32398708;G;A
13;32398709;C;G
13;32398712;G;A
13;32398715;C;T
13;32398716;G;C
13;32398716;G;A
13;32398717;G;A
13;32398724;G;A
13;32398733;AT;A
13;32398733;A;G
13;32398734;T;C
13;32398735;A;T
13;32398739;A;G
13;32398740;G;T
13;32398743;C;A
13;32398745;C;G
13;32398747;A;G
13;32398751;C;A
13;32398751;C;G
13;32398753;A;G
13;32398753;A;T
13;32398755;T;A
13;32398760;A;C
13;32398761;A;G
13;32398762;T;C
13;32398763;A;G
13;32398763;ATATC;A
13;32398764;T;C
13;32398765;A;G
13;32398767;C;G
13;32398767;CTA;C
13;32398769;A;G
13;32398770;A;G
13;32398771;G;C
13;32398772;C;T
13;32398777;G;A
13;32398783;G;T
13;32398784;C;T
13;32398784;C;A
13;32398785;G;A
13;32398786;A;G
13;32398787;CAAT;C
13;32398789;A;G
13;32398790;TAA;T
13;32398793;A;C
13;32398793;A;G
13;32398796;A;T
13;32398796;A;G
13;32398796;AT;A
13;32398797;T;G
13;32398801;C;T
13;32398801;C;G
13;32398802;G;T
13;32398802;G;A
13;32398802;G;GCTTA
13;32398804;T;C
13;32398807;A;T
13;32398807;A;G
13;32398808;C;T
13;32398809;C;A
13;32398810;T;C
13;32398814;C;T
13;32398816;G;T
13;32398817;T;G
13;32398820;A;G
13;32398824;G;A
13;32398833;A;G
13;32398835;A;C
13;32398836;A;G
13;32398840;C;T
